
LICENSE SYSTEM [202641 10:57:1] Next license update check is after 2026-04-01T21:11:09

Built from '2017.4/staging' branch; Version is '2017.4.40f1 (6e14067f8a9a) revision 7214086'; Using compiler version '160040219'
OS: 'Windows 10  (10.0.0) 64bit' Language: 'es' Physical Memory: 8110 MB
BatchMode: 0, IsHumanControllingUs: 1, StartBugReporterOnCrash: 1, Is64bit: 1, IsPro: 0
[Package Manager] Server::Start -- Port 57376 was selected

 COMMAND LINE ARGUMENTS:
C:\Program Files\Unity\Hub\Editor\2017.4.40f1\Editor\Unity.exe
C:/Users/dell/Documents/GitHub/Ice-Escape
Loading GUID <-> Path mappings...0.000090 seconds
Loading Asset Database...0.030445 seconds
Audio: FMOD Profiler initialized on port 54900
AssetDatabase consistency checks...0.449283 seconds
Refreshing native plugins compatible for Editor in 64.38 ms, found 0 plugins.
Preloading 0 native plugins for Editor in 0.00 ms.
[Package Manager] Resolving 4 packages:
[Package Manager]  * Package :  com.unity.ads@2.0.8
    (location: C:\Users\dell\AppData\Local\Unity\cache\packages\packages.unity.com\com.unity.ads@2.0.8)
[Package Manager]  * Package :  com.unity.analytics@2.0.13
    (location: C:\Users\dell\AppData\Local\Unity\cache\packages\packages.unity.com\com.unity.analytics@2.0.13)
[Package Manager]  * Package :  com.unity.purchasing@0.0.19
    (location: C:\Users\dell\AppData\Local\Unity\cache\packages\packages.unity.com\com.unity.purchasing@0.0.19)
[Package Manager]  * Package :  com.unity.standardevents@1.0.10
    (location: C:\Users\dell\AppData\Local\Unity\cache\packages\packages.unity.com\com.unity.standardevents@1.0.10)
[Package Manager] Resolve completed
IsTimeToCheckForNewEditor: Update time 1775054069 current 1775055458
Initialize engine version: 2017.4.40f1 (6e14067f8a9a)
GfxDevice: creating device client; threaded=1
Direct3D:
    Version:  Direct3D 11.0 [level 11.1]
    Renderer: NVIDIA GeForce GTX 1050 (ID=0x1c8d)
    Vendor:   NVIDIA
    VRAM:     4007 MB
    Driver:   32.0.15.8228
Initialize mono
Mono path[0] = 'C:/Program Files/Unity/Hub/Editor/2017.4.40f1/Editor/Data/Managed'
Mono path[1] = 'C:/Program Files/Unity/Hub/Editor/2017.4.40f1/Editor/Data/Mono/lib/mono/2.0'
Mono config path = 'C:/Program Files/Unity/Hub/Editor/2017.4.40f1/Editor/Data/Mono/etc'
Using monoOptions --debugger-agent=transport=dt_socket,embedding=1,defer=y,address=127.0.0.1:56828
Begin MonoManager ReloadAssembly
Refreshing native plugins compatible for Editor in 0.36 ms, found 4 plugins.
Initializing Unity.PackageManager (PackageManager) v2017.4.40 for Unity v2017.4.40f1
Registering precompiled unity dll's ...
Register platform support module: C:\Program Files\Unity\Hub\Editor\2017.4.40f1\Editor\Data\PlaybackEngines\AndroidPlayer/UnityEditor.Android.Extensions.dll
Register platform support module: C:\Program Files\Unity\Hub\Editor\2017.4.40f1\Editor\Data\PlaybackEngines\windowsstandalonesupport/UnityEditor.WindowsStandalone.Extensions.dll
Registered in 0.503274 seconds.
Registering platform support modules:
Registered platform support modules in: 0.7055835s.
Native extension for WindowsStandalone target not found
Native extension for Android target not found
Refreshing native plugins compatible for Editor in 0.94 ms, found 4 plugins.
Preloading 2 native plugins for Editor in 57.61 ms.
Mono: successfully reloaded assembly
- Completed reload, in  9.419 seconds
Platform modules already initialized, skipping
Begin MonoManager ReloadAssembly
Registering precompiled user dll's ...
Registered in 0.670764 seconds.
Initializing Unity.PackageManager (PackageManager) v2017.4.40 for Unity v2017.4.40f1
Registering platform support modules:
Registered platform support modules in: 0.0660428s.
Native extension for WindowsStandalone target not found
Native extension for Android target not found
Refreshing native plugins compatible for Editor in 0.39 ms, found 4 plugins.
Preloading 2 native plugins for Editor in 0.24 ms.
Mono: successfully reloaded assembly
- Completed reload, in  1.445 seconds
Platform modules already initialized, skipping
- Starting compile Library/ScriptAssemblies/Assembly-CSharp.dll

-----Compiler Commandline Arguments:
Filename: "C:\Program Files\Unity\Hub\Editor\2017.4.40f1\Editor\Data\MonoBleedingEdge\bin\mono.exe"
Arguments: "C:\Program Files\Unity\Hub\Editor\2017.4.40f1\Editor\Data\MonoBleedingEdge\lib\mono\4.5\mcs.exe"  @Temp/UnityTempFile-5311f214927383044ab1e2bdb5cced4a
index: 100
Responsefile: Temp/UnityTempFile-5311f214927383044ab1e2bdb5cced4a Contents: 
-debug
-target:library
-nowarn:0169
-langversion:4
-out:Temp/Assembly-CSharp.dll
-unsafe
-r:"C:/Program Files/Unity/Hub/Editor/2017.4.40f1/Editor/Data/Managed/UnityEditor.dll"
-r:"C:/Program Files/Unity/Hub/Editor/2017.4.40f1/Editor/Data/Managed/UnityEngine/UnityEngine.dll"
-r:"C:/Program Files/Unity/Hub/Editor/2017.4.40f1/Editor/Data/Managed/UnityEngine/UnityEngine.CoreModule.dll"
-r:"C:/Program Files/Unity/Hub/Editor/2017.4.40f1/Editor/Data/Managed/UnityEngine/UnityEngine.AccessibilityModule.dll"
-r:"C:/Program Files/Unity/Hub/Editor/2017.4.40f1/Editor/Data/Managed/UnityEngine/UnityEngine.ParticleSystemModule.dll"
-r:"C:/Program Files/Unity/Hub/Editor/2017.4.40f1/Editor/Data/Managed/UnityEngine/UnityEngine.PhysicsModule.dll"
-r:"C:/Program Files/Unity/Hub/Editor/2017.4.40f1/Editor/Data/Managed/UnityEngine/UnityEngine.VehiclesModule.dll"
-r:"C:/Program Files/Unity/Hub/Editor/2017.4.40f1/Editor/Data/Managed/UnityEngine/UnityEngine.ClothModule.dll"
-r:"C:/Program Files/Unity/Hub/Editor/2017.4.40f1/Editor/Data/Managed/UnityEngine/UnityEngine.AIModule.dll"
-r:"C:/Program Files/Unity/Hub/Editor/2017.4.40f1/Editor/Data/Managed/UnityEngine/UnityEngine.AnimationModule.dll"
-r:"C:/Program Files/Unity/Hub/Editor/2017.4.40f1/Editor/Data/Managed/UnityEngine/UnityEngine.TextRenderingModule.dll"
-r:"C:/Program Files/Unity/Hub/Editor/2017.4.40f1/Editor/Data/Managed/UnityEngine/UnityEngine.UIModule.dll"
-r:"C:/Program Files/Unity/Hub/Editor/2017.4.40f1/Editor/Data/Managed/UnityEngine/UnityEngine.TerrainPhysicsModule.dll"
-r:"C:/Program Files/Unity/Hub/Editor/2017.4.40f1/Editor/Data/Managed/UnityEngine/UnityEngine.IMGUIModule.dll"
-r:"C:/Program Files/Unity/Hub/Editor/2017.4.40f1/Editor/Data/Managed/UnityEngine/UnityEngine.ClusterInputModule.dll"
-r:"C:/Program Files/Unity/Hub/Editor/2017.4.40f1/Editor/Data/Managed/UnityEngine/UnityEngine.ClusterRendererModule.dll"
-r:"C:/Program Files/Unity/Hub/Editor/2017.4.40f1/Editor/Data/Managed/UnityEngine/UnityEngine.UNETModule.dll"
-r:"C:/Program Files/Unity/Hub/Editor/2017.4.40f1/Editor/Data/Managed/UnityEngine/UnityEngine.DirectorModule.dll"
-r:"C:/Program Files/Unity/Hub/Editor/2017.4.40f1/Editor/Data/Managed/UnityEngine/UnityEngine.UnityAnalyticsModule.dll"
-r:"C:/Program Files/Unity/Hub/Editor/2017.4.40f1/Editor/Data/Managed/UnityEngine/UnityEngine.PerformanceReportingModule.dll"
-r:"C:/Program Files/Unity/Hub/Editor/2017.4.40f1/Editor/Data/Managed/UnityEngine/UnityEngine.UnityConnectModule.dll"
-r:"C:/Program Files/Unity/Hub/Editor/2017.4.40f1/Editor/Data/Managed/UnityEngine/UnityEngine.WebModule.dll"
-r:"C:/Program Files/Unity/Hub/Editor/2017.4.40f1/Editor/Data/Managed/UnityEngine/UnityEngine.ARModule.dll"
-r:"C:/Program Files/Unity/Hub/Editor/2017.4.40f1/Editor/Data/Managed/UnityEngine/UnityEngine.VRModule.dll"
-r:"C:/Program Files/Unity/Hub/Editor/2017.4.40f1/Editor/Data/Managed/UnityEngine/UnityEngine.UIElementsModule.dll"
-r:"C:/Program Files/Unity/Hub/Editor/2017.4.40f1/Editor/Data/Managed/UnityEngine/UnityEngine.StyleSheetsModule.dll"
-r:"C:/Program Files/Unity/Hub/Editor/2017.4.40f1/Editor/Data/Managed/UnityEngine/UnityEngine.AssetBundleModule.dll"
-r:"C:/Program Files/Unity/Hub/Editor/2017.4.40f1/Editor/Data/Managed/UnityEngine/UnityEngine.AudioModule.dll"
-r:"C:/Program Files/Unity/Hub/Editor/2017.4.40f1/Editor/Data/Managed/UnityEngine/UnityEngine.CrashReportingModule.dll"
-r:"C:/Program Files/Unity/Hub/Editor/2017.4.40f1/Editor/Data/Managed/UnityEngine/UnityEngine.GameCenterModule.dll"
-r:"C:/Program Files/Unity/Hub/Editor/2017.4.40f1/Editor/Data/Managed/UnityEngine/UnityEngine.GridModule.dll"
-r:"C:/Program Files/Unity/Hub/Editor/2017.4.40f1/Editor/Data/Managed/UnityEngine/UnityEngine.ImageConversionModule.dll"
-r:"C:/Program Files/Unity/Hub/Editor/2017.4.40f1/Editor/Data/Managed/UnityEngine/UnityEngine.InputModule.dll"
-r:"C:/Program Files/Unity/Hub/Editor/2017.4.40f1/Editor/Data/Managed/UnityEngine/UnityEngine.JSONSerializeModule.dll"
-r:"C:/Program Files/Unity/Hub/Editor/2017.4.40f1/Editor/Data/Managed/UnityEngine/UnityEngine.ParticlesLegacyModule.dll"
-r:"C:/Program Files/Unity/Hub/Editor/2017.4.40f1/Editor/Data/Managed/UnityEngine/UnityEngine.Physics2DModule.dll"
-r:"C:/Program Files/Unity/Hub/Editor/2017.4.40f1/Editor/Data/Managed/UnityEngine/UnityEngine.ScreenCaptureModule.dll"
-r:"C:/Program Files/Unity/Hub/Editor/2017.4.40f1/Editor/Data/Managed/UnityEngine/UnityEngine.SharedInternalsModule.dll"
-r:"C:/Program Files/Unity/Hub/Editor/2017.4.40f1/Editor/Data/Managed/UnityEngine/UnityEngine.SpriteMaskModule.dll"
-r:"C:/Program Files/Unity/Hub/Editor/2017.4.40f1/Editor/Data/Managed/UnityEngine/UnityEngine.SpriteShapeModule.dll"
-r:"C:/Program Files/Unity/Hub/Editor/2017.4.40f1/Editor/Data/Managed/UnityEngine/UnityEngine.TerrainModule.dll"
-r:"C:/Program Files/Unity/Hub/Editor/2017.4.40f1/Editor/Data/Managed/UnityEngine/UnityEngine.TilemapModule.dll"
-r:"C:/Program Files/Unity/Hub/Editor/2017.4.40f1/Editor/Data/Managed/UnityEngine/UnityEngine.UnityWebRequestModule.dll"
-r:"C:/Program Files/Unity/Hub/Editor/2017.4.40f1/Editor/Data/Managed/UnityEngine/UnityEngine.UnityWebRequestAudioModule.dll"
-r:"C:/Program Files/Unity/Hub/Editor/2017.4.40f1/Editor/Data/Managed/UnityEngine/UnityEngine.UnityWebRequestTextureModule.dll"
-r:"C:/Program Files/Unity/Hub/Editor/2017.4.40f1/Editor/Data/Managed/UnityEngine/UnityEngine.UnityWebRequestWWWModule.dll"
-r:"C:/Program Files/Unity/Hub/Editor/2017.4.40f1/Editor/Data/Managed/UnityEngine/UnityEngine.VideoModule.dll"
-r:"C:/Program Files/Unity/Hub/Editor/2017.4.40f1/Editor/Data/Managed/UnityEngine/UnityEngine.WindModule.dll"
-r:"C:/Program Files/Unity/Hub/Editor/2017.4.40f1/Editor/Data/UnityExtensions/Unity/GUISystem/UnityEngine.UI.dll"
-r:"C:/Program Files/Unity/Hub/Editor/2017.4.40f1/Editor/Data/UnityExtensions/Unity/TestRunner/UnityEngine.TestRunner.dll"
-r:"C:/Program Files/Unity/Hub/Editor/2017.4.40f1/Editor/Data/UnityExtensions/Unity/TestRunner/net35/unity-custom/nunit.framework.dll"
-r:"C:/Program Files/Unity/Hub/Editor/2017.4.40f1/Editor/Data/UnityExtensions/Unity/Timeline/RuntimeEditor/UnityEngine.Timeline.dll"
-r:"C:/Program Files/Unity/Hub/Editor/2017.4.40f1/Editor/Data/UnityExtensions/Unity/UIAutomation/UnityEngine.UIAutomation.dll"
-r:"C:/Program Files/Unity/Hub/Editor/2017.4.40f1/Editor/Data/UnityExtensions/Unity/Networking/UnityEngine.Networking.dll"
-r:"C:/Program Files/Unity/Hub/Editor/2017.4.40f1/Editor/Data/UnityExtensions/Unity/UnityGoogleAudioSpatializer/RuntimeEditor/UnityEngine.GoogleAudioSpatializer.dll"
-r:"C:/Program Files/Unity/Hub/Editor/2017.4.40f1/Editor/Data/UnityExtensions/Unity/UnityHoloLens/RuntimeEditor/UnityEngine.HoloLens.dll"
-r:"C:/Program Files/Unity/Hub/Editor/2017.4.40f1/Editor/Data/UnityExtensions/Unity/UnitySpatialTracking/RuntimeEditor/UnityEngine.SpatialTracking.dll"
-r:C:/Users/dell/AppData/Local/Unity/cache/packages/packages.unity.com/com.unity.analytics@2.0.13/UnityEngine.Analytics.dll
-r:C:/Users/dell/AppData/Local/Unity/cache/packages/packages.unity.com/com.unity.purchasing@0.0.19/UnityEngine.Purchasing.dll
-r:C:/Users/dell/AppData/Local/Unity/cache/packages/packages.unity.com/com.unity.standardevents@1.0.10/UnityEngine.StandardEvents.dll
-define:UNITY_5_3_OR_NEWER
-define:UNITY_5_4_OR_NEWER
-define:UNITY_5_5_OR_NEWER
-define:UNITY_5_6_OR_NEWER
-define:UNITY_2017_1_OR_NEWER
-define:UNITY_2017_2_OR_NEWER
-define:UNITY_2017_3_OR_NEWER
-define:UNITY_2017_4_OR_NEWER
-define:UNITY_2017_4_40
-define:UNITY_2017_4
-define:UNITY_2017
-define:ENABLE_AUDIO
-define:ENABLE_CACHING
-define:ENABLE_CLOTH
-define:ENABLE_GENERICS
-define:ENABLE_PVR_GI
-define:ENABLE_MICROPHONE
-define:ENABLE_MULTIPLE_DISPLAYS
-define:ENABLE_PHYSICS
-define:ENABLE_SPRITERENDERER_FLIPPING
-define:ENABLE_SPRITES
-define:ENABLE_GRID
-define:ENABLE_TILEMAP
-define:ENABLE_TERRAIN
-define:ENABLE_RAKNET
-define:ENABLE_DIRECTOR
-define:ENABLE_UNET
-define:ENABLE_LZMA
-define:ENABLE_UNITYEVENTS
-define:ENABLE_WEBCAM
-define:ENABLE_WWW
-define:ENABLE_CLOUD_SERVICES_COLLAB
-define:ENABLE_CLOUD_SERVICES_COLLAB_SOFTLOCKS
-define:ENABLE_CLOUD_SERVICES_ADS
-define:ENABLE_CLOUD_HUB
-define:ENABLE_CLOUD_PROJECT_ID
-define:ENABLE_CLOUD_SERVICES_USE_WEBREQUEST
-define:ENABLE_CLOUD_SERVICES_UNET
-define:ENABLE_CLOUD_SERVICES_BUILD
-define:ENABLE_CLOUD_LICENSE
-define:ENABLE_EDITOR_HUB
-define:ENABLE_EDITOR_HUB_LICENSE
-define:ENABLE_WEBSOCKET_CLIENT
-define:ENABLE_DIRECTOR_AUDIO
-define:ENABLE_DIRECTOR_TEXTURE
-define:ENABLE_TIMELINE
-define:ENABLE_EDITOR_METRICS
-define:ENABLE_EDITOR_METRICS_CACHING
-define:ENABLE_NATIVE_ARRAY
-define:ENABLE_SPRITE_MASKING
-define:INCLUDE_DYNAMIC_GI
-define:INCLUDE_GI
-define:ENABLE_MONO_BDWGC
-define:PLATFORM_SUPPORTS_MONO
-define:INCLUDE_PUBNUB
-define:ENABLE_PLAYMODE_TESTS_RUNNER
-define:ENABLE_VIDEO
-define:ENABLE_RMGUI
-define:ENABLE_PACKMAN
-define:ENABLE_CUSTOM_RENDER_TEXTURE
-define:ENABLE_STYLE_SHEETS
-define:ENABLE_LOCALIZATION
-define:PLATFORM_ANDROID
-define:UNITY_ANDROID
-define:UNITY_ANDROID_API
-define:ENABLE_SUBSTANCE
-define:ENABLE_EGL
-define:ENABLE_NETWORK
-define:ENABLE_RUNTIME_GI
-define:ENABLE_CRUNCH_TEXTURE_COMPRESSION
-define:ENABLE_UNITYWEBREQUEST
-define:ENABLE_CLOUD_SERVICES
-define:ENABLE_CLOUD_SERVICES_ANALYTICS
-define:ENABLE_EVENT_QUEUE
-define:ENABLE_CLOUD_SERVICES_PURCHASING
-define:ENABLE_CLOUD_SERVICES_CRASH_REPORTING
-define:ENABLE_CLOUD_SERVICES_NATIVE_CRASH_REPORTING
-define:PLATFORM_SUPPORTS_ADS_ID
-define:UNITY_CAN_SHOW_SPLASH_SCREEN
-define:ENABLE_VR
-define:ENABLE_AR
-define:ENABLE_SPATIALTRACKING
-define:ENABLE_UNITYADS_RUNTIME
-define:UNITY_UNITYADS_API
-define:ENABLE_MONO
-define:NET_2_0_SUBSET
-define:ENABLE_PROFILER
-define:DEBUG
-define:TRACE
-define:UNITY_ASSERTIONS
-define:UNITY_EDITOR
-define:UNITY_EDITOR_64
-define:UNITY_EDITOR_WIN
-define:ENABLE_NATIVE_ARRAY_CHECKS
-define:UNITY_TEAM_LICENSE
-define:ENABLE_VSTU
-define:UNITY_HAS_GOOGLEVR
-define:UNITY_HAS_TANGO
Assets/CubeController.cs
Assets/EndGoal.cs
Assets/GyroscopeSceneController.cs
Assets/IceTrailPainter.cs
Assets/scene/LevelManager.cs
Assets/scene/SceneManager.cs
Assets/scene/tutorialImages.cs
Assets/UI/UILevel.cs
-r:"C:\Program Files\Unity\Hub\Editor\2017.4.40f1\Editor\Data\Mono\lib\mono\unity\System.Runtime.Serialization.dll"
-r:"C:\Program Files\Unity\Hub\Editor\2017.4.40f1\Editor\Data\Mono\lib\mono\unity\System.Xml.Linq.dll"
-r:"C:\Program Files\Unity\Hub\Editor\2017.4.40f1\Editor\Data\Mono\lib\mono\unity\UnityScript.dll"
-r:"C:\Program Files\Unity\Hub\Editor\2017.4.40f1\Editor\Data\Mono\lib\mono\unity\UnityScript.Lang.dll"
-r:"C:\Program Files\Unity\Hub\Editor\2017.4.40f1\Editor\Data\Mono\lib\mono\unity\Boo.Lang.dll"
-sdk:unity

-----CompilerOutput:-stdout--exitcode: 0--compilationhadfailure: False--outfile: Temp/Assembly-CSharp.dll
Compilation succeeded - 23 warning(s)
-----CompilerOutput:-stderr----------
Assets/IceTrailPainter.cs(4,1): warning CS0105: The using directive for `UnityEngine' appeared previously in this namespace
Assets/scene/LevelManager.cs(5,1): warning CS0105: The using directive for `System.Collections' appeared previously in this namespace
Assets/scene/SceneManager.cs(4,1): warning CS0105: The using directive for `System.Collections' appeared previously in this namespace
Assets/CubeController.cs(298,14): warning CS0219: The variable `hitWall' is assigned but its value is never used
Assets/EndGoal.cs(164,40): warning CS0618: `UnityEngine.Application.loadedLevelName' is obsolete: `Use SceneManager to determine what scenes have been loaded'
Assets/EndGoal.cs(212,29): warning CS0618: `UnityEngine.Application.LoadLevel(string)' is obsolete: `Use SceneManager.LoadScene'
Assets/EndGoal.cs(220,43): warning CS0618: `UnityEngine.Application.loadedLevelName' is obsolete: `Use SceneManager to determine what scenes have been loaded'
Assets/EndGoal.cs(220,21): warning CS0618: `UnityEngine.Application.LoadLevel(string)' is obsolete: `Use SceneManager.LoadScene'
Assets/EndGoal.cs(231,25): warning CS0618: `UnityEngine.Application.LoadLevel(string)' is obsolete: `Use SceneManager.LoadScene'
Assets/EndGoal.cs(235,25): warning CS0618: `UnityEngine.Application.LoadLevel(string)' is obsolete: `Use SceneManager.LoadScene'
Assets/scene/LevelManager.cs(29,25): warning CS0618: `UnityEngine.Application.LoadLevel(string)' is obsolete: `Use SceneManager.LoadScene'
Assets/scene/LevelManager.cs(49,25): warning CS0618: `UnityEngine.Application.LoadLevel(string)' is obsolete: `Use SceneManager.LoadScene'
Assets/scene/LevelManager.cs(63,21): warning CS0618: `UnityEngine.Application.LoadLevel(string)' is obsolete: `Use SceneManager.LoadScene'
Assets/scene/LevelManager.cs(72,25): warning CS0618: `UnityEngine.Application.LoadLevel(string)' is obsolete: `Use SceneManager.LoadScene'
Assets/scene/LevelManager.cs(76,25): warning CS0618: `UnityEngine.Application.LoadLevel(string)' is obsolete: `Use SceneManager.LoadScene'
Assets/scene/LevelManager.cs(82,21): warning CS0618: `UnityEngine.Application.LoadLevel(string)' is obsolete: `Use SceneManager.LoadScene'
Assets/scene/LevelManager.cs(88,21): warning CS0618: `UnityEngine.Application.LoadLevel(string)' is obsolete: `Use SceneManager.LoadScene'
Assets/scene/SceneManager.cs(11,21): warning CS0618: `UnityEngine.Application.LoadLevel(string)' is obsolete: `Use SceneManager.LoadScene'
Assets/scene/SceneManager.cs(17,21): warning CS0618: `UnityEngine.Application.LoadLevel(int)' is obsolete: `Use SceneManager.LoadScene'
Assets/scene/SceneManager.cs(23,21): warning CS0618: `UnityEngine.Application.LoadLevel(string)' is obsolete: `Use SceneManager.LoadScene'
Assets/scene/SceneManager.cs(29,21): warning CS0618: `UnityEngine.Application.LoadLevel(string)' is obsolete: `Use SceneManager.LoadScene'
Assets/scene/SceneManager.cs(37,25): warning CS0618: `UnityEngine.Application.LoadLevel(string)' is obsolete: `Use SceneManager.LoadScene'
Assets/CubeController.cs(72,21): warning CS0414: The private field `CubeController.lastDebugForce' is assigned but its value is never used
-----EndCompilerOutput---------------
- Finished compile Library/ScriptAssemblies/Assembly-CSharp.dll
Symbols will be read from Temp\Assembly-CSharp.dll.mdb
Script Module: Assembly-CSharp.dll
Pass: 0 took 4 milliseconds
Pass: 1 took 189 milliseconds
Assets/IceTrailPainter.cs(4,1): warning CS0105: The using directive for `UnityEngine' appeared previously in this namespace
 
(Filename: Assets/IceTrailPainter.cs Line: 4)

Assets/scene/LevelManager.cs(5,1): warning CS0105: The using directive for `System.Collections' appeared previously in this namespace
 
(Filename: Assets/scene/LevelManager.cs Line: 5)

Assets/scene/SceneManager.cs(4,1): warning CS0105: The using directive for `System.Collections' appeared previously in this namespace
 
(Filename: Assets/scene/SceneManager.cs Line: 4)

Assets/CubeController.cs(298,14): warning CS0219: The variable `hitWall' is assigned but its value is never used
 
(Filename: Assets/CubeController.cs Line: 298)

Assets/EndGoal.cs(164,40): warning CS0618: `UnityEngine.Application.loadedLevelName' is obsolete: `Use SceneManager to determine what scenes have been loaded'
 
(Filename: Assets/EndGoal.cs Line: 164)

Assets/EndGoal.cs(212,29): warning CS0618: `UnityEngine.Application.LoadLevel(string)' is obsolete: `Use SceneManager.LoadScene'
 
(Filename: Assets/EndGoal.cs Line: 212)

Assets/EndGoal.cs(220,43): warning CS0618: `UnityEngine.Application.loadedLevelName' is obsolete: `Use SceneManager to determine what scenes have been loaded'
 
(Filename: Assets/EndGoal.cs Line: 220)

Assets/EndGoal.cs(220,21): warning CS0618: `UnityEngine.Application.LoadLevel(string)' is obsolete: `Use SceneManager.LoadScene'
 
(Filename: Assets/EndGoal.cs Line: 220)

Assets/EndGoal.cs(231,25): warning CS0618: `UnityEngine.Application.LoadLevel(string)' is obsolete: `Use SceneManager.LoadScene'
 
(Filename: Assets/EndGoal.cs Line: 231)

Assets/EndGoal.cs(235,25): warning CS0618: `UnityEngine.Application.LoadLevel(string)' is obsolete: `Use SceneManager.LoadScene'
 
(Filename: Assets/EndGoal.cs Line: 235)

Assets/scene/LevelManager.cs(29,25): warning CS0618: `UnityEngine.Application.LoadLevel(string)' is obsolete: `Use SceneManager.LoadScene'
 
(Filename: Assets/scene/LevelManager.cs Line: 29)

Assets/scene/LevelManager.cs(49,25): warning CS0618: `UnityEngine.Application.LoadLevel(string)' is obsolete: `Use SceneManager.LoadScene'
 
(Filename: Assets/scene/LevelManager.cs Line: 49)

Assets/scene/LevelManager.cs(63,21): warning CS0618: `UnityEngine.Application.LoadLevel(string)' is obsolete: `Use SceneManager.LoadScene'
 
(Filename: Assets/scene/LevelManager.cs Line: 63)

Assets/scene/LevelManager.cs(72,25): warning CS0618: `UnityEngine.Application.LoadLevel(string)' is obsolete: `Use SceneManager.LoadScene'
 
(Filename: Assets/scene/LevelManager.cs Line: 72)

Assets/scene/LevelManager.cs(76,25): warning CS0618: `UnityEngine.Application.LoadLevel(string)' is obsolete: `Use SceneManager.LoadScene'
 
(Filename: Assets/scene/LevelManager.cs Line: 76)

Assets/scene/LevelManager.cs(82,21): warning CS0618: `UnityEngine.Application.LoadLevel(string)' is obsolete: `Use SceneManager.LoadScene'
 
(Filename: Assets/scene/LevelManager.cs Line: 82)

Assets/scene/LevelManager.cs(88,21): warning CS0618: `UnityEngine.Application.LoadLevel(string)' is obsolete: `Use SceneManager.LoadScene'
 
(Filename: Assets/scene/LevelManager.cs Line: 88)

Assets/scene/SceneManager.cs(11,21): warning CS0618: `UnityEngine.Application.LoadLevel(string)' is obsolete: `Use SceneManager.LoadScene'
 
(Filename: Assets/scene/SceneManager.cs Line: 11)

Assets/scene/SceneManager.cs(17,21): warning CS0618: `UnityEngine.Application.LoadLevel(int)' is obsolete: `Use SceneManager.LoadScene'
 
(Filename: Assets/scene/SceneManager.cs Line: 17)

Assets/scene/SceneManager.cs(23,21): warning CS0618: `UnityEngine.Application.LoadLevel(string)' is obsolete: `Use SceneManager.LoadScene'
 
(Filename: Assets/scene/SceneManager.cs Line: 23)

Assets/scene/SceneManager.cs(29,21): warning CS0618: `UnityEngine.Application.LoadLevel(string)' is obsolete: `Use SceneManager.LoadScene'
 
(Filename: Assets/scene/SceneManager.cs Line: 29)

Assets/scene/SceneManager.cs(37,25): warning CS0618: `UnityEngine.Application.LoadLevel(string)' is obsolete: `Use SceneManager.LoadScene'
 
(Filename: Assets/scene/SceneManager.cs Line: 37)

Assets/CubeController.cs(72,21): warning CS0414: The private field `CubeController.lastDebugForce' is assigned but its value is never used
 
(Filename: Assets/CubeController.cs Line: 72)

Reloading assemblies after script compilation.
Begin MonoManager ReloadAssembly
Initializing Unity.PackageManager (PackageManager) v2017.4.40 for Unity v2017.4.40f1
Registering platform support modules:
Registered platform support modules in: 0.0646775s.
Native extension for WindowsStandalone target not found
Native extension for Android target not found
Refreshing native plugins compatible for Editor in 0.39 ms, found 4 plugins.
Preloading 2 native plugins for Editor in 0.24 ms.
Mono: successfully reloaded assembly
- Completed reload, in  0.726 seconds
Platform modules already initialized, skipping
Validating Project structure ... 0.000599 seconds.
Refresh: detecting if any assets need to be imported or removed ... Refresh: elapses 0.004870 seconds (Nothing changed)
Warming cache for 157 main assets: 0.000278 seconds elapsed
Initializing Unity extensions:
 'C:/Program Files/Unity/Hub/Editor/2017.4.40f1/Editor/Data/UnityExtensions/Unity/UnityHoloLens/Editor/UnityEditor.HoloLens.dll'  GUID: 12fd8a0055b84bb59e84c9835a37e333
 'C:/Program Files/Unity/Hub/Editor/2017.4.40f1/Editor/Data/UnityExtensions/Unity/Timeline/Runtime/UnityEngine.Timeline.dll'  GUID: 6a10b2909283487f913b00d94cd3faf5
 'C:/Program Files/Unity/Hub/Editor/2017.4.40f1/Editor/Data/UnityExtensions/Unity/TestRunner/portable/nunit.framework.dll'  GUID: 405b9b51bb344a128608d968297df79c
 'C:/Program Files/Unity/Hub/Editor/2017.4.40f1/Editor/Data/UnityExtensions/Unity/GUISystem/Standalone/UnityEngine.UI.dll'  GUID: f70555f144d8491a825f0804e09c671c
 'C:/Program Files/Unity/Hub/Editor/2017.4.40f1/Editor/Data/UnityExtensions/Unity/GUISystem/UnityEngine.UI.dll'  GUID: f5f67c52d1564df4a8936ccd202a3bd8
 'C:/Program Files/Unity/Hub/Editor/2017.4.40f1/Editor/Data/UnityExtensions/Unity/Timeline/RuntimeEditor/UnityEngine.Timeline.dll'  GUID: 844f815391db42d49455cbf1a7bfc434
 'C:/Program Files/Unity/Hub/Editor/2017.4.40f1/Editor/Data/UnityExtensions/Unity/Networking/Standalone/UnityEngine.Networking.dll'  GUID: dc443db3e92b4983b9738c1131f555cb
 'C:/Program Files/Unity/Hub/Editor/2017.4.40f1/Editor/Data/UnityExtensions/Unity/UnitySpatialTracking/Runtime/UnityEngine.SpatialTracking.dll'  GUID: ed7343f30e3843b3afda8f8b02669cea
 'C:/Program Files/Unity/Hub/Editor/2017.4.40f1/Editor/Data/UnityExtensions/Unity/UnityGoogleAudioSpatializer/Editor/UnityEditor.GoogleAudioSpatializer.dll'  GUID: 4a3ecb1425d14502837abea459cf2b70
 'C:/Program Files/Unity/Hub/Editor/2017.4.40f1/Editor/Data/UnityExtensions/Unity/Networking/Editor/UnityEditor.Networking.dll'  GUID: 5f32cd94baa94578a686d4b9d6b660f7
 'C:/Program Files/Unity/Hub/Editor/2017.4.40f1/Editor/Data/UnityExtensions/Unity/UnityHoloLens/Runtime/UnityEngine.HoloLens.dll'  GUID: f7b54ff4a43d4fcf81b4538b678e0bcc
 'C:/Program Files/Unity/Hub/Editor/2017.4.40f1/Editor/Data/UnityExtensions/Unity/UnitySpatialTracking/Editor/UnityEditor.SpatialTracking.dll'  GUID: b5da970776034f77a070d99423d68791
 'C:/Program Files/Unity/Hub/Editor/2017.4.40f1/Editor/Data/UnityExtensions/Unity/TreeEditor/Editor/UnityEditor.TreeEditor.dll'  GUID: adebbd281f1a4ef3a30be7f21937e02f
 'C:/Program Files/Unity/Hub/Editor/2017.4.40f1/Editor/Data/UnityExtensions/Unity/Networking/UnityEngine.Networking.dll'  GUID: 870353891bb340e2b2a9c8707e7419ba
 'C:/Program Files/Unity/Hub/Editor/2017.4.40f1/Editor/Data/UnityExtensions/Unity/TestRunner/UnityEngine.TestRunner.dll'  GUID: 53ebcfaa2e1e4e2dbc85882cd5a73fa1
 'C:/Program Files/Unity/Hub/Editor/2017.4.40f1/Editor/Data/UnityExtensions/Unity/UnityGoogleAudioSpatializer/RuntimeEditor/UnityEngine.GoogleAudioSpatializer.dll'  GUID: ead147da21254ff9a0a936bdd75e1680
 'C:/Program Files/Unity/Hub/Editor/2017.4.40f1/Editor/Data/UnityExtensions/Unity/UnityGoogleAudioSpatializer/Runtime/UnityEngine.GoogleAudioSpatializer.dll'  GUID: e4f4cf1b9b434137a499903a7a1d651a
 'C:/Program Files/Unity/Hub/Editor/2017.4.40f1/Editor/Data/UnityExtensions/Unity/UnityVR/Editor/UnityEditor.VR.dll'  GUID: 4ba2329b63d54f0187bcaa12486b1b0f
 'C:/Program Files/Unity/Hub/Editor/2017.4.40f1/Editor/Data/UnityExtensions/Unity/UnityHoloLens/RuntimeEditor/UnityEngine.HoloLens.dll'  GUID: 1c6d1fbb51834b64847b1b73a75bfc77
 'C:/Program Files/Unity/Hub/Editor/2017.4.40f1/Editor/Data/UnityExtensions/Unity/UnitySpatialTracking/RuntimeEditor/UnityEngine.SpatialTracking.dll'  GUID: 3a84de5cd0624681b6b6dcd8921d912a
 'C:/Program Files/Unity/Hub/Editor/2017.4.40f1/Editor/Data/UnityExtensions/Unity/GUISystem/Editor/UnityEditor.UI.dll'  GUID: 80a3616ca19596e4da0f10f14d241e9f
 'C:/Program Files/Unity/Hub/Editor/2017.4.40f1/Editor/Data/UnityExtensions/Unity/UIAutomation/UnityEngine.UIAutomation.dll'  GUID: c768acbc9cf24d398488bb4c93b91288
 'C:/Program Files/Unity/Hub/Editor/2017.4.40f1/Editor/Data/UnityExtensions/Unity/TestRunner/Editor/UnityEditor.TestRunner.dll'  GUID: 4113173d5e95493ab8765d7b08371de4
 'C:/Program Files/Unity/Hub/Editor/2017.4.40f1/Editor/Data/UnityExtensions/Unity/TestRunner/net35/unity-custom/nunit.framework.dll'  GUID: 4b3fa4bde7f1451a8218c03ee6a8ded8
 'C:/Program Files/Unity/Hub/Editor/2017.4.40f1/Editor/Data/UnityExtensions/Unity/UIAutomation/Editor/UnityEditor.UIAutomation.dll'  GUID: b8a0574e92bd43a59e19d6c3c6ae54c7
 'C:/Program Files/Unity/Hub/Editor/2017.4.40f1/Editor/Data/UnityExtensions/Unity/Timeline/Editor/UnityEditor.Timeline.dll'  GUID: 7668179ede524d6396c8b7d84461ea29
Unloading 109 Unused Serialized files (Serialized files now loaded: 0)
System memory in use before: 32.2 MB.
System memory in use after: 32.2 MB.

Unloading 82 unused Assets to reduce memory usage. Loaded Objects now: 678.
Total: 1.054200 ms (FindLiveObjects: 0.196200 ms CreateObjectMapping: 0.013000 ms MarkObjects: 0.820600 ms  DeleteObjects: 0.018300 ms)

<RI> Initialized touch support.
<RI> Initialized touch support.
<RI> Initialized touch support.
<RI> Initialized touch support.
<RI> Initialized touch support.
<RI> Initialized touch support.
<RI> Initializing input.
<RI> Input initialized.
Launched and connected shader compiler UnityShaderCompiler.exe after 0.09 seconds
EditorUpdateCheck: Failed The requested URL returned error: 404 Not Found
Created GICache directory at C:/Users/dell/AppData/LocalLow/Unity/Caches/GiCache. Took: 0.044s, timestamps: [61.604 - 61.647]
Issue TrimJob to reduce GI Cache size to maximum 10GB at: 'C:/Users/dell/AppData/LocalLow/Unity/Caches/GiCache'
[00:00:01] Enlighten: Precompute started.
[PathTracer] Issuing atlassing job. Atlas hash: bc06a9703e5ae257241f86e6e5e9cb62, width: 1024, height: 1024
TrimDiskCacheJob: Current cache size 0mb
[00:00:02] Enlighten: Finished 1 Layout Systems job (0.00s execute, 0.00s integrate, 0.06s wallclock)
[00:00:02] Enlighten: Finished 1 Tetrahedralize Probes job (0.00s execute, 0.00s integrate, 0.06s wallclock)
[00:00:02] Enlighten: Precompute took 0.128253 seconds.
Enlighten scene contents:   0 geometries.   0 instances.   0 systems.   0 probe groups.   0 cube maps. Scene is up-to-date.
[00:00:02] Enlighten: Bake started.
[PathTracer][LP] Issuing deduplication and tetrahedralization job. Combined: 80257199cfa681a16be5e09b3c2208f4, tetrahedralized probes: 00000000000000000000000000000000, non-tetrahedralized probes: 00000000000000000000000000000000, dependencies: 00000000000000000000000000000000
Setting up 2 worker threads for Enlighten.
  Thread -> id: 1154 -> priority: 1 
  Thread -> id: 192c -> priority: 1 
[PathTracer][LP] Integrating deduplicated and tetrahedralized probes for hash 80257199cfa681a16be5e09b3c2208f4.
[00:00:02] Enlighten: Finished 1 Bake Runtime job (0.08s execute, 0.00s integrate, 0.12s wallclock)
[00:00:02] Enlighten: Bake took 0.118146 seconds.
[PathTracer] Common reset.
[PathTracer] Lightmap reset.
[PathTracer][LP] Light probes reset.
[PathTracer] building lightmap data asset.
[00:00:02] Enlighten: Reflection Probes started.
[00:00:02] Enlighten: Finished 1 Ambient Probes job (0.01s execute, 0.00s integrate, 0.06s wallclock)
[00:00:02] Enlighten: Finished 1 Reflection Probes job (0.01s execute, 0.00s integrate, 0.06s wallclock)
<RI> Initialized touch support.
OperationID 6 Done
OperationID 7 Done
Current xiaomi package version is empty
Latest xiaomi package version is 1.0.0
WARNING: Shader Unsupported: 'Hidden/VideoDecodeAndroid' - Pass 'RGBAEXTERNAL_TO_RGBA' has no vertex shader
WARNING: Shader Unsupported: 'Hidden/VideoDecodeAndroid' - Setting to default shader.
<RI> Initialized touch support.
<RI> Initialized touch support.
OperationID 8 Done
OperationID 9 Done
Current xiaomi package version is empty
Latest xiaomi package version is 1.0.0
WARNING: Shader Unsupported: 'Hidden/VideoDecodeOSX' - Pass 'FLIP_RGBARECT_TO_RGBA' has no vertex shader
WARNING: Shader Unsupported: 'Hidden/VideoDecodeOSX' - Setting to default shader.
Android PostProcess task "Checking prerequisites" took 22.0807 ms
 Mapping new ns http://schemas.android.com/repository/android/common/02 to old ns http://schemas.android.com/repository/android/common/01
UnityEngine.DebugLogHandler:Internal_Log(LogType, String, Object)
UnityEngine.DebugLogHandler:LogFormat(LogType, Object, String, Object[])
UnityEngine.Logger:Log(LogType, Object)
UnityEngine.Debug:LogWarning(Object)
UnityEditor.Android.AndroidSDKTools:DetectErrorsAndWarnings(String, String)
UnityEditor.Android.AndroidSDKTools:RunAndroidSdkTool(String, String, Boolean, WaitingForProcessToExit, String)
UnityEditor.Android.AndroidSDKTools:ListTargetPlatforms(WaitingForProcessToExit)
UnityEditor.Android.AndroidSDKTools:GetTopAndroidPlatformAvailable(WaitingForProcessToExit)
UnityEditor.Android.PostProcessor.Tasks.SDKPlatformDetector:GetVersion(AndroidSDKTools)
UnityEditor.Android.PostProcessor.Tasks.SDKComponentDetector:Detect(AndroidSDKTools, Version, ProgressHandler)
UnityEditor.Android.PostProcessor.Tasks.CheckAndroidSDK:EnsureSDKComponentVersion(Version, SDKComponentDetector)
UnityEditor.Android.PostProcessor.Tasks.CheckAndroidSDK:EnsureSDKComponentVersion(Int32, SDKComponentDetector)
UnityEditor.Android.PostProcessor.Tasks.CheckAndroidSDK:Execute(PostProcessorContext)
UnityEditor.Android.PostProcessor.PostProcessRunner:RunAllTasks(PostProcessorContext)
UnityEditor.Android.PostProcessAndroidPlayer:PrepareForBuild(BuildOptions, BuildTarget)
UnityEditor.Android.AndroidBuildPostprocessor:PrepareForBuild(BuildOptions, BuildTarget)
UnityEditor.PostprocessBuildPlayer:PrepareForBuild(BuildOptions, BuildTargetGroup, BuildTarget) (at C:\buildslave\unity\build\Editor\Mono\BuildPipeline\PostprocessBuildPlayer.cs:87)
UnityEditor.BuildPipeline:BuildPlayerInternalNoCheck(String[], String, String, BuildTargetGroup, BuildTarget, BuildOptions, Boolean)
UnityEditor.DefaultBuildMethods:BuildPlayer(BuildPlayerOptions) (at C:\buildslave\unity\build\Editor\Mono\BuildPlayerWindowBuildMethods.cs:164)
UnityEditor.BuildPlayerWindow:CallBuildMethods(Boolean, BuildOptions) (at C:\buildslave\unity\build\Editor\Mono\BuildPlayerWindowBuildMethods.cs:88)
UnityEditor.BuildPlayerWindow:GUIBuildButtons(IBuildWindowExtension, Boolean, Boolean, Boolean, BuildPlatform) (at C:\buildslave\unity\build\Editor\Mono\BuildPlayerWindow.cs:882)
UnityEditor.BuildPlayerWindow:ShowBuildTargetSettings() (at C:\buildslave\unity\build\Editor\Mono\BuildPlayerWindow.cs:812)
UnityEditor.BuildPlayerWindow:OnGUI() (at C:\buildslave\unity\build\Editor\Mono\BuildPlayerWindow.cs:426)
System.Reflection.MonoMethod:InternalInvoke(Object, Object[], Exception&)
System.Reflection.MonoMethod:Invoke(Object, BindingFlags, Binder, Object[], CultureInfo) (at /Users/builduser/buildslave/mono/build/mcs/class/corlib/System.Reflection/MonoMethod.cs:222)
System.Reflection.MethodBase:Invoke(Object, Object[]) (at /Users/builduser/buildslave/mono/build/mcs/class/corlib/System.Reflection/MethodBase.cs:115)
UnityEditor.HostView:Invoke(String, Object) (at C:\buildslave\unity\build\Editor\Mono\HostView.cs:295)
UnityEditor.HostView:Invoke(String) (at C:\buildslave\unity\build\Editor\Mono\HostView.cs:288)
UnityEditor.HostView:OldOnGUI() (at C:\buildslave\unity\build\Editor\Mono\HostView.cs:107)
UnityEngine.Experimental.UIElements.IMGUIContainer:DoOnGUI(Event) (at C:\buildslave\unity\build\Runtime\UIElements\Managed\IMGUIContainer.cs:183)
UnityEngine.Experimental.UIElements.IMGUIContainer:HandleIMGUIEvent(Event) (at C:\buildslave\unity\build\Runtime\UIElements\Managed\IMGUIContainer.cs:339)
UnityEngine.Experimental.UIElements.IMGUIContainer:HandleEvent(EventBase) (at C:\buildslave\unity\build\Runtime\UIElements\Managed\IMGUIContainer.cs:318)
UnityEngine.Experimental.UIElements.EventDispatcher:DispatchEvent(EventBase, IPanel) (at C:\buildslave\unity\build\Runtime\UIElements\Managed\EventDispatcher.cs:250)
UnityEngine.Experimental.UIElements.UIElementsUtility:DoDispatch(BaseVisualElementPanel) (at C:\buildslave\unity\build\Runtime\UIElements\Managed\UIElementsUtility.cs:256)
UnityEngine.Experimental.UIElements.UIElementsUtility:ProcessEvent(Int32, IntPtr) (at C:\buildslave\unity\build\Runtime\UIElements\Managed\UIElementsUtility.cs:78)
UnityEngine.GUIUtility:ProcessEvent(Int32, IntPtr) (at C:\buildslave\unity\build\Runtime\IMGUI\Managed\GUIUtility.cs:175)
 
(Filename: /Users/builduser/buildslave/mono/build/mcs/class/corlib/System.Reflection/MonoMethod.cs Line: 222)

 Mapping new ns http://schemas.android.com/repository/android/generic/02 to old ns http://schemas.android.com/repository/android/generic/01
UnityEngine.DebugLogHandler:Internal_Log(LogType, String, Object)
UnityEngine.DebugLogHandler:LogFormat(LogType, Object, String, Object[])
UnityEngine.Logger:Log(LogType, Object)
UnityEngine.Debug:LogWarning(Object)
UnityEditor.Android.AndroidSDKTools:DetectErrorsAndWarnings(String, String)
UnityEditor.Android.AndroidSDKTools:RunAndroidSdkTool(String, String, Boolean, WaitingForProcessToExit, String)
UnityEditor.Android.AndroidSDKTools:ListTargetPlatforms(WaitingForProcessToExit)
UnityEditor.Android.AndroidSDKTools:GetTopAndroidPlatformAvailable(WaitingForProcessToExit)
UnityEditor.Android.PostProcessor.Tasks.SDKPlatformDetector:GetVersion(AndroidSDKTools)
UnityEditor.Android.PostProcessor.Tasks.SDKComponentDetector:Detect(AndroidSDKTools, Version, ProgressHandler)
UnityEditor.Android.PostProcessor.Tasks.CheckAndroidSDK:EnsureSDKComponentVersion(Version, SDKComponentDetector)
UnityEditor.Android.PostProcessor.Tasks.CheckAndroidSDK:EnsureSDKComponentVersion(Int32, SDKComponentDetector)
UnityEditor.Android.PostProcessor.Tasks.CheckAndroidSDK:Execute(PostProcessorContext)
UnityEditor.Android.PostProcessor.PostProcessRunner:RunAllTasks(PostProcessorContext)
UnityEditor.Android.PostProcessAndroidPlayer:PrepareForBuild(BuildOptions, BuildTarget)
UnityEditor.Android.AndroidBuildPostprocessor:PrepareForBuild(BuildOptions, BuildTarget)
UnityEditor.PostprocessBuildPlayer:PrepareForBuild(BuildOptions, BuildTargetGroup, BuildTarget) (at C:\buildslave\unity\build\Editor\Mono\BuildPipeline\PostprocessBuildPlayer.cs:87)
UnityEditor.BuildPipeline:BuildPlayerInternalNoCheck(String[], String, String, BuildTargetGroup, BuildTarget, BuildOptions, Boolean)
UnityEditor.DefaultBuildMethods:BuildPlayer(BuildPlayerOptions) (at C:\buildslave\unity\build\Editor\Mono\BuildPlayerWindowBuildMethods.cs:164)
UnityEditor.BuildPlayerWindow:CallBuildMethods(Boolean, BuildOptions) (at C:\buildslave\unity\build\Editor\Mono\BuildPlayerWindowBuildMethods.cs:88)
UnityEditor.BuildPlayerWindow:GUIBuildButtons(IBuildWindowExtension, Boolean, Boolean, Boolean, BuildPlatform) (at C:\buildslave\unity\build\Editor\Mono\BuildPlayerWindow.cs:882)
UnityEditor.BuildPlayerWindow:ShowBuildTargetSettings() (at C:\buildslave\unity\build\Editor\Mono\BuildPlayerWindow.cs:812)
UnityEditor.BuildPlayerWindow:OnGUI() (at C:\buildslave\unity\build\Editor\Mono\BuildPlayerWindow.cs:426)
System.Reflection.MonoMethod:InternalInvoke(Object, Object[], Exception&)
System.Reflection.MonoMethod:Invoke(Object, BindingFlags, Binder, Object[], CultureInfo) (at /Users/builduser/buildslave/mono/build/mcs/class/corlib/System.Reflection/MonoMethod.cs:222)
System.Reflection.MethodBase:Invoke(Object, Object[]) (at /Users/builduser/buildslave/mono/build/mcs/class/corlib/System.Reflection/MethodBase.cs:115)
UnityEditor.HostView:Invoke(String, Object) (at C:\buildslave\unity\build\Editor\Mono\HostView.cs:295)
UnityEditor.HostView:Invoke(String) (at C:\buildslave\unity\build\Editor\Mono\HostView.cs:288)
UnityEditor.HostView:OldOnGUI() (at C:\buildslave\unity\build\Editor\Mono\HostView.cs:107)
UnityEngine.Experimental.UIElements.IMGUIContainer:DoOnGUI(Event) (at C:\buildslave\unity\build\Runtime\UIElements\Managed\IMGUIContainer.cs:183)
UnityEngine.Experimental.UIElements.IMGUIContainer:HandleIMGUIEvent(Event) (at C:\buildslave\unity\build\Runtime\UIElements\Managed\IMGUIContainer.cs:339)
UnityEngine.Experimental.UIElements.IMGUIContainer:HandleEvent(EventBase) (at C:\buildslave\unity\build\Runtime\UIElements\Managed\IMGUIContainer.cs:318)
UnityEngine.Experimental.UIElements.EventDispatcher:DispatchEvent(EventBase, IPanel) (at C:\buildslave\unity\build\Runtime\UIElements\Managed\EventDispatcher.cs:250)
UnityEngine.Experimental.UIElements.UIElementsUtility:DoDispatch(BaseVisualElementPanel) (at C:\buildslave\unity\build\Runtime\UIElements\Managed\UIElementsUtility.cs:256)
UnityEngine.Experimental.UIElements.UIElementsUtility:ProcessEvent(Int32, IntPtr) (at C:\buildslave\unity\build\Runtime\UIElements\Managed\UIElementsUtility.cs:78)
UnityEngine.GUIUtility:ProcessEvent(Int32, IntPtr) (at C:\buildslave\unity\build\Runtime\IMGUI\Managed\GUIUtility.cs:175)
 
(Filename: /Users/builduser/buildslave/mono/build/mcs/class/corlib/System.Reflection/MonoMethod.cs Line: 222)

 Mapping new ns http://schemas.android.com/sdk/android/repo/addon2/02 to old ns http://schemas.android.com/sdk/android/repo/addon2/01
UnityEngine.DebugLogHandler:Internal_Log(LogType, String, Object)
UnityEngine.DebugLogHandler:LogFormat(LogType, Object, String, Object[])
UnityEngine.Logger:Log(LogType, Object)
UnityEngine.Debug:LogWarning(Object)
UnityEditor.Android.AndroidSDKTools:DetectErrorsAndWarnings(String, String)
UnityEditor.Android.AndroidSDKTools:RunAndroidSdkTool(String, String, Boolean, WaitingForProcessToExit, String)
UnityEditor.Android.AndroidSDKTools:ListTargetPlatforms(WaitingForProcessToExit)
UnityEditor.Android.AndroidSDKTools:GetTopAndroidPlatformAvailable(WaitingForProcessToExit)
UnityEditor.Android.PostProcessor.Tasks.SDKPlatformDetector:GetVersion(AndroidSDKTools)
UnityEditor.Android.PostProcessor.Tasks.SDKComponentDetector:Detect(AndroidSDKTools, Version, ProgressHandler)
UnityEditor.Android.PostProcessor.Tasks.CheckAndroidSDK:EnsureSDKComponentVersion(Version, SDKComponentDetector)
UnityEditor.Android.PostProcessor.Tasks.CheckAndroidSDK:EnsureSDKComponentVersion(Int32, SDKComponentDetector)
UnityEditor.Android.PostProcessor.Tasks.CheckAndroidSDK:Execute(PostProcessorContext)
UnityEditor.Android.PostProcessor.PostProcessRunner:RunAllTasks(PostProcessorContext)
UnityEditor.Android.PostProcessAndroidPlayer:PrepareForBuild(BuildOptions, BuildTarget)
UnityEditor.Android.AndroidBuildPostprocessor:PrepareForBuild(BuildOptions, BuildTarget)
UnityEditor.PostprocessBuildPlayer:PrepareForBuild(BuildOptions, BuildTargetGroup, BuildTarget) (at C:\buildslave\unity\build\Editor\Mono\BuildPipeline\PostprocessBuildPlayer.cs:87)
UnityEditor.BuildPipeline:BuildPlayerInternalNoCheck(String[], String, String, BuildTargetGroup, BuildTarget, BuildOptions, Boolean)
UnityEditor.DefaultBuildMethods:BuildPlayer(BuildPlayerOptions) (at C:\buildslave\unity\build\Editor\Mono\BuildPlayerWindowBuildMethods.cs:164)
UnityEditor.BuildPlayerWindow:CallBuildMethods(Boolean, BuildOptions) (at C:\buildslave\unity\build\Editor\Mono\BuildPlayerWindowBuildMethods.cs:88)
UnityEditor.BuildPlayerWindow:GUIBuildButtons(IBuildWindowExtension, Boolean, Boolean, Boolean, BuildPlatform) (at C:\buildslave\unity\build\Editor\Mono\BuildPlayerWindow.cs:882)
UnityEditor.BuildPlayerWindow:ShowBuildTargetSettings() (at C:\buildslave\unity\build\Editor\Mono\BuildPlayerWindow.cs:812)
UnityEditor.BuildPlayerWindow:OnGUI() (at C:\buildslave\unity\build\Editor\Mono\BuildPlayerWindow.cs:426)
System.Reflection.MonoMethod:InternalInvoke(Object, Object[], Exception&)
System.Reflection.MonoMethod:Invoke(Object, BindingFlags, Binder, Object[], CultureInfo) (at /Users/builduser/buildslave/mono/build/mcs/class/corlib/System.Reflection/MonoMethod.cs:222)
System.Reflection.MethodBase:Invoke(Object, Object[]) (at /Users/builduser/buildslave/mono/build/mcs/class/corlib/System.Reflection/MethodBase.cs:115)
UnityEditor.HostView:Invoke(String, Object) (at C:\buildslave\unity\build\Editor\Mono\HostView.cs:295)
UnityEditor.HostView:Invoke(String) (at C:\buildslave\unity\build\Editor\Mono\HostView.cs:288)
UnityEditor.HostView:OldOnGUI() (at C:\buildslave\unity\build\Editor\Mono\HostView.cs:107)
UnityEngine.Experimental.UIElements.IMGUIContainer:DoOnGUI(Event) (at C:\buildslave\unity\build\Runtime\UIElements\Managed\IMGUIContainer.cs:183)
UnityEngine.Experimental.UIElements.IMGUIContainer:HandleIMGUIEvent(Event) (at C:\buildslave\unity\build\Runtime\UIElements\Managed\IMGUIContainer.cs:339)
UnityEngine.Experimental.UIElements.IMGUIContainer:HandleEvent(EventBase) (at C:\buildslave\unity\build\Runtime\UIElements\Managed\IMGUIContainer.cs:318)
UnityEngine.Experimental.UIElements.EventDispatcher:DispatchEvent(EventBase, IPanel) (at C:\buildslave\unity\build\Runtime\UIElements\Managed\EventDispatcher.cs:250)
UnityEngine.Experimental.UIElements.UIElementsUtility:DoDispatch(BaseVisualElementPanel) (at C:\buildslave\unity\build\Runtime\UIElements\Managed\UIElementsUtility.cs:256)
UnityEngine.Experimental.UIElements.UIElementsUtility:ProcessEvent(Int32, IntPtr) (at C:\buildslave\unity\build\Runtime\UIElements\Managed\UIElementsUtility.cs:78)
UnityEngine.GUIUtility:ProcessEvent(Int32, IntPtr) (at C:\buildslave\unity\build\Runtime\IMGUI\Managed\GUIUtility.cs:175)
 
(Filename: /Users/builduser/buildslave/mono/build/mcs/class/corlib/System.Reflection/MonoMethod.cs Line: 222)

 Mapping new ns http://schemas.android.com/sdk/android/repo/addon2/03 to old ns http://schemas.android.com/sdk/android/repo/addon2/01
UnityEngine.DebugLogHandler:Internal_Log(LogType, String, Object)
UnityEngine.DebugLogHandler:LogFormat(LogType, Object, String, Object[])
UnityEngine.Logger:Log(LogType, Object)
UnityEngine.Debug:LogWarning(Object)
UnityEditor.Android.AndroidSDKTools:DetectErrorsAndWarnings(String, String)
UnityEditor.Android.AndroidSDKTools:RunAndroidSdkTool(String, String, Boolean, WaitingForProcessToExit, String)
UnityEditor.Android.AndroidSDKTools:ListTargetPlatforms(WaitingForProcessToExit)
UnityEditor.Android.AndroidSDKTools:GetTopAndroidPlatformAvailable(WaitingForProcessToExit)
UnityEditor.Android.PostProcessor.Tasks.SDKPlatformDetector:GetVersion(AndroidSDKTools)
UnityEditor.Android.PostProcessor.Tasks.SDKComponentDetector:Detect(AndroidSDKTools, Version, ProgressHandler)
UnityEditor.Android.PostProcessor.Tasks.CheckAndroidSDK:EnsureSDKComponentVersion(Version, SDKComponentDetector)
UnityEditor.Android.PostProcessor.Tasks.CheckAndroidSDK:EnsureSDKComponentVersion(Int32, SDKComponentDetector)
UnityEditor.Android.PostProcessor.Tasks.CheckAndroidSDK:Execute(PostProcessorContext)
UnityEditor.Android.PostProcessor.PostProcessRunner:RunAllTasks(PostProcessorContext)
UnityEditor.Android.PostProcessAndroidPlayer:PrepareForBuild(BuildOptions, BuildTarget)
UnityEditor.Android.AndroidBuildPostprocessor:PrepareForBuild(BuildOptions, BuildTarget)
UnityEditor.PostprocessBuildPlayer:PrepareForBuild(BuildOptions, BuildTargetGroup, BuildTarget) (at C:\buildslave\unity\build\Editor\Mono\BuildPipeline\PostprocessBuildPlayer.cs:87)
UnityEditor.BuildPipeline:BuildPlayerInternalNoCheck(String[], String, String, BuildTargetGroup, BuildTarget, BuildOptions, Boolean)
UnityEditor.DefaultBuildMethods:BuildPlayer(BuildPlayerOptions) (at C:\buildslave\unity\build\Editor\Mono\BuildPlayerWindowBuildMethods.cs:164)
UnityEditor.BuildPlayerWindow:CallBuildMethods(Boolean, BuildOptions) (at C:\buildslave\unity\build\Editor\Mono\BuildPlayerWindowBuildMethods.cs:88)
UnityEditor.BuildPlayerWindow:GUIBuildButtons(IBuildWindowExtension, Boolean, Boolean, Boolean, BuildPlatform) (at C:\buildslave\unity\build\Editor\Mono\BuildPlayerWindow.cs:882)
UnityEditor.BuildPlayerWindow:ShowBuildTargetSettings() (at C:\buildslave\unity\build\Editor\Mono\BuildPlayerWindow.cs:812)
UnityEditor.BuildPlayerWindow:OnGUI() (at C:\buildslave\unity\build\Editor\Mono\BuildPlayerWindow.cs:426)
System.Reflection.MonoMethod:InternalInvoke(Object, Object[], Exception&)
System.Reflection.MonoMethod:Invoke(Object, BindingFlags, Binder, Object[], CultureInfo) (at /Users/builduser/buildslave/mono/build/mcs/class/corlib/System.Reflection/MonoMethod.cs:222)
System.Reflection.MethodBase:Invoke(Object, Object[]) (at /Users/builduser/buildslave/mono/build/mcs/class/corlib/System.Reflection/MethodBase.cs:115)
UnityEditor.HostView:Invoke(String, Object) (at C:\buildslave\unity\build\Editor\Mono\HostView.cs:295)
UnityEditor.HostView:Invoke(String) (at C:\buildslave\unity\build\Editor\Mono\HostView.cs:288)
UnityEditor.HostView:OldOnGUI() (at C:\buildslave\unity\build\Editor\Mono\HostView.cs:107)
UnityEngine.Experimental.UIElements.IMGUIContainer:DoOnGUI(Event) (at C:\buildslave\unity\build\Runtime\UIElements\Managed\IMGUIContainer.cs:183)
UnityEngine.Experimental.UIElements.IMGUIContainer:HandleIMGUIEvent(Event) (at C:\buildslave\unity\build\Runtime\UIElements\Managed\IMGUIContainer.cs:339)
UnityEngine.Experimental.UIElements.IMGUIContainer:HandleEvent(EventBase) (at C:\buildslave\unity\build\Runtime\UIElements\Managed\IMGUIContainer.cs:318)
UnityEngine.Experimental.UIElements.EventDispatcher:DispatchEvent(EventBase, IPanel) (at C:\buildslave\unity\build\Runtime\UIElements\Managed\EventDispatcher.cs:250)
UnityEngine.Experimental.UIElements.UIElementsUtility:DoDispatch(BaseVisualElementPanel) (at C:\buildslave\unity\build\Runtime\UIElements\Managed\UIElementsUtility.cs:256)
UnityEngine.Experimental.UIElements.UIElementsUtility:ProcessEvent(Int32, IntPtr) (at C:\buildslave\unity\build\Runtime\UIElements\Managed\UIElementsUtility.cs:78)
UnityEngine.GUIUtility:ProcessEvent(Int32, IntPtr) (at C:\buildslave\unity\build\Runtime\IMGUI\Managed\GUIUtility.cs:175)
 
(Filename: /Users/builduser/buildslave/mono/build/mcs/class/corlib/System.Reflection/MonoMethod.cs Line: 222)

 Mapping new ns http://schemas.android.com/sdk/android/repo/repository2/02 to old ns http://schemas.android.com/sdk/android/repo/repository2/01
UnityEngine.DebugLogHandler:Internal_Log(LogType, String, Object)
UnityEngine.DebugLogHandler:LogFormat(LogType, Object, String, Object[])
UnityEngine.Logger:Log(LogType, Object)
UnityEngine.Debug:LogWarning(Object)
UnityEditor.Android.AndroidSDKTools:DetectErrorsAndWarnings(String, String)
UnityEditor.Android.AndroidSDKTools:RunAndroidSdkTool(String, String, Boolean, WaitingForProcessToExit, String)
UnityEditor.Android.AndroidSDKTools:ListTargetPlatforms(WaitingForProcessToExit)
UnityEditor.Android.AndroidSDKTools:GetTopAndroidPlatformAvailable(WaitingForProcessToExit)
UnityEditor.Android.PostProcessor.Tasks.SDKPlatformDetector:GetVersion(AndroidSDKTools)
UnityEditor.Android.PostProcessor.Tasks.SDKComponentDetector:Detect(AndroidSDKTools, Version, ProgressHandler)
UnityEditor.Android.PostProcessor.Tasks.CheckAndroidSDK:EnsureSDKComponentVersion(Version, SDKComponentDetector)
UnityEditor.Android.PostProcessor.Tasks.CheckAndroidSDK:EnsureSDKComponentVersion(Int32, SDKComponentDetector)
UnityEditor.Android.PostProcessor.Tasks.CheckAndroidSDK:Execute(PostProcessorContext)
UnityEditor.Android.PostProcessor.PostProcessRunner:RunAllTasks(PostProcessorContext)
UnityEditor.Android.PostProcessAndroidPlayer:PrepareForBuild(BuildOptions, BuildTarget)
UnityEditor.Android.AndroidBuildPostprocessor:PrepareForBuild(BuildOptions, BuildTarget)
UnityEditor.PostprocessBuildPlayer:PrepareForBuild(BuildOptions, BuildTargetGroup, BuildTarget) (at C:\buildslave\unity\build\Editor\Mono\BuildPipeline\PostprocessBuildPlayer.cs:87)
UnityEditor.BuildPipeline:BuildPlayerInternalNoCheck(String[], String, String, BuildTargetGroup, BuildTarget, BuildOptions, Boolean)
UnityEditor.DefaultBuildMethods:BuildPlayer(BuildPlayerOptions) (at C:\buildslave\unity\build\Editor\Mono\BuildPlayerWindowBuildMethods.cs:164)
UnityEditor.BuildPlayerWindow:CallBuildMethods(Boolean, BuildOptions) (at C:\buildslave\unity\build\Editor\Mono\BuildPlayerWindowBuildMethods.cs:88)
UnityEditor.BuildPlayerWindow:GUIBuildButtons(IBuildWindowExtension, Boolean, Boolean, Boolean, BuildPlatform) (at C:\buildslave\unity\build\Editor\Mono\BuildPlayerWindow.cs:882)
UnityEditor.BuildPlayerWindow:ShowBuildTargetSettings() (at C:\buildslave\unity\build\Editor\Mono\BuildPlayerWindow.cs:812)
UnityEditor.BuildPlayerWindow:OnGUI() (at C:\buildslave\unity\build\Editor\Mono\BuildPlayerWindow.cs:426)
System.Reflection.MonoMethod:InternalInvoke(Object, Object[], Exception&)
System.Reflection.MonoMethod:Invoke(Object, BindingFlags, Binder, Object[], CultureInfo) (at /Users/builduser/buildslave/mono/build/mcs/class/corlib/System.Reflection/MonoMethod.cs:222)
System.Reflection.MethodBase:Invoke(Object, Object[]) (at /Users/builduser/buildslave/mono/build/mcs/class/corlib/System.Reflection/MethodBase.cs:115)
UnityEditor.HostView:Invoke(String, Object) (at C:\buildslave\unity\build\Editor\Mono\HostView.cs:295)
UnityEditor.HostView:Invoke(String) (at C:\buildslave\unity\build\Editor\Mono\HostView.cs:288)
UnityEditor.HostView:OldOnGUI() (at C:\buildslave\unity\build\Editor\Mono\HostView.cs:107)
UnityEngine.Experimental.UIElements.IMGUIContainer:DoOnGUI(Event) (at C:\buildslave\unity\build\Runtime\UIElements\Managed\IMGUIContainer.cs:183)
UnityEngine.Experimental.UIElements.IMGUIContainer:HandleIMGUIEvent(Event) (at C:\buildslave\unity\build\Runtime\UIElements\Managed\IMGUIContainer.cs:339)
UnityEngine.Experimental.UIElements.IMGUIContainer:HandleEvent(EventBase) (at C:\buildslave\unity\build\Runtime\UIElements\Managed\IMGUIContainer.cs:318)
UnityEngine.Experimental.UIElements.EventDispatcher:DispatchEvent(EventBase, IPanel) (at C:\buildslave\unity\build\Runtime\UIElements\Managed\EventDispatcher.cs:250)
UnityEngine.Experimental.UIElements.UIElementsUtility:DoDispatch(BaseVisualElementPanel) (at C:\buildslave\unity\build\Runtime\UIElements\Managed\UIElementsUtility.cs:256)
UnityEngine.Experimental.UIElements.UIElementsUtility:ProcessEvent(Int32, IntPtr) (at C:\buildslave\unity\build\Runtime\UIElements\Managed\UIElementsUtility.cs:78)
UnityEngine.GUIUtility:ProcessEvent(Int32, IntPtr) (at C:\buildslave\unity\build\Runtime\IMGUI\Managed\GUIUtility.cs:175)
 
(Filename: /Users/builduser/buildslave/mono/build/mcs/class/corlib/System.Reflection/MonoMethod.cs Line: 222)

 Mapping new ns http://schemas.android.com/sdk/android/repo/repository2/03 to old ns http://schemas.android.com/sdk/android/repo/repository2/01
UnityEngine.DebugLogHandler:Internal_Log(LogType, String, Object)
UnityEngine.DebugLogHandler:LogFormat(LogType, Object, String, Object[])
UnityEngine.Logger:Log(LogType, Object)
UnityEngine.Debug:LogWarning(Object)
UnityEditor.Android.AndroidSDKTools:DetectErrorsAndWarnings(String, String)
UnityEditor.Android.AndroidSDKTools:RunAndroidSdkTool(String, String, Boolean, WaitingForProcessToExit, String)
UnityEditor.Android.AndroidSDKTools:ListTargetPlatforms(WaitingForProcessToExit)
UnityEditor.Android.AndroidSDKTools:GetTopAndroidPlatformAvailable(WaitingForProcessToExit)
UnityEditor.Android.PostProcessor.Tasks.SDKPlatformDetector:GetVersion(AndroidSDKTools)
UnityEditor.Android.PostProcessor.Tasks.SDKComponentDetector:Detect(AndroidSDKTools, Version, ProgressHandler)
UnityEditor.Android.PostProcessor.Tasks.CheckAndroidSDK:EnsureSDKComponentVersion(Version, SDKComponentDetector)
UnityEditor.Android.PostProcessor.Tasks.CheckAndroidSDK:EnsureSDKComponentVersion(Int32, SDKComponentDetector)
UnityEditor.Android.PostProcessor.Tasks.CheckAndroidSDK:Execute(PostProcessorContext)
UnityEditor.Android.PostProcessor.PostProcessRunner:RunAllTasks(PostProcessorContext)
UnityEditor.Android.PostProcessAndroidPlayer:PrepareForBuild(BuildOptions, BuildTarget)
UnityEditor.Android.AndroidBuildPostprocessor:PrepareForBuild(BuildOptions, BuildTarget)
UnityEditor.PostprocessBuildPlayer:PrepareForBuild(BuildOptions, BuildTargetGroup, BuildTarget) (at C:\buildslave\unity\build\Editor\Mono\BuildPipeline\PostprocessBuildPlayer.cs:87)
UnityEditor.BuildPipeline:BuildPlayerInternalNoCheck(String[], String, String, BuildTargetGroup, BuildTarget, BuildOptions, Boolean)
UnityEditor.DefaultBuildMethods:BuildPlayer(BuildPlayerOptions) (at C:\buildslave\unity\build\Editor\Mono\BuildPlayerWindowBuildMethods.cs:164)
UnityEditor.BuildPlayerWindow:CallBuildMethods(Boolean, BuildOptions) (at C:\buildslave\unity\build\Editor\Mono\BuildPlayerWindowBuildMethods.cs:88)
UnityEditor.BuildPlayerWindow:GUIBuildButtons(IBuildWindowExtension, Boolean, Boolean, Boolean, BuildPlatform) (at C:\buildslave\unity\build\Editor\Mono\BuildPlayerWindow.cs:882)
UnityEditor.BuildPlayerWindow:ShowBuildTargetSettings() (at C:\buildslave\unity\build\Editor\Mono\BuildPlayerWindow.cs:812)
UnityEditor.BuildPlayerWindow:OnGUI() (at C:\buildslave\unity\build\Editor\Mono\BuildPlayerWindow.cs:426)
System.Reflection.MonoMethod:InternalInvoke(Object, Object[], Exception&)
System.Reflection.MonoMethod:Invoke(Object, BindingFlags, Binder, Object[], CultureInfo) (at /Users/builduser/buildslave/mono/build/mcs/class/corlib/System.Reflection/MonoMethod.cs:222)
System.Reflection.MethodBase:Invoke(Object, Object[]) (at /Users/builduser/buildslave/mono/build/mcs/class/corlib/System.Reflection/MethodBase.cs:115)
UnityEditor.HostView:Invoke(String, Object) (at C:\buildslave\unity\build\Editor\Mono\HostView.cs:295)
UnityEditor.HostView:Invoke(String) (at C:\buildslave\unity\build\Editor\Mono\HostView.cs:288)
UnityEditor.HostView:OldOnGUI() (at C:\buildslave\unity\build\Editor\Mono\HostView.cs:107)
UnityEngine.Experimental.UIElements.IMGUIContainer:DoOnGUI(Event) (at C:\buildslave\unity\build\Runtime\UIElements\Managed\IMGUIContainer.cs:183)
UnityEngine.Experimental.UIElements.IMGUIContainer:HandleIMGUIEvent(Event) (at C:\buildslave\unity\build\Runtime\UIElements\Managed\IMGUIContainer.cs:339)
UnityEngine.Experimental.UIElements.IMGUIContainer:HandleEvent(EventBase) (at C:\buildslave\unity\build\Runtime\UIElements\Managed\IMGUIContainer.cs:318)
UnityEngine.Experimental.UIElements.EventDispatcher:DispatchEvent(EventBase, IPanel) (at C:\buildslave\unity\build\Runtime\UIElements\Managed\EventDispatcher.cs:250)
UnityEngine.Experimental.UIElements.UIElementsUtility:DoDispatch(BaseVisualElementPanel) (at C:\buildslave\unity\build\Runtime\UIElements\Managed\UIElementsUtility.cs:256)
UnityEngine.Experimental.UIElements.UIElementsUtility:ProcessEvent(Int32, IntPtr) (at C:\buildslave\unity\build\Runtime\UIElements\Managed\UIElementsUtility.cs:78)
UnityEngine.GUIUtility:ProcessEvent(Int32, IntPtr) (at C:\buildslave\unity\build\Runtime\IMGUI\Managed\GUIUtility.cs:175)
 
(Filename: /Users/builduser/buildslave/mono/build/mcs/class/corlib/System.Reflection/MonoMethod.cs Line: 222)

 Mapping new ns http://schemas.android.com/sdk/android/repo/sys-img2/03 to old ns http://schemas.android.com/sdk/android/repo/sys-img2/01
UnityEngine.DebugLogHandler:Internal_Log(LogType, String, Object)
UnityEngine.DebugLogHandler:LogFormat(LogType, Object, String, Object[])
UnityEngine.Logger:Log(LogType, Object)
UnityEngine.Debug:LogWarning(Object)
UnityEditor.Android.AndroidSDKTools:DetectErrorsAndWarnings(String, String)
UnityEditor.Android.AndroidSDKTools:RunAndroidSdkTool(String, String, Boolean, WaitingForProcessToExit, String)
UnityEditor.Android.AndroidSDKTools:ListTargetPlatforms(WaitingForProcessToExit)
UnityEditor.Android.AndroidSDKTools:GetTopAndroidPlatformAvailable(WaitingForProcessToExit)
UnityEditor.Android.PostProcessor.Tasks.SDKPlatformDetector:GetVersion(AndroidSDKTools)
UnityEditor.Android.PostProcessor.Tasks.SDKComponentDetector:Detect(AndroidSDKTools, Version, ProgressHandler)
UnityEditor.Android.PostProcessor.Tasks.CheckAndroidSDK:EnsureSDKComponentVersion(Version, SDKComponentDetector)
UnityEditor.Android.PostProcessor.Tasks.CheckAndroidSDK:EnsureSDKComponentVersion(Int32, SDKComponentDetector)
UnityEditor.Android.PostProcessor.Tasks.CheckAndroidSDK:Execute(PostProcessorContext)
UnityEditor.Android.PostProcessor.PostProcessRunner:RunAllTasks(PostProcessorContext)
UnityEditor.Android.PostProcessAndroidPlayer:PrepareForBuild(BuildOptions, BuildTarget)
UnityEditor.Android.AndroidBuildPostprocessor:PrepareForBuild(BuildOptions, BuildTarget)
UnityEditor.PostprocessBuildPlayer:PrepareForBuild(BuildOptions, BuildTargetGroup, BuildTarget) (at C:\buildslave\unity\build\Editor\Mono\BuildPipeline\PostprocessBuildPlayer.cs:87)
UnityEditor.BuildPipeline:BuildPlayerInternalNoCheck(String[], String, String, BuildTargetGroup, BuildTarget, BuildOptions, Boolean)
UnityEditor.DefaultBuildMethods:BuildPlayer(BuildPlayerOptions) (at C:\buildslave\unity\build\Editor\Mono\BuildPlayerWindowBuildMethods.cs:164)
UnityEditor.BuildPlayerWindow:CallBuildMethods(Boolean, BuildOptions) (at C:\buildslave\unity\build\Editor\Mono\BuildPlayerWindowBuildMethods.cs:88)
UnityEditor.BuildPlayerWindow:GUIBuildButtons(IBuildWindowExtension, Boolean, Boolean, Boolean, BuildPlatform) (at C:\buildslave\unity\build\Editor\Mono\BuildPlayerWindow.cs:882)
UnityEditor.BuildPlayerWindow:ShowBuildTargetSettings() (at C:\buildslave\unity\build\Editor\Mono\BuildPlayerWindow.cs:812)
UnityEditor.BuildPlayerWindow:OnGUI() (at C:\buildslave\unity\build\Editor\Mono\BuildPlayerWindow.cs:426)
System.Reflection.MonoMethod:InternalInvoke(Object, Object[], Exception&)
System.Reflection.MonoMethod:Invoke(Object, BindingFlags, Binder, Object[], CultureInfo) (at /Users/builduser/buildslave/mono/build/mcs/class/corlib/System.Reflection/MonoMethod.cs:222)
System.Reflection.MethodBase:Invoke(Object, Object[]) (at /Users/builduser/buildslave/mono/build/mcs/class/corlib/System.Reflection/MethodBase.cs:115)
UnityEditor.HostView:Invoke(String, Object) (at C:\buildslave\unity\build\Editor\Mono\HostView.cs:295)
UnityEditor.HostView:Invoke(String) (at C:\buildslave\unity\build\Editor\Mono\HostView.cs:288)
UnityEditor.HostView:OldOnGUI() (at C:\buildslave\unity\build\Editor\Mono\HostView.cs:107)
UnityEngine.Experimental.UIElements.IMGUIContainer:DoOnGUI(Event) (at C:\buildslave\unity\build\Runtime\UIElements\Managed\IMGUIContainer.cs:183)
UnityEngine.Experimental.UIElements.IMGUIContainer:HandleIMGUIEvent(Event) (at C:\buildslave\unity\build\Runtime\UIElements\Managed\IMGUIContainer.cs:339)
UnityEngine.Experimental.UIElements.IMGUIContainer:HandleEvent(EventBase) (at C:\buildslave\unity\build\Runtime\UIElements\Managed\IMGUIContainer.cs:318)
UnityEngine.Experimental.UIElements.EventDispatcher:DispatchEvent(EventBase, IPanel) (at C:\buildslave\unity\build\Runtime\UIElements\Managed\EventDispatcher.cs:250)
UnityEngine.Experimental.UIElements.UIElementsUtility:DoDispatch(BaseVisualElementPanel) (at C:\buildslave\unity\build\Runtime\UIElements\Managed\UIElementsUtility.cs:256)
UnityEngine.Experimental.UIElements.UIElementsUtility:ProcessEvent(Int32, IntPtr) (at C:\buildslave\unity\build\Runtime\UIElements\Managed\UIElementsUtility.cs:78)
UnityEngine.GUIUtility:ProcessEvent(Int32, IntPtr) (at C:\buildslave\unity\build\Runtime\IMGUI\Managed\GUIUtility.cs:175)
 
(Filename: /Users/builduser/buildslave/mono/build/mcs/class/corlib/System.Reflection/MonoMethod.cs Line: 222)

 Mapping new ns http://schemas.android.com/sdk/android/repo/sys-img2/02 to old ns http://schemas.android.com/sdk/android/repo/sys-img2/01
UnityEngine.DebugLogHandler:Internal_Log(LogType, String, Object)
UnityEngine.DebugLogHandler:LogFormat(LogType, Object, String, Object[])
UnityEngine.Logger:Log(LogType, Object)
UnityEngine.Debug:LogWarning(Object)
UnityEditor.Android.AndroidSDKTools:DetectErrorsAndWarnings(String, String)
UnityEditor.Android.AndroidSDKTools:RunAndroidSdkTool(String, String, Boolean, WaitingForProcessToExit, String)
UnityEditor.Android.AndroidSDKTools:ListTargetPlatforms(WaitingForProcessToExit)
UnityEditor.Android.AndroidSDKTools:GetTopAndroidPlatformAvailable(WaitingForProcessToExit)
UnityEditor.Android.PostProcessor.Tasks.SDKPlatformDetector:GetVersion(AndroidSDKTools)
UnityEditor.Android.PostProcessor.Tasks.SDKComponentDetector:Detect(AndroidSDKTools, Version, ProgressHandler)
UnityEditor.Android.PostProcessor.Tasks.CheckAndroidSDK:EnsureSDKComponentVersion(Version, SDKComponentDetector)
UnityEditor.Android.PostProcessor.Tasks.CheckAndroidSDK:EnsureSDKComponentVersion(Int32, SDKComponentDetector)
UnityEditor.Android.PostProcessor.Tasks.CheckAndroidSDK:Execute(PostProcessorContext)
UnityEditor.Android.PostProcessor.PostProcessRunner:RunAllTasks(PostProcessorContext)
UnityEditor.Android.PostProcessAndroidPlayer:PrepareForBuild(BuildOptions, BuildTarget)
UnityEditor.Android.AndroidBuildPostprocessor:PrepareForBuild(BuildOptions, BuildTarget)
UnityEditor.PostprocessBuildPlayer:PrepareForBuild(BuildOptions, BuildTargetGroup, BuildTarget) (at C:\buildslave\unity\build\Editor\Mono\BuildPipeline\PostprocessBuildPlayer.cs:87)
UnityEditor.BuildPipeline:BuildPlayerInternalNoCheck(String[], String, String, BuildTargetGroup, BuildTarget, BuildOptions, Boolean)
UnityEditor.DefaultBuildMethods:BuildPlayer(BuildPlayerOptions) (at C:\buildslave\unity\build\Editor\Mono\BuildPlayerWindowBuildMethods.cs:164)
UnityEditor.BuildPlayerWindow:CallBuildMethods(Boolean, BuildOptions) (at C:\buildslave\unity\build\Editor\Mono\BuildPlayerWindowBuildMethods.cs:88)
UnityEditor.BuildPlayerWindow:GUIBuildButtons(IBuildWindowExtension, Boolean, Boolean, Boolean, BuildPlatform) (at C:\buildslave\unity\build\Editor\Mono\BuildPlayerWindow.cs:882)
UnityEditor.BuildPlayerWindow:ShowBuildTargetSettings() (at C:\buildslave\unity\build\Editor\Mono\BuildPlayerWindow.cs:812)
UnityEditor.BuildPlayerWindow:OnGUI() (at C:\buildslave\unity\build\Editor\Mono\BuildPlayerWindow.cs:426)
System.Reflection.MonoMethod:InternalInvoke(Object, Object[], Exception&)
System.Reflection.MonoMethod:Invoke(Object, BindingFlags, Binder, Object[], CultureInfo) (at /Users/builduser/buildslave/mono/build/mcs/class/corlib/System.Reflection/MonoMethod.cs:222)
System.Reflection.MethodBase:Invoke(Object, Object[]) (at /Users/builduser/buildslave/mono/build/mcs/class/corlib/System.Reflection/MethodBase.cs:115)
UnityEditor.HostView:Invoke(String, Object) (at C:\buildslave\unity\build\Editor\Mono\HostView.cs:295)
UnityEditor.HostView:Invoke(String) (at C:\buildslave\unity\build\Editor\Mono\HostView.cs:288)
UnityEditor.HostView:OldOnGUI() (at C:\buildslave\unity\build\Editor\Mono\HostView.cs:107)
UnityEngine.Experimental.UIElements.IMGUIContainer:DoOnGUI(Event) (at C:\buildslave\unity\build\Runtime\UIElements\Managed\IMGUIContainer.cs:183)
UnityEngine.Experimental.UIElements.IMGUIContainer:HandleIMGUIEvent(Event) (at C:\buildslave\unity\build\Runtime\UIElements\Managed\IMGUIContainer.cs:339)
UnityEngine.Experimental.UIElements.IMGUIContainer:HandleEvent(EventBase) (at C:\buildslave\unity\build\Runtime\UIElements\Managed\IMGUIContainer.cs:318)
UnityEngine.Experimental.UIElements.EventDispatcher:DispatchEvent(EventBase, IPanel) (at C:\buildslave\unity\build\Runtime\UIElements\Managed\EventDispatcher.cs:250)
UnityEngine.Experimental.UIElements.UIElementsUtility:DoDispatch(BaseVisualElementPanel) (at C:\buildslave\unity\build\Runtime\UIElements\Managed\UIElementsUtility.cs:256)
UnityEngine.Experimental.UIElements.UIElementsUtility:ProcessEvent(Int32, IntPtr) (at C:\buildslave\unity\build\Runtime\UIElements\Managed\UIElementsUtility.cs:78)
UnityEngine.GUIUtility:ProcessEvent(Int32, IntPtr) (at C:\buildslave\unity\build\Runtime\IMGUI\Managed\GUIUtility.cs:175)
 
(Filename: /Users/builduser/buildslave/mono/build/mcs/class/corlib/System.Reflection/MonoMethod.cs Line: 222)

 Mapping new ns http://schemas.android.com/repository/android/common/02 to old ns http://schemas.android.com/repository/android/common/01
UnityEngine.DebugLogHandler:Internal_Log(LogType, String, Object)
UnityEngine.DebugLogHandler:LogFormat(LogType, Object, String, Object[])
UnityEngine.Logger:Log(LogType, Object)
UnityEngine.Debug:LogWarning(Object)
UnityEditor.Android.AndroidSDKTools:DetectErrorsAndWarnings(String, String)
UnityEditor.Android.AndroidSDKTools:RunAndroidSdkTool(String, String, Boolean, WaitingForProcessToExit, String)
UnityEditor.Android.AndroidSDKTools:ListTargetPlatforms(WaitingForProcessToExit)
UnityEditor.Android.AndroidSDKTools:GetTopAndroidPlatformAvailable(WaitingForProcessToExit)
UnityEditor.Android.PostProcessor.Tasks.SDKPlatformDetector:GetVersion(AndroidSDKTools)
UnityEditor.Android.PostProcessor.Tasks.SDKComponentDetector:Detect(AndroidSDKTools, Version, ProgressHandler)
UnityEditor.Android.PostProcessor.Tasks.CheckAndroidSDK:EnsureSDKComponentVersion(Version, SDKComponentDetector)
UnityEditor.Android.PostProcessor.Tasks.CheckAndroidSDK:EnsureSDKComponentVersion(Int32, SDKComponentDetector)
UnityEditor.Android.PostProcessor.Tasks.CheckAndroidSDK:Execute(PostProcessorContext)
UnityEditor.Android.PostProcessor.PostProcessRunner:RunAllTasks(PostProcessorContext)
UnityEditor.Android.PostProcessAndroidPlayer:PrepareForBuild(BuildOptions, BuildTarget)
UnityEditor.Android.AndroidBuildPostprocessor:PrepareForBuild(BuildOptions, BuildTarget)
UnityEditor.PostprocessBuildPlayer:PrepareForBuild(BuildOptions, BuildTargetGroup, BuildTarget) (at C:\buildslave\unity\build\Editor\Mono\BuildPipeline\PostprocessBuildPlayer.cs:87)
UnityEditor.BuildPipeline:BuildPlayerInternalNoCheck(String[], String, String, BuildTargetGroup, BuildTarget, BuildOptions, Boolean)
UnityEditor.DefaultBuildMethods:BuildPlayer(BuildPlayerOptions) (at C:\buildslave\unity\build\Editor\Mono\BuildPlayerWindowBuildMethods.cs:164)
UnityEditor.BuildPlayerWindow:CallBuildMethods(Boolean, BuildOptions) (at C:\buildslave\unity\build\Editor\Mono\BuildPlayerWindowBuildMethods.cs:88)
UnityEditor.BuildPlayerWindow:GUIBuildButtons(IBuildWindowExtension, Boolean, Boolean, Boolean, BuildPlatform) (at C:\buildslave\unity\build\Editor\Mono\BuildPlayerWindow.cs:882)
UnityEditor.BuildPlayerWindow:ShowBuildTargetSettings() (at C:\buildslave\unity\build\Editor\Mono\BuildPlayerWindow.cs:812)
UnityEditor.BuildPlayerWindow:OnGUI() (at C:\buildslave\unity\build\Editor\Mono\BuildPlayerWindow.cs:426)
System.Reflection.MonoMethod:InternalInvoke(Object, Object[], Exception&)
System.Reflection.MonoMethod:Invoke(Object, BindingFlags, Binder, Object[], CultureInfo) (at /Users/builduser/buildslave/mono/build/mcs/class/corlib/System.Reflection/MonoMethod.cs:222)
System.Reflection.MethodBase:Invoke(Object, Object[]) (at /Users/builduser/buildslave/mono/build/mcs/class/corlib/System.Reflection/MethodBase.cs:115)
UnityEditor.HostView:Invoke(String, Object) (at C:\buildslave\unity\build\Editor\Mono\HostView.cs:295)
UnityEditor.HostView:Invoke(String) (at C:\buildslave\unity\build\Editor\Mono\HostView.cs:288)
UnityEditor.HostView:OldOnGUI() (at C:\buildslave\unity\build\Editor\Mono\HostView.cs:107)
UnityEngine.Experimental.UIElements.IMGUIContainer:DoOnGUI(Event) (at C:\buildslave\unity\build\Runtime\UIElements\Managed\IMGUIContainer.cs:183)
UnityEngine.Experimental.UIElements.IMGUIContainer:HandleIMGUIEvent(Event) (at C:\buildslave\unity\build\Runtime\UIElements\Managed\IMGUIContainer.cs:339)
UnityEngine.Experimental.UIElements.IMGUIContainer:HandleEvent(EventBase) (at C:\buildslave\unity\build\Runtime\UIElements\Managed\IMGUIContainer.cs:318)
UnityEngine.Experimental.UIElements.EventDispatcher:DispatchEvent(EventBase, IPanel) (at C:\buildslave\unity\build\Runtime\UIElements\Managed\EventDispatcher.cs:250)
UnityEngine.Experimental.UIElements.UIElementsUtility:DoDispatch(BaseVisualElementPanel) (at C:\buildslave\unity\build\Runtime\UIElements\Managed\UIElementsUtility.cs:256)
UnityEngine.Experimental.UIElements.UIElementsUtility:ProcessEvent(Int32, IntPtr) (at C:\buildslave\unity\build\Runtime\UIElements\Managed\UIElementsUtility.cs:78)
UnityEngine.GUIUtility:ProcessEvent(Int32, IntPtr) (at C:\buildslave\unity\build\Runtime\IMGUI\Managed\GUIUtility.cs:175)
 
(Filename: /Users/builduser/buildslave/mono/build/mcs/class/corlib/System.Reflection/MonoMethod.cs Line: 222)

 Mapping new ns http://schemas.android.com/repository/android/generic/02 to old ns http://schemas.android.com/repository/android/generic/01
UnityEngine.DebugLogHandler:Internal_Log(LogType, String, Object)
UnityEngine.DebugLogHandler:LogFormat(LogType, Object, String, Object[])
UnityEngine.Logger:Log(LogType, Object)
UnityEngine.Debug:LogWarning(Object)
UnityEditor.Android.AndroidSDKTools:DetectErrorsAndWarnings(String, String)
UnityEditor.Android.AndroidSDKTools:RunAndroidSdkTool(String, String, Boolean, WaitingForProcessToExit, String)
UnityEditor.Android.AndroidSDKTools:ListTargetPlatforms(WaitingForProcessToExit)
UnityEditor.Android.AndroidSDKTools:GetTopAndroidPlatformAvailable(WaitingForProcessToExit)
UnityEditor.Android.PostProcessor.Tasks.SDKPlatformDetector:GetVersion(AndroidSDKTools)
UnityEditor.Android.PostProcessor.Tasks.SDKComponentDetector:Detect(AndroidSDKTools, Version, ProgressHandler)
UnityEditor.Android.PostProcessor.Tasks.CheckAndroidSDK:EnsureSDKComponentVersion(Version, SDKComponentDetector)
UnityEditor.Android.PostProcessor.Tasks.CheckAndroidSDK:EnsureSDKComponentVersion(Int32, SDKComponentDetector)
UnityEditor.Android.PostProcessor.Tasks.CheckAndroidSDK:Execute(PostProcessorContext)
UnityEditor.Android.PostProcessor.PostProcessRunner:RunAllTasks(PostProcessorContext)
UnityEditor.Android.PostProcessAndroidPlayer:PrepareForBuild(BuildOptions, BuildTarget)
UnityEditor.Android.AndroidBuildPostprocessor:PrepareForBuild(BuildOptions, BuildTarget)
UnityEditor.PostprocessBuildPlayer:PrepareForBuild(BuildOptions, BuildTargetGroup, BuildTarget) (at C:\buildslave\unity\build\Editor\Mono\BuildPipeline\PostprocessBuildPlayer.cs:87)
UnityEditor.BuildPipeline:BuildPlayerInternalNoCheck(String[], String, String, BuildTargetGroup, BuildTarget, BuildOptions, Boolean)
UnityEditor.DefaultBuildMethods:BuildPlayer(BuildPlayerOptions) (at C:\buildslave\unity\build\Editor\Mono\BuildPlayerWindowBuildMethods.cs:164)
UnityEditor.BuildPlayerWindow:CallBuildMethods(Boolean, BuildOptions) (at C:\buildslave\unity\build\Editor\Mono\BuildPlayerWindowBuildMethods.cs:88)
UnityEditor.BuildPlayerWindow:GUIBuildButtons(IBuildWindowExtension, Boolean, Boolean, Boolean, BuildPlatform) (at C:\buildslave\unity\build\Editor\Mono\BuildPlayerWindow.cs:882)
UnityEditor.BuildPlayerWindow:ShowBuildTargetSettings() (at C:\buildslave\unity\build\Editor\Mono\BuildPlayerWindow.cs:812)
UnityEditor.BuildPlayerWindow:OnGUI() (at C:\buildslave\unity\build\Editor\Mono\BuildPlayerWindow.cs:426)
System.Reflection.MonoMethod:InternalInvoke(Object, Object[], Exception&)
System.Reflection.MonoMethod:Invoke(Object, BindingFlags, Binder, Object[], CultureInfo) (at /Users/builduser/buildslave/mono/build/mcs/class/corlib/System.Reflection/MonoMethod.cs:222)
System.Reflection.MethodBase:Invoke(Object, Object[]) (at /Users/builduser/buildslave/mono/build/mcs/class/corlib/System.Reflection/MethodBase.cs:115)
UnityEditor.HostView:Invoke(String, Object) (at C:\buildslave\unity\build\Editor\Mono\HostView.cs:295)
UnityEditor.HostView:Invoke(String) (at C:\buildslave\unity\build\Editor\Mono\HostView.cs:288)
UnityEditor.HostView:OldOnGUI() (at C:\buildslave\unity\build\Editor\Mono\HostView.cs:107)
UnityEngine.Experimental.UIElements.IMGUIContainer:DoOnGUI(Event) (at C:\buildslave\unity\build\Runtime\UIElements\Managed\IMGUIContainer.cs:183)
UnityEngine.Experimental.UIElements.IMGUIContainer:HandleIMGUIEvent(Event) (at C:\buildslave\unity\build\Runtime\UIElements\Managed\IMGUIContainer.cs:339)
UnityEngine.Experimental.UIElements.IMGUIContainer:HandleEvent(EventBase) (at C:\buildslave\unity\build\Runtime\UIElements\Managed\IMGUIContainer.cs:318)
UnityEngine.Experimental.UIElements.EventDispatcher:DispatchEvent(EventBase, IPanel) (at C:\buildslave\unity\build\Runtime\UIElements\Managed\EventDispatcher.cs:250)
UnityEngine.Experimental.UIElements.UIElementsUtility:DoDispatch(BaseVisualElementPanel) (at C:\buildslave\unity\build\Runtime\UIElements\Managed\UIElementsUtility.cs:256)
UnityEngine.Experimental.UIElements.UIElementsUtility:ProcessEvent(Int32, IntPtr) (at C:\buildslave\unity\build\Runtime\UIElements\Managed\UIElementsUtility.cs:78)
UnityEngine.GUIUtility:ProcessEvent(Int32, IntPtr) (at C:\buildslave\unity\build\Runtime\IMGUI\Managed\GUIUtility.cs:175)
 
(Filename: /Users/builduser/buildslave/mono/build/mcs/class/corlib/System.Reflection/MonoMethod.cs Line: 222)

 Mapping new ns http://schemas.android.com/sdk/android/repo/addon2/02 to old ns http://schemas.android.com/sdk/android/repo/addon2/01
UnityEngine.DebugLogHandler:Internal_Log(LogType, String, Object)
UnityEngine.DebugLogHandler:LogFormat(LogType, Object, String, Object[])
UnityEngine.Logger:Log(LogType, Object)
UnityEngine.Debug:LogWarning(Object)
UnityEditor.Android.AndroidSDKTools:DetectErrorsAndWarnings(String, String)
UnityEditor.Android.AndroidSDKTools:RunAndroidSdkTool(String, String, Boolean, WaitingForProcessToExit, String)
UnityEditor.Android.AndroidSDKTools:ListTargetPlatforms(WaitingForProcessToExit)
UnityEditor.Android.AndroidSDKTools:GetTopAndroidPlatformAvailable(WaitingForProcessToExit)
UnityEditor.Android.PostProcessor.Tasks.SDKPlatformDetector:GetVersion(AndroidSDKTools)
UnityEditor.Android.PostProcessor.Tasks.SDKComponentDetector:Detect(AndroidSDKTools, Version, ProgressHandler)
UnityEditor.Android.PostProcessor.Tasks.CheckAndroidSDK:EnsureSDKComponentVersion(Version, SDKComponentDetector)
UnityEditor.Android.PostProcessor.Tasks.CheckAndroidSDK:EnsureSDKComponentVersion(Int32, SDKComponentDetector)
UnityEditor.Android.PostProcessor.Tasks.CheckAndroidSDK:Execute(PostProcessorContext)
UnityEditor.Android.PostProcessor.PostProcessRunner:RunAllTasks(PostProcessorContext)
UnityEditor.Android.PostProcessAndroidPlayer:PrepareForBuild(BuildOptions, BuildTarget)
UnityEditor.Android.AndroidBuildPostprocessor:PrepareForBuild(BuildOptions, BuildTarget)
UnityEditor.PostprocessBuildPlayer:PrepareForBuild(BuildOptions, BuildTargetGroup, BuildTarget) (at C:\buildslave\unity\build\Editor\Mono\BuildPipeline\PostprocessBuildPlayer.cs:87)
UnityEditor.BuildPipeline:BuildPlayerInternalNoCheck(String[], String, String, BuildTargetGroup, BuildTarget, BuildOptions, Boolean)
UnityEditor.DefaultBuildMethods:BuildPlayer(BuildPlayerOptions) (at C:\buildslave\unity\build\Editor\Mono\BuildPlayerWindowBuildMethods.cs:164)
UnityEditor.BuildPlayerWindow:CallBuildMethods(Boolean, BuildOptions) (at C:\buildslave\unity\build\Editor\Mono\BuildPlayerWindowBuildMethods.cs:88)
UnityEditor.BuildPlayerWindow:GUIBuildButtons(IBuildWindowExtension, Boolean, Boolean, Boolean, BuildPlatform) (at C:\buildslave\unity\build\Editor\Mono\BuildPlayerWindow.cs:882)
UnityEditor.BuildPlayerWindow:ShowBuildTargetSettings() (at C:\buildslave\unity\build\Editor\Mono\BuildPlayerWindow.cs:812)
UnityEditor.BuildPlayerWindow:OnGUI() (at C:\buildslave\unity\build\Editor\Mono\BuildPlayerWindow.cs:426)
System.Reflection.MonoMethod:InternalInvoke(Object, Object[], Exception&)
System.Reflection.MonoMethod:Invoke(Object, BindingFlags, Binder, Object[], CultureInfo) (at /Users/builduser/buildslave/mono/build/mcs/class/corlib/System.Reflection/MonoMethod.cs:222)
System.Reflection.MethodBase:Invoke(Object, Object[]) (at /Users/builduser/buildslave/mono/build/mcs/class/corlib/System.Reflection/MethodBase.cs:115)
UnityEditor.HostView:Invoke(String, Object) (at C:\buildslave\unity\build\Editor\Mono\HostView.cs:295)
UnityEditor.HostView:Invoke(String) (at C:\buildslave\unity\build\Editor\Mono\HostView.cs:288)
UnityEditor.HostView:OldOnGUI() (at C:\buildslave\unity\build\Editor\Mono\HostView.cs:107)
UnityEngine.Experimental.UIElements.IMGUIContainer:DoOnGUI(Event) (at C:\buildslave\unity\build\Runtime\UIElements\Managed\IMGUIContainer.cs:183)
UnityEngine.Experimental.UIElements.IMGUIContainer:HandleIMGUIEvent(Event) (at C:\buildslave\unity\build\Runtime\UIElements\Managed\IMGUIContainer.cs:339)
UnityEngine.Experimental.UIElements.IMGUIContainer:HandleEvent(EventBase) (at C:\buildslave\unity\build\Runtime\UIElements\Managed\IMGUIContainer.cs:318)
UnityEngine.Experimental.UIElements.EventDispatcher:DispatchEvent(EventBase, IPanel) (at C:\buildslave\unity\build\Runtime\UIElements\Managed\EventDispatcher.cs:250)
UnityEngine.Experimental.UIElements.UIElementsUtility:DoDispatch(BaseVisualElementPanel) (at C:\buildslave\unity\build\Runtime\UIElements\Managed\UIElementsUtility.cs:256)
UnityEngine.Experimental.UIElements.UIElementsUtility:ProcessEvent(Int32, IntPtr) (at C:\buildslave\unity\build\Runtime\UIElements\Managed\UIElementsUtility.cs:78)
UnityEngine.GUIUtility:ProcessEvent(Int32, IntPtr) (at C:\buildslave\unity\build\Runtime\IMGUI\Managed\GUIUtility.cs:175)
 
(Filename: /Users/builduser/buildslave/mono/build/mcs/class/corlib/System.Reflection/MonoMethod.cs Line: 222)

 Mapping new ns http://schemas.android.com/sdk/android/repo/addon2/03 to old ns http://schemas.android.com/sdk/android/repo/addon2/01
UnityEngine.DebugLogHandler:Internal_Log(LogType, String, Object)
UnityEngine.DebugLogHandler:LogFormat(LogType, Object, String, Object[])
UnityEngine.Logger:Log(LogType, Object)
UnityEngine.Debug:LogWarning(Object)
UnityEditor.Android.AndroidSDKTools:DetectErrorsAndWarnings(String, String)
UnityEditor.Android.AndroidSDKTools:RunAndroidSdkTool(String, String, Boolean, WaitingForProcessToExit, String)
UnityEditor.Android.AndroidSDKTools:ListTargetPlatforms(WaitingForProcessToExit)
UnityEditor.Android.AndroidSDKTools:GetTopAndroidPlatformAvailable(WaitingForProcessToExit)
UnityEditor.Android.PostProcessor.Tasks.SDKPlatformDetector:GetVersion(AndroidSDKTools)
UnityEditor.Android.PostProcessor.Tasks.SDKComponentDetector:Detect(AndroidSDKTools, Version, ProgressHandler)
UnityEditor.Android.PostProcessor.Tasks.CheckAndroidSDK:EnsureSDKComponentVersion(Version, SDKComponentDetector)
UnityEditor.Android.PostProcessor.Tasks.CheckAndroidSDK:EnsureSDKComponentVersion(Int32, SDKComponentDetector)
UnityEditor.Android.PostProcessor.Tasks.CheckAndroidSDK:Execute(PostProcessorContext)
UnityEditor.Android.PostProcessor.PostProcessRunner:RunAllTasks(PostProcessorContext)
UnityEditor.Android.PostProcessAndroidPlayer:PrepareForBuild(BuildOptions, BuildTarget)
UnityEditor.Android.AndroidBuildPostprocessor:PrepareForBuild(BuildOptions, BuildTarget)
UnityEditor.PostprocessBuildPlayer:PrepareForBuild(BuildOptions, BuildTargetGroup, BuildTarget) (at C:\buildslave\unity\build\Editor\Mono\BuildPipeline\PostprocessBuildPlayer.cs:87)
UnityEditor.BuildPipeline:BuildPlayerInternalNoCheck(String[], String, String, BuildTargetGroup, BuildTarget, BuildOptions, Boolean)
UnityEditor.DefaultBuildMethods:BuildPlayer(BuildPlayerOptions) (at C:\buildslave\unity\build\Editor\Mono\BuildPlayerWindowBuildMethods.cs:164)
UnityEditor.BuildPlayerWindow:CallBuildMethods(Boolean, BuildOptions) (at C:\buildslave\unity\build\Editor\Mono\BuildPlayerWindowBuildMethods.cs:88)
UnityEditor.BuildPlayerWindow:GUIBuildButtons(IBuildWindowExtension, Boolean, Boolean, Boolean, BuildPlatform) (at C:\buildslave\unity\build\Editor\Mono\BuildPlayerWindow.cs:882)
UnityEditor.BuildPlayerWindow:ShowBuildTargetSettings() (at C:\buildslave\unity\build\Editor\Mono\BuildPlayerWindow.cs:812)
UnityEditor.BuildPlayerWindow:OnGUI() (at C:\buildslave\unity\build\Editor\Mono\BuildPlayerWindow.cs:426)
System.Reflection.MonoMethod:InternalInvoke(Object, Object[], Exception&)
System.Reflection.MonoMethod:Invoke(Object, BindingFlags, Binder, Object[], CultureInfo) (at /Users/builduser/buildslave/mono/build/mcs/class/corlib/System.Reflection/MonoMethod.cs:222)
System.Reflection.MethodBase:Invoke(Object, Object[]) (at /Users/builduser/buildslave/mono/build/mcs/class/corlib/System.Reflection/MethodBase.cs:115)
UnityEditor.HostView:Invoke(String, Object) (at C:\buildslave\unity\build\Editor\Mono\HostView.cs:295)
UnityEditor.HostView:Invoke(String) (at C:\buildslave\unity\build\Editor\Mono\HostView.cs:288)
UnityEditor.HostView:OldOnGUI() (at C:\buildslave\unity\build\Editor\Mono\HostView.cs:107)
UnityEngine.Experimental.UIElements.IMGUIContainer:DoOnGUI(Event) (at C:\buildslave\unity\build\Runtime\UIElements\Managed\IMGUIContainer.cs:183)
UnityEngine.Experimental.UIElements.IMGUIContainer:HandleIMGUIEvent(Event) (at C:\buildslave\unity\build\Runtime\UIElements\Managed\IMGUIContainer.cs:339)
UnityEngine.Experimental.UIElements.IMGUIContainer:HandleEvent(EventBase) (at C:\buildslave\unity\build\Runtime\UIElements\Managed\IMGUIContainer.cs:318)
UnityEngine.Experimental.UIElements.EventDispatcher:DispatchEvent(EventBase, IPanel) (at C:\buildslave\unity\build\Runtime\UIElements\Managed\EventDispatcher.cs:250)
UnityEngine.Experimental.UIElements.UIElementsUtility:DoDispatch(BaseVisualElementPanel) (at C:\buildslave\unity\build\Runtime\UIElements\Managed\UIElementsUtility.cs:256)
UnityEngine.Experimental.UIElements.UIElementsUtility:ProcessEvent(Int32, IntPtr) (at C:\buildslave\unity\build\Runtime\UIElements\Managed\UIElementsUtility.cs:78)
UnityEngine.GUIUtility:ProcessEvent(Int32, IntPtr) (at C:\buildslave\unity\build\Runtime\IMGUI\Managed\GUIUtility.cs:175)
 
(Filename: /Users/builduser/buildslave/mono/build/mcs/class/corlib/System.Reflection/MonoMethod.cs Line: 222)

 Mapping new ns http://schemas.android.com/sdk/android/repo/repository2/02 to old ns http://schemas.android.com/sdk/android/repo/repository2/01
UnityEngine.DebugLogHandler:Internal_Log(LogType, String, Object)
UnityEngine.DebugLogHandler:LogFormat(LogType, Object, String, Object[])
UnityEngine.Logger:Log(LogType, Object)
UnityEngine.Debug:LogWarning(Object)
UnityEditor.Android.AndroidSDKTools:DetectErrorsAndWarnings(String, String)
UnityEditor.Android.AndroidSDKTools:RunAndroidSdkTool(String, String, Boolean, WaitingForProcessToExit, String)
UnityEditor.Android.AndroidSDKTools:ListTargetPlatforms(WaitingForProcessToExit)
UnityEditor.Android.AndroidSDKTools:GetTopAndroidPlatformAvailable(WaitingForProcessToExit)
UnityEditor.Android.PostProcessor.Tasks.SDKPlatformDetector:GetVersion(AndroidSDKTools)
UnityEditor.Android.PostProcessor.Tasks.SDKComponentDetector:Detect(AndroidSDKTools, Version, ProgressHandler)
UnityEditor.Android.PostProcessor.Tasks.CheckAndroidSDK:EnsureSDKComponentVersion(Version, SDKComponentDetector)
UnityEditor.Android.PostProcessor.Tasks.CheckAndroidSDK:EnsureSDKComponentVersion(Int32, SDKComponentDetector)
UnityEditor.Android.PostProcessor.Tasks.CheckAndroidSDK:Execute(PostProcessorContext)
UnityEditor.Android.PostProcessor.PostProcessRunner:RunAllTasks(PostProcessorContext)
UnityEditor.Android.PostProcessAndroidPlayer:PrepareForBuild(BuildOptions, BuildTarget)
UnityEditor.Android.AndroidBuildPostprocessor:PrepareForBuild(BuildOptions, BuildTarget)
UnityEditor.PostprocessBuildPlayer:PrepareForBuild(BuildOptions, BuildTargetGroup, BuildTarget) (at C:\buildslave\unity\build\Editor\Mono\BuildPipeline\PostprocessBuildPlayer.cs:87)
UnityEditor.BuildPipeline:BuildPlayerInternalNoCheck(String[], String, String, BuildTargetGroup, BuildTarget, BuildOptions, Boolean)
UnityEditor.DefaultBuildMethods:BuildPlayer(BuildPlayerOptions) (at C:\buildslave\unity\build\Editor\Mono\BuildPlayerWindowBuildMethods.cs:164)
UnityEditor.BuildPlayerWindow:CallBuildMethods(Boolean, BuildOptions) (at C:\buildslave\unity\build\Editor\Mono\BuildPlayerWindowBuildMethods.cs:88)
UnityEditor.BuildPlayerWindow:GUIBuildButtons(IBuildWindowExtension, Boolean, Boolean, Boolean, BuildPlatform) (at C:\buildslave\unity\build\Editor\Mono\BuildPlayerWindow.cs:882)
UnityEditor.BuildPlayerWindow:ShowBuildTargetSettings() (at C:\buildslave\unity\build\Editor\Mono\BuildPlayerWindow.cs:812)
UnityEditor.BuildPlayerWindow:OnGUI() (at C:\buildslave\unity\build\Editor\Mono\BuildPlayerWindow.cs:426)
System.Reflection.MonoMethod:InternalInvoke(Object, Object[], Exception&)
System.Reflection.MonoMethod:Invoke(Object, BindingFlags, Binder, Object[], CultureInfo) (at /Users/builduser/buildslave/mono/build/mcs/class/corlib/System.Reflection/MonoMethod.cs:222)
System.Reflection.MethodBase:Invoke(Object, Object[]) (at /Users/builduser/buildslave/mono/build/mcs/class/corlib/System.Reflection/MethodBase.cs:115)
UnityEditor.HostView:Invoke(String, Object) (at C:\buildslave\unity\build\Editor\Mono\HostView.cs:295)
UnityEditor.HostView:Invoke(String) (at C:\buildslave\unity\build\Editor\Mono\HostView.cs:288)
UnityEditor.HostView:OldOnGUI() (at C:\buildslave\unity\build\Editor\Mono\HostView.cs:107)
UnityEngine.Experimental.UIElements.IMGUIContainer:DoOnGUI(Event) (at C:\buildslave\unity\build\Runtime\UIElements\Managed\IMGUIContainer.cs:183)
UnityEngine.Experimental.UIElements.IMGUIContainer:HandleIMGUIEvent(Event) (at C:\buildslave\unity\build\Runtime\UIElements\Managed\IMGUIContainer.cs:339)
UnityEngine.Experimental.UIElements.IMGUIContainer:HandleEvent(EventBase) (at C:\buildslave\unity\build\Runtime\UIElements\Managed\IMGUIContainer.cs:318)
UnityEngine.Experimental.UIElements.EventDispatcher:DispatchEvent(EventBase, IPanel) (at C:\buildslave\unity\build\Runtime\UIElements\Managed\EventDispatcher.cs:250)
UnityEngine.Experimental.UIElements.UIElementsUtility:DoDispatch(BaseVisualElementPanel) (at C:\buildslave\unity\build\Runtime\UIElements\Managed\UIElementsUtility.cs:256)
UnityEngine.Experimental.UIElements.UIElementsUtility:ProcessEvent(Int32, IntPtr) (at C:\buildslave\unity\build\Runtime\UIElements\Managed\UIElementsUtility.cs:78)
UnityEngine.GUIUtility:ProcessEvent(Int32, IntPtr) (at C:\buildslave\unity\build\Runtime\IMGUI\Managed\GUIUtility.cs:175)
 
(Filename: /Users/builduser/buildslave/mono/build/mcs/class/corlib/System.Reflection/MonoMethod.cs Line: 222)

 Mapping new ns http://schemas.android.com/sdk/android/repo/repository2/03 to old ns http://schemas.android.com/sdk/android/repo/repository2/01
UnityEngine.DebugLogHandler:Internal_Log(LogType, String, Object)
UnityEngine.DebugLogHandler:LogFormat(LogType, Object, String, Object[])
UnityEngine.Logger:Log(LogType, Object)
UnityEngine.Debug:LogWarning(Object)
UnityEditor.Android.AndroidSDKTools:DetectErrorsAndWarnings(String, String)
UnityEditor.Android.AndroidSDKTools:RunAndroidSdkTool(String, String, Boolean, WaitingForProcessToExit, String)
UnityEditor.Android.AndroidSDKTools:ListTargetPlatforms(WaitingForProcessToExit)
UnityEditor.Android.AndroidSDKTools:GetTopAndroidPlatformAvailable(WaitingForProcessToExit)
UnityEditor.Android.PostProcessor.Tasks.SDKPlatformDetector:GetVersion(AndroidSDKTools)
UnityEditor.Android.PostProcessor.Tasks.SDKComponentDetector:Detect(AndroidSDKTools, Version, ProgressHandler)
UnityEditor.Android.PostProcessor.Tasks.CheckAndroidSDK:EnsureSDKComponentVersion(Version, SDKComponentDetector)
UnityEditor.Android.PostProcessor.Tasks.CheckAndroidSDK:EnsureSDKComponentVersion(Int32, SDKComponentDetector)
UnityEditor.Android.PostProcessor.Tasks.CheckAndroidSDK:Execute(PostProcessorContext)
UnityEditor.Android.PostProcessor.PostProcessRunner:RunAllTasks(PostProcessorContext)
UnityEditor.Android.PostProcessAndroidPlayer:PrepareForBuild(BuildOptions, BuildTarget)
UnityEditor.Android.AndroidBuildPostprocessor:PrepareForBuild(BuildOptions, BuildTarget)
UnityEditor.PostprocessBuildPlayer:PrepareForBuild(BuildOptions, BuildTargetGroup, BuildTarget) (at C:\buildslave\unity\build\Editor\Mono\BuildPipeline\PostprocessBuildPlayer.cs:87)
UnityEditor.BuildPipeline:BuildPlayerInternalNoCheck(String[], String, String, BuildTargetGroup, BuildTarget, BuildOptions, Boolean)
UnityEditor.DefaultBuildMethods:BuildPlayer(BuildPlayerOptions) (at C:\buildslave\unity\build\Editor\Mono\BuildPlayerWindowBuildMethods.cs:164)
UnityEditor.BuildPlayerWindow:CallBuildMethods(Boolean, BuildOptions) (at C:\buildslave\unity\build\Editor\Mono\BuildPlayerWindowBuildMethods.cs:88)
UnityEditor.BuildPlayerWindow:GUIBuildButtons(IBuildWindowExtension, Boolean, Boolean, Boolean, BuildPlatform) (at C:\buildslave\unity\build\Editor\Mono\BuildPlayerWindow.cs:882)
UnityEditor.BuildPlayerWindow:ShowBuildTargetSettings() (at C:\buildslave\unity\build\Editor\Mono\BuildPlayerWindow.cs:812)
UnityEditor.BuildPlayerWindow:OnGUI() (at C:\buildslave\unity\build\Editor\Mono\BuildPlayerWindow.cs:426)
System.Reflection.MonoMethod:InternalInvoke(Object, Object[], Exception&)
System.Reflection.MonoMethod:Invoke(Object, BindingFlags, Binder, Object[], CultureInfo) (at /Users/builduser/buildslave/mono/build/mcs/class/corlib/System.Reflection/MonoMethod.cs:222)
System.Reflection.MethodBase:Invoke(Object, Object[]) (at /Users/builduser/buildslave/mono/build/mcs/class/corlib/System.Reflection/MethodBase.cs:115)
UnityEditor.HostView:Invoke(String, Object) (at C:\buildslave\unity\build\Editor\Mono\HostView.cs:295)
UnityEditor.HostView:Invoke(String) (at C:\buildslave\unity\build\Editor\Mono\HostView.cs:288)
UnityEditor.HostView:OldOnGUI() (at C:\buildslave\unity\build\Editor\Mono\HostView.cs:107)
UnityEngine.Experimental.UIElements.IMGUIContainer:DoOnGUI(Event) (at C:\buildslave\unity\build\Runtime\UIElements\Managed\IMGUIContainer.cs:183)
UnityEngine.Experimental.UIElements.IMGUIContainer:HandleIMGUIEvent(Event) (at C:\buildslave\unity\build\Runtime\UIElements\Managed\IMGUIContainer.cs:339)
UnityEngine.Experimental.UIElements.IMGUIContainer:HandleEvent(EventBase) (at C:\buildslave\unity\build\Runtime\UIElements\Managed\IMGUIContainer.cs:318)
UnityEngine.Experimental.UIElements.EventDispatcher:DispatchEvent(EventBase, IPanel) (at C:\buildslave\unity\build\Runtime\UIElements\Managed\EventDispatcher.cs:250)
UnityEngine.Experimental.UIElements.UIElementsUtility:DoDispatch(BaseVisualElementPanel) (at C:\buildslave\unity\build\Runtime\UIElements\Managed\UIElementsUtility.cs:256)
UnityEngine.Experimental.UIElements.UIElementsUtility:ProcessEvent(Int32, IntPtr) (at C:\buildslave\unity\build\Runtime\UIElements\Managed\UIElementsUtility.cs:78)
UnityEngine.GUIUtility:ProcessEvent(Int32, IntPtr) (at C:\buildslave\unity\build\Runtime\IMGUI\Managed\GUIUtility.cs:175)
 
(Filename: /Users/builduser/buildslave/mono/build/mcs/class/corlib/System.Reflection/MonoMethod.cs Line: 222)

 Mapping new ns http://schemas.android.com/sdk/android/repo/sys-img2/04 to old ns http://schemas.android.com/sdk/android/repo/sys-img2/01
UnityEngine.DebugLogHandler:Internal_Log(LogType, String, Object)
UnityEngine.DebugLogHandler:LogFormat(LogType, Object, String, Object[])
UnityEngine.Logger:Log(LogType, Object)
UnityEngine.Debug:LogWarning(Object)
UnityEditor.Android.AndroidSDKTools:DetectErrorsAndWarnings(String, String)
UnityEditor.Android.AndroidSDKTools:RunAndroidSdkTool(String, String, Boolean, WaitingForProcessToExit, String)
UnityEditor.Android.AndroidSDKTools:ListTargetPlatforms(WaitingForProcessToExit)
UnityEditor.Android.AndroidSDKTools:GetTopAndroidPlatformAvailable(WaitingForProcessToExit)
UnityEditor.Android.PostProcessor.Tasks.SDKPlatformDetector:GetVersion(AndroidSDKTools)
UnityEditor.Android.PostProcessor.Tasks.SDKComponentDetector:Detect(AndroidSDKTools, Version, ProgressHandler)
UnityEditor.Android.PostProcessor.Tasks.CheckAndroidSDK:EnsureSDKComponentVersion(Version, SDKComponentDetector)
UnityEditor.Android.PostProcessor.Tasks.CheckAndroidSDK:EnsureSDKComponentVersion(Int32, SDKComponentDetector)
UnityEditor.Android.PostProcessor.Tasks.CheckAndroidSDK:Execute(PostProcessorContext)
UnityEditor.Android.PostProcessor.PostProcessRunner:RunAllTasks(PostProcessorContext)
UnityEditor.Android.PostProcessAndroidPlayer:PrepareForBuild(BuildOptions, BuildTarget)
UnityEditor.Android.AndroidBuildPostprocessor:PrepareForBuild(BuildOptions, BuildTarget)
UnityEditor.PostprocessBuildPlayer:PrepareForBuild(BuildOptions, BuildTargetGroup, BuildTarget) (at C:\buildslave\unity\build\Editor\Mono\BuildPipeline\PostprocessBuildPlayer.cs:87)
UnityEditor.BuildPipeline:BuildPlayerInternalNoCheck(String[], String, String, BuildTargetGroup, BuildTarget, BuildOptions, Boolean)
UnityEditor.DefaultBuildMethods:BuildPlayer(BuildPlayerOptions) (at C:\buildslave\unity\build\Editor\Mono\BuildPlayerWindowBuildMethods.cs:164)
UnityEditor.BuildPlayerWindow:CallBuildMethods(Boolean, BuildOptions) (at C:\buildslave\unity\build\Editor\Mono\BuildPlayerWindowBuildMethods.cs:88)
UnityEditor.BuildPlayerWindow:GUIBuildButtons(IBuildWindowExtension, Boolean, Boolean, Boolean, BuildPlatform) (at C:\buildslave\unity\build\Editor\Mono\BuildPlayerWindow.cs:882)
UnityEditor.BuildPlayerWindow:ShowBuildTargetSettings() (at C:\buildslave\unity\build\Editor\Mono\BuildPlayerWindow.cs:812)
UnityEditor.BuildPlayerWindow:OnGUI() (at C:\buildslave\unity\build\Editor\Mono\BuildPlayerWindow.cs:426)
System.Reflection.MonoMethod:InternalInvoke(Object, Object[], Exception&)
System.Reflection.MonoMethod:Invoke(Object, BindingFlags, Binder, Object[], CultureInfo) (at /Users/builduser/buildslave/mono/build/mcs/class/corlib/System.Reflection/MonoMethod.cs:222)
System.Reflection.MethodBase:Invoke(Object, Object[]) (at /Users/builduser/buildslave/mono/build/mcs/class/corlib/System.Reflection/MethodBase.cs:115)
UnityEditor.HostView:Invoke(String, Object) (at C:\buildslave\unity\build\Editor\Mono\HostView.cs:295)
UnityEditor.HostView:Invoke(String) (at C:\buildslave\unity\build\Editor\Mono\HostView.cs:288)
UnityEditor.HostView:OldOnGUI() (at C:\buildslave\unity\build\Editor\Mono\HostView.cs:107)
UnityEngine.Experimental.UIElements.IMGUIContainer:DoOnGUI(Event) (at C:\buildslave\unity\build\Runtime\UIElements\Managed\IMGUIContainer.cs:183)
UnityEngine.Experimental.UIElements.IMGUIContainer:HandleIMGUIEvent(Event) (at C:\buildslave\unity\build\Runtime\UIElements\Managed\IMGUIContainer.cs:339)
UnityEngine.Experimental.UIElements.IMGUIContainer:HandleEvent(EventBase) (at C:\buildslave\unity\build\Runtime\UIElements\Managed\IMGUIContainer.cs:318)
UnityEngine.Experimental.UIElements.EventDispatcher:DispatchEvent(EventBase, IPanel) (at C:\buildslave\unity\build\Runtime\UIElements\Managed\EventDispatcher.cs:250)
UnityEngine.Experimental.UIElements.UIElementsUtility:DoDispatch(BaseVisualElementPanel) (at C:\buildslave\unity\build\Runtime\UIElements\Managed\UIElementsUtility.cs:256)
UnityEngine.Experimental.UIElements.UIElementsUtility:ProcessEvent(Int32, IntPtr) (at C:\buildslave\unity\build\Runtime\UIElements\Managed\UIElementsUtility.cs:78)
UnityEngine.GUIUtility:ProcessEvent(Int32, IntPtr) (at C:\buildslave\unity\build\Runtime\IMGUI\Managed\GUIUtility.cs:175)
 
(Filename: /Users/builduser/buildslave/mono/build/mcs/class/corlib/System.Reflection/MonoMethod.cs Line: 222)

 Mapping new ns http://schemas.android.com/sdk/android/repo/sys-img2/03 to old ns http://schemas.android.com/sdk/android/repo/sys-img2/01
UnityEngine.DebugLogHandler:Internal_Log(LogType, String, Object)
UnityEngine.DebugLogHandler:LogFormat(LogType, Object, String, Object[])
UnityEngine.Logger:Log(LogType, Object)
UnityEngine.Debug:LogWarning(Object)
UnityEditor.Android.AndroidSDKTools:DetectErrorsAndWarnings(String, String)
UnityEditor.Android.AndroidSDKTools:RunAndroidSdkTool(String, String, Boolean, WaitingForProcessToExit, String)
UnityEditor.Android.AndroidSDKTools:ListTargetPlatforms(WaitingForProcessToExit)
UnityEditor.Android.AndroidSDKTools:GetTopAndroidPlatformAvailable(WaitingForProcessToExit)
UnityEditor.Android.PostProcessor.Tasks.SDKPlatformDetector:GetVersion(AndroidSDKTools)
UnityEditor.Android.PostProcessor.Tasks.SDKComponentDetector:Detect(AndroidSDKTools, Version, ProgressHandler)
UnityEditor.Android.PostProcessor.Tasks.CheckAndroidSDK:EnsureSDKComponentVersion(Version, SDKComponentDetector)
UnityEditor.Android.PostProcessor.Tasks.CheckAndroidSDK:EnsureSDKComponentVersion(Int32, SDKComponentDetector)
UnityEditor.Android.PostProcessor.Tasks.CheckAndroidSDK:Execute(PostProcessorContext)
UnityEditor.Android.PostProcessor.PostProcessRunner:RunAllTasks(PostProcessorContext)
UnityEditor.Android.PostProcessAndroidPlayer:PrepareForBuild(BuildOptions, BuildTarget)
UnityEditor.Android.AndroidBuildPostprocessor:PrepareForBuild(BuildOptions, BuildTarget)
UnityEditor.PostprocessBuildPlayer:PrepareForBuild(BuildOptions, BuildTargetGroup, BuildTarget) (at C:\buildslave\unity\build\Editor\Mono\BuildPipeline\PostprocessBuildPlayer.cs:87)
UnityEditor.BuildPipeline:BuildPlayerInternalNoCheck(String[], String, String, BuildTargetGroup, BuildTarget, BuildOptions, Boolean)
UnityEditor.DefaultBuildMethods:BuildPlayer(BuildPlayerOptions) (at C:\buildslave\unity\build\Editor\Mono\BuildPlayerWindowBuildMethods.cs:164)
UnityEditor.BuildPlayerWindow:CallBuildMethods(Boolean, BuildOptions) (at C:\buildslave\unity\build\Editor\Mono\BuildPlayerWindowBuildMethods.cs:88)
UnityEditor.BuildPlayerWindow:GUIBuildButtons(IBuildWindowExtension, Boolean, Boolean, Boolean, BuildPlatform) (at C:\buildslave\unity\build\Editor\Mono\BuildPlayerWindow.cs:882)
UnityEditor.BuildPlayerWindow:ShowBuildTargetSettings() (at C:\buildslave\unity\build\Editor\Mono\BuildPlayerWindow.cs:812)
UnityEditor.BuildPlayerWindow:OnGUI() (at C:\buildslave\unity\build\Editor\Mono\BuildPlayerWindow.cs:426)
System.Reflection.MonoMethod:InternalInvoke(Object, Object[], Exception&)
System.Reflection.MonoMethod:Invoke(Object, BindingFlags, Binder, Object[], CultureInfo) (at /Users/builduser/buildslave/mono/build/mcs/class/corlib/System.Reflection/MonoMethod.cs:222)
System.Reflection.MethodBase:Invoke(Object, Object[]) (at /Users/builduser/buildslave/mono/build/mcs/class/corlib/System.Reflection/MethodBase.cs:115)
UnityEditor.HostView:Invoke(String, Object) (at C:\buildslave\unity\build\Editor\Mono\HostView.cs:295)
UnityEditor.HostView:Invoke(String) (at C:\buildslave\unity\build\Editor\Mono\HostView.cs:288)
UnityEditor.HostView:OldOnGUI() (at C:\buildslave\unity\build\Editor\Mono\HostView.cs:107)
UnityEngine.Experimental.UIElements.IMGUIContainer:DoOnGUI(Event) (at C:\buildslave\unity\build\Runtime\UIElements\Managed\IMGUIContainer.cs:183)
UnityEngine.Experimental.UIElements.IMGUIContainer:HandleIMGUIEvent(Event) (at C:\buildslave\unity\build\Runtime\UIElements\Managed\IMGUIContainer.cs:339)
UnityEngine.Experimental.UIElements.IMGUIContainer:HandleEvent(EventBase) (at C:\buildslave\unity\build\Runtime\UIElements\Managed\IMGUIContainer.cs:318)
UnityEngine.Experimental.UIElements.EventDispatcher:DispatchEvent(EventBase, IPanel) (at C:\buildslave\unity\build\Runtime\UIElements\Managed\EventDispatcher.cs:250)
UnityEngine.Experimental.UIElements.UIElementsUtility:DoDispatch(BaseVisualElementPanel) (at C:\buildslave\unity\build\Runtime\UIElements\Managed\UIElementsUtility.cs:256)
UnityEngine.Experimental.UIElements.UIElementsUtility:ProcessEvent(Int32, IntPtr) (at C:\buildslave\unity\build\Runtime\UIElements\Managed\UIElementsUtility.cs:78)
UnityEngine.GUIUtility:ProcessEvent(Int32, IntPtr) (at C:\buildslave\unity\build\Runtime\IMGUI\Managed\GUIUtility.cs:175)
 
(Filename: /Users/builduser/buildslave/mono/build/mcs/class/corlib/System.Reflection/MonoMethod.cs Line: 222)

 Mapping new ns http://schemas.android.com/sdk/android/repo/sys-img2/02 to old ns http://schemas.android.com/sdk/android/repo/sys-img2/01
UnityEngine.DebugLogHandler:Internal_Log(LogType, String, Object)
UnityEngine.DebugLogHandler:LogFormat(LogType, Object, String, Object[])
UnityEngine.Logger:Log(LogType, Object)
UnityEngine.Debug:LogWarning(Object)
UnityEditor.Android.AndroidSDKTools:DetectErrorsAndWarnings(String, String)
UnityEditor.Android.AndroidSDKTools:RunAndroidSdkTool(String, String, Boolean, WaitingForProcessToExit, String)
UnityEditor.Android.AndroidSDKTools:ListTargetPlatforms(WaitingForProcessToExit)
UnityEditor.Android.AndroidSDKTools:GetTopAndroidPlatformAvailable(WaitingForProcessToExit)
UnityEditor.Android.PostProcessor.Tasks.SDKPlatformDetector:GetVersion(AndroidSDKTools)
UnityEditor.Android.PostProcessor.Tasks.SDKComponentDetector:Detect(AndroidSDKTools, Version, ProgressHandler)
UnityEditor.Android.PostProcessor.Tasks.CheckAndroidSDK:EnsureSDKComponentVersion(Version, SDKComponentDetector)
UnityEditor.Android.PostProcessor.Tasks.CheckAndroidSDK:EnsureSDKComponentVersion(Int32, SDKComponentDetector)
UnityEditor.Android.PostProcessor.Tasks.CheckAndroidSDK:Execute(PostProcessorContext)
UnityEditor.Android.PostProcessor.PostProcessRunner:RunAllTasks(PostProcessorContext)
UnityEditor.Android.PostProcessAndroidPlayer:PrepareForBuild(BuildOptions, BuildTarget)
UnityEditor.Android.AndroidBuildPostprocessor:PrepareForBuild(BuildOptions, BuildTarget)
UnityEditor.PostprocessBuildPlayer:PrepareForBuild(BuildOptions, BuildTargetGroup, BuildTarget) (at C:\buildslave\unity\build\Editor\Mono\BuildPipeline\PostprocessBuildPlayer.cs:87)
UnityEditor.BuildPipeline:BuildPlayerInternalNoCheck(String[], String, String, BuildTargetGroup, BuildTarget, BuildOptions, Boolean)
UnityEditor.DefaultBuildMethods:BuildPlayer(BuildPlayerOptions) (at C:\buildslave\unity\build\Editor\Mono\BuildPlayerWindowBuildMethods.cs:164)
UnityEditor.BuildPlayerWindow:CallBuildMethods(Boolean, BuildOptions) (at C:\buildslave\unity\build\Editor\Mono\BuildPlayerWindowBuildMethods.cs:88)
UnityEditor.BuildPlayerWindow:GUIBuildButtons(IBuildWindowExtension, Boolean, Boolean, Boolean, BuildPlatform) (at C:\buildslave\unity\build\Editor\Mono\BuildPlayerWindow.cs:882)
UnityEditor.BuildPlayerWindow:ShowBuildTargetSettings() (at C:\buildslave\unity\build\Editor\Mono\BuildPlayerWindow.cs:812)
UnityEditor.BuildPlayerWindow:OnGUI() (at C:\buildslave\unity\build\Editor\Mono\BuildPlayerWindow.cs:426)
System.Reflection.MonoMethod:InternalInvoke(Object, Object[], Exception&)
System.Reflection.MonoMethod:Invoke(Object, BindingFlags, Binder, Object[], CultureInfo) (at /Users/builduser/buildslave/mono/build/mcs/class/corlib/System.Reflection/MonoMethod.cs:222)
System.Reflection.MethodBase:Invoke(Object, Object[]) (at /Users/builduser/buildslave/mono/build/mcs/class/corlib/System.Reflection/MethodBase.cs:115)
UnityEditor.HostView:Invoke(String, Object) (at C:\buildslave\unity\build\Editor\Mono\HostView.cs:295)
UnityEditor.HostView:Invoke(String) (at C:\buildslave\unity\build\Editor\Mono\HostView.cs:288)
UnityEditor.HostView:OldOnGUI() (at C:\buildslave\unity\build\Editor\Mono\HostView.cs:107)
UnityEngine.Experimental.UIElements.IMGUIContainer:DoOnGUI(Event) (at C:\buildslave\unity\build\Runtime\UIElements\Managed\IMGUIContainer.cs:183)
UnityEngine.Experimental.UIElements.IMGUIContainer:HandleIMGUIEvent(Event) (at C:\buildslave\unity\build\Runtime\UIElements\Managed\IMGUIContainer.cs:339)
UnityEngine.Experimental.UIElements.IMGUIContainer:HandleEvent(EventBase) (at C:\buildslave\unity\build\Runtime\UIElements\Managed\IMGUIContainer.cs:318)
UnityEngine.Experimental.UIElements.EventDispatcher:DispatchEvent(EventBase, IPanel) (at C:\buildslave\unity\build\Runtime\UIElements\Managed\EventDispatcher.cs:250)
UnityEngine.Experimental.UIElements.UIElementsUtility:DoDispatch(BaseVisualElementPanel) (at C:\buildslave\unity\build\Runtime\UIElements\Managed\UIElementsUtility.cs:256)
UnityEngine.Experimental.UIElements.UIElementsUtility:ProcessEvent(Int32, IntPtr) (at C:\buildslave\unity\build\Runtime\UIElements\Managed\UIElementsUtility.cs:78)
UnityEngine.GUIUtility:ProcessEvent(Int32, IntPtr) (at C:\buildslave\unity\build\Runtime\IMGUI\Managed\GUIUtility.cs:175)
 
(Filename: /Users/builduser/buildslave/mono/build/mcs/class/corlib/System.Reflection/MonoMethod.cs Line: 222)

 Mapping new ns http://schemas.android.com/repository/android/common/02 to old ns http://schemas.android.com/repository/android/common/01
UnityEngine.DebugLogHandler:Internal_Log(LogType, String, Object)
UnityEngine.DebugLogHandler:LogFormat(LogType, Object, String, Object[])
UnityEngine.Logger:Log(LogType, Object)
UnityEngine.Debug:LogWarning(Object)
UnityEditor.Android.AndroidSDKTools:DetectErrorsAndWarnings(String, String)
UnityEditor.Android.AndroidSDKTools:RunAndroidSdkTool(String, String, Boolean, WaitingForProcessToExit, String)
UnityEditor.Android.AndroidSDKTools:ListTargetPlatforms(WaitingForProcessToExit)
UnityEditor.Android.AndroidSDKTools:GetTopAndroidPlatformAvailable(WaitingForProcessToExit)
UnityEditor.Android.PostProcessor.Tasks.SDKPlatformDetector:GetVersion(AndroidSDKTools)
UnityEditor.Android.PostProcessor.Tasks.SDKComponentDetector:Detect(AndroidSDKTools, Version, ProgressHandler)
UnityEditor.Android.PostProcessor.Tasks.CheckAndroidSDK:EnsureSDKComponentVersion(Version, SDKComponentDetector)
UnityEditor.Android.PostProcessor.Tasks.CheckAndroidSDK:EnsureSDKComponentVersion(Int32, SDKComponentDetector)
UnityEditor.Android.PostProcessor.Tasks.CheckAndroidSDK:Execute(PostProcessorContext)
UnityEditor.Android.PostProcessor.PostProcessRunner:RunAllTasks(PostProcessorContext)
UnityEditor.Android.PostProcessAndroidPlayer:PrepareForBuild(BuildOptions, BuildTarget)
UnityEditor.Android.AndroidBuildPostprocessor:PrepareForBuild(BuildOptions, BuildTarget)
UnityEditor.PostprocessBuildPlayer:PrepareForBuild(BuildOptions, BuildTargetGroup, BuildTarget) (at C:\buildslave\unity\build\Editor\Mono\BuildPipeline\PostprocessBuildPlayer.cs:87)
UnityEditor.BuildPipeline:BuildPlayerInternalNoCheck(String[], String, String, BuildTargetGroup, BuildTarget, BuildOptions, Boolean)
UnityEditor.DefaultBuildMethods:BuildPlayer(BuildPlayerOptions) (at C:\buildslave\unity\build\Editor\Mono\BuildPlayerWindowBuildMethods.cs:164)
UnityEditor.BuildPlayerWindow:CallBuildMethods(Boolean, BuildOptions) (at C:\buildslave\unity\build\Editor\Mono\BuildPlayerWindowBuildMethods.cs:88)
UnityEditor.BuildPlayerWindow:GUIBuildButtons(IBuildWindowExtension, Boolean, Boolean, Boolean, BuildPlatform) (at C:\buildslave\unity\build\Editor\Mono\BuildPlayerWindow.cs:882)
UnityEditor.BuildPlayerWindow:ShowBuildTargetSettings() (at C:\buildslave\unity\build\Editor\Mono\BuildPlayerWindow.cs:812)
UnityEditor.BuildPlayerWindow:OnGUI() (at C:\buildslave\unity\build\Editor\Mono\BuildPlayerWindow.cs:426)
System.Reflection.MonoMethod:InternalInvoke(Object, Object[], Exception&)
System.Reflection.MonoMethod:Invoke(Object, BindingFlags, Binder, Object[], CultureInfo) (at /Users/builduser/buildslave/mono/build/mcs/class/corlib/System.Reflection/MonoMethod.cs:222)
System.Reflection.MethodBase:Invoke(Object, Object[]) (at /Users/builduser/buildslave/mono/build/mcs/class/corlib/System.Reflection/MethodBase.cs:115)
UnityEditor.HostView:Invoke(String, Object) (at C:\buildslave\unity\build\Editor\Mono\HostView.cs:295)
UnityEditor.HostView:Invoke(String) (at C:\buildslave\unity\build\Editor\Mono\HostView.cs:288)
UnityEditor.HostView:OldOnGUI() (at C:\buildslave\unity\build\Editor\Mono\HostView.cs:107)
UnityEngine.Experimental.UIElements.IMGUIContainer:DoOnGUI(Event) (at C:\buildslave\unity\build\Runtime\UIElements\Managed\IMGUIContainer.cs:183)
UnityEngine.Experimental.UIElements.IMGUIContainer:HandleIMGUIEvent(Event) (at C:\buildslave\unity\build\Runtime\UIElements\Managed\IMGUIContainer.cs:339)
UnityEngine.Experimental.UIElements.IMGUIContainer:HandleEvent(EventBase) (at C:\buildslave\unity\build\Runtime\UIElements\Managed\IMGUIContainer.cs:318)
UnityEngine.Experimental.UIElements.EventDispatcher:DispatchEvent(EventBase, IPanel) (at C:\buildslave\unity\build\Runtime\UIElements\Managed\EventDispatcher.cs:250)
UnityEngine.Experimental.UIElements.UIElementsUtility:DoDispatch(BaseVisualElementPanel) (at C:\buildslave\unity\build\Runtime\UIElements\Managed\UIElementsUtility.cs:256)
UnityEngine.Experimental.UIElements.UIElementsUtility:ProcessEvent(Int32, IntPtr) (at C:\buildslave\unity\build\Runtime\UIElements\Managed\UIElementsUtility.cs:78)
UnityEngine.GUIUtility:ProcessEvent(Int32, IntPtr) (at C:\buildslave\unity\build\Runtime\IMGUI\Managed\GUIUtility.cs:175)
 
(Filename: /Users/builduser/buildslave/mono/build/mcs/class/corlib/System.Reflection/MonoMethod.cs Line: 222)

 Mapping new ns http://schemas.android.com/repository/android/generic/02 to old ns http://schemas.android.com/repository/android/generic/01
UnityEngine.DebugLogHandler:Internal_Log(LogType, String, Object)
UnityEngine.DebugLogHandler:LogFormat(LogType, Object, String, Object[])
UnityEngine.Logger:Log(LogType, Object)
UnityEngine.Debug:LogWarning(Object)
UnityEditor.Android.AndroidSDKTools:DetectErrorsAndWarnings(String, String)
UnityEditor.Android.AndroidSDKTools:RunAndroidSdkTool(String, String, Boolean, WaitingForProcessToExit, String)
UnityEditor.Android.AndroidSDKTools:ListTargetPlatforms(WaitingForProcessToExit)
UnityEditor.Android.AndroidSDKTools:GetTopAndroidPlatformAvailable(WaitingForProcessToExit)
UnityEditor.Android.PostProcessor.Tasks.SDKPlatformDetector:GetVersion(AndroidSDKTools)
UnityEditor.Android.PostProcessor.Tasks.SDKComponentDetector:Detect(AndroidSDKTools, Version, ProgressHandler)
UnityEditor.Android.PostProcessor.Tasks.CheckAndroidSDK:EnsureSDKComponentVersion(Version, SDKComponentDetector)
UnityEditor.Android.PostProcessor.Tasks.CheckAndroidSDK:EnsureSDKComponentVersion(Int32, SDKComponentDetector)
UnityEditor.Android.PostProcessor.Tasks.CheckAndroidSDK:Execute(PostProcessorContext)
UnityEditor.Android.PostProcessor.PostProcessRunner:RunAllTasks(PostProcessorContext)
UnityEditor.Android.PostProcessAndroidPlayer:PrepareForBuild(BuildOptions, BuildTarget)
UnityEditor.Android.AndroidBuildPostprocessor:PrepareForBuild(BuildOptions, BuildTarget)
UnityEditor.PostprocessBuildPlayer:PrepareForBuild(BuildOptions, BuildTargetGroup, BuildTarget) (at C:\buildslave\unity\build\Editor\Mono\BuildPipeline\PostprocessBuildPlayer.cs:87)
UnityEditor.BuildPipeline:BuildPlayerInternalNoCheck(String[], String, String, BuildTargetGroup, BuildTarget, BuildOptions, Boolean)
UnityEditor.DefaultBuildMethods:BuildPlayer(BuildPlayerOptions) (at C:\buildslave\unity\build\Editor\Mono\BuildPlayerWindowBuildMethods.cs:164)
UnityEditor.BuildPlayerWindow:CallBuildMethods(Boolean, BuildOptions) (at C:\buildslave\unity\build\Editor\Mono\BuildPlayerWindowBuildMethods.cs:88)
UnityEditor.BuildPlayerWindow:GUIBuildButtons(IBuildWindowExtension, Boolean, Boolean, Boolean, BuildPlatform) (at C:\buildslave\unity\build\Editor\Mono\BuildPlayerWindow.cs:882)
UnityEditor.BuildPlayerWindow:ShowBuildTargetSettings() (at C:\buildslave\unity\build\Editor\Mono\BuildPlayerWindow.cs:812)
UnityEditor.BuildPlayerWindow:OnGUI() (at C:\buildslave\unity\build\Editor\Mono\BuildPlayerWindow.cs:426)
System.Reflection.MonoMethod:InternalInvoke(Object, Object[], Exception&)
System.Reflection.MonoMethod:Invoke(Object, BindingFlags, Binder, Object[], CultureInfo) (at /Users/builduser/buildslave/mono/build/mcs/class/corlib/System.Reflection/MonoMethod.cs:222)
System.Reflection.MethodBase:Invoke(Object, Object[]) (at /Users/builduser/buildslave/mono/build/mcs/class/corlib/System.Reflection/MethodBase.cs:115)
UnityEditor.HostView:Invoke(String, Object) (at C:\buildslave\unity\build\Editor\Mono\HostView.cs:295)
UnityEditor.HostView:Invoke(String) (at C:\buildslave\unity\build\Editor\Mono\HostView.cs:288)
UnityEditor.HostView:OldOnGUI() (at C:\buildslave\unity\build\Editor\Mono\HostView.cs:107)
UnityEngine.Experimental.UIElements.IMGUIContainer:DoOnGUI(Event) (at C:\buildslave\unity\build\Runtime\UIElements\Managed\IMGUIContainer.cs:183)
UnityEngine.Experimental.UIElements.IMGUIContainer:HandleIMGUIEvent(Event) (at C:\buildslave\unity\build\Runtime\UIElements\Managed\IMGUIContainer.cs:339)
UnityEngine.Experimental.UIElements.IMGUIContainer:HandleEvent(EventBase) (at C:\buildslave\unity\build\Runtime\UIElements\Managed\IMGUIContainer.cs:318)
UnityEngine.Experimental.UIElements.EventDispatcher:DispatchEvent(EventBase, IPanel) (at C:\buildslave\unity\build\Runtime\UIElements\Managed\EventDispatcher.cs:250)
UnityEngine.Experimental.UIElements.UIElementsUtility:DoDispatch(BaseVisualElementPanel) (at C:\buildslave\unity\build\Runtime\UIElements\Managed\UIElementsUtility.cs:256)
UnityEngine.Experimental.UIElements.UIElementsUtility:ProcessEvent(Int32, IntPtr) (at C:\buildslave\unity\build\Runtime\UIElements\Managed\UIElementsUtility.cs:78)
UnityEngine.GUIUtility:ProcessEvent(Int32, IntPtr) (at C:\buildslave\unity\build\Runtime\IMGUI\Managed\GUIUtility.cs:175)
 
(Filename: /Users/builduser/buildslave/mono/build/mcs/class/corlib/System.Reflection/MonoMethod.cs Line: 222)

 Mapping new ns http://schemas.android.com/sdk/android/repo/addon2/02 to old ns http://schemas.android.com/sdk/android/repo/addon2/01
UnityEngine.DebugLogHandler:Internal_Log(LogType, String, Object)
UnityEngine.DebugLogHandler:LogFormat(LogType, Object, String, Object[])
UnityEngine.Logger:Log(LogType, Object)
UnityEngine.Debug:LogWarning(Object)
UnityEditor.Android.AndroidSDKTools:DetectErrorsAndWarnings(String, String)
UnityEditor.Android.AndroidSDKTools:RunAndroidSdkTool(String, String, Boolean, WaitingForProcessToExit, String)
UnityEditor.Android.AndroidSDKTools:ListTargetPlatforms(WaitingForProcessToExit)
UnityEditor.Android.AndroidSDKTools:GetTopAndroidPlatformAvailable(WaitingForProcessToExit)
UnityEditor.Android.PostProcessor.Tasks.SDKPlatformDetector:GetVersion(AndroidSDKTools)
UnityEditor.Android.PostProcessor.Tasks.SDKComponentDetector:Detect(AndroidSDKTools, Version, ProgressHandler)
UnityEditor.Android.PostProcessor.Tasks.CheckAndroidSDK:EnsureSDKComponentVersion(Version, SDKComponentDetector)
UnityEditor.Android.PostProcessor.Tasks.CheckAndroidSDK:EnsureSDKComponentVersion(Int32, SDKComponentDetector)
UnityEditor.Android.PostProcessor.Tasks.CheckAndroidSDK:Execute(PostProcessorContext)
UnityEditor.Android.PostProcessor.PostProcessRunner:RunAllTasks(PostProcessorContext)
UnityEditor.Android.PostProcessAndroidPlayer:PrepareForBuild(BuildOptions, BuildTarget)
UnityEditor.Android.AndroidBuildPostprocessor:PrepareForBuild(BuildOptions, BuildTarget)
UnityEditor.PostprocessBuildPlayer:PrepareForBuild(BuildOptions, BuildTargetGroup, BuildTarget) (at C:\buildslave\unity\build\Editor\Mono\BuildPipeline\PostprocessBuildPlayer.cs:87)
UnityEditor.BuildPipeline:BuildPlayerInternalNoCheck(String[], String, String, BuildTargetGroup, BuildTarget, BuildOptions, Boolean)
UnityEditor.DefaultBuildMethods:BuildPlayer(BuildPlayerOptions) (at C:\buildslave\unity\build\Editor\Mono\BuildPlayerWindowBuildMethods.cs:164)
UnityEditor.BuildPlayerWindow:CallBuildMethods(Boolean, BuildOptions) (at C:\buildslave\unity\build\Editor\Mono\BuildPlayerWindowBuildMethods.cs:88)
UnityEditor.BuildPlayerWindow:GUIBuildButtons(IBuildWindowExtension, Boolean, Boolean, Boolean, BuildPlatform) (at C:\buildslave\unity\build\Editor\Mono\BuildPlayerWindow.cs:882)
UnityEditor.BuildPlayerWindow:ShowBuildTargetSettings() (at C:\buildslave\unity\build\Editor\Mono\BuildPlayerWindow.cs:812)
UnityEditor.BuildPlayerWindow:OnGUI() (at C:\buildslave\unity\build\Editor\Mono\BuildPlayerWindow.cs:426)
System.Reflection.MonoMethod:InternalInvoke(Object, Object[], Exception&)
System.Reflection.MonoMethod:Invoke(Object, BindingFlags, Binder, Object[], CultureInfo) (at /Users/builduser/buildslave/mono/build/mcs/class/corlib/System.Reflection/MonoMethod.cs:222)
System.Reflection.MethodBase:Invoke(Object, Object[]) (at /Users/builduser/buildslave/mono/build/mcs/class/corlib/System.Reflection/MethodBase.cs:115)
UnityEditor.HostView:Invoke(String, Object) (at C:\buildslave\unity\build\Editor\Mono\HostView.cs:295)
UnityEditor.HostView:Invoke(String) (at C:\buildslave\unity\build\Editor\Mono\HostView.cs:288)
UnityEditor.HostView:OldOnGUI() (at C:\buildslave\unity\build\Editor\Mono\HostView.cs:107)
UnityEngine.Experimental.UIElements.IMGUIContainer:DoOnGUI(Event) (at C:\buildslave\unity\build\Runtime\UIElements\Managed\IMGUIContainer.cs:183)
UnityEngine.Experimental.UIElements.IMGUIContainer:HandleIMGUIEvent(Event) (at C:\buildslave\unity\build\Runtime\UIElements\Managed\IMGUIContainer.cs:339)
UnityEngine.Experimental.UIElements.IMGUIContainer:HandleEvent(EventBase) (at C:\buildslave\unity\build\Runtime\UIElements\Managed\IMGUIContainer.cs:318)
UnityEngine.Experimental.UIElements.EventDispatcher:DispatchEvent(EventBase, IPanel) (at C:\buildslave\unity\build\Runtime\UIElements\Managed\EventDispatcher.cs:250)
UnityEngine.Experimental.UIElements.UIElementsUtility:DoDispatch(BaseVisualElementPanel) (at C:\buildslave\unity\build\Runtime\UIElements\Managed\UIElementsUtility.cs:256)
UnityEngine.Experimental.UIElements.UIElementsUtility:ProcessEvent(Int32, IntPtr) (at C:\buildslave\unity\build\Runtime\UIElements\Managed\UIElementsUtility.cs:78)
UnityEngine.GUIUtility:ProcessEvent(Int32, IntPtr) (at C:\buildslave\unity\build\Runtime\IMGUI\Managed\GUIUtility.cs:175)
 
(Filename: /Users/builduser/buildslave/mono/build/mcs/class/corlib/System.Reflection/MonoMethod.cs Line: 222)

 Mapping new ns http://schemas.android.com/sdk/android/repo/addon2/03 to old ns http://schemas.android.com/sdk/android/repo/addon2/01
UnityEngine.DebugLogHandler:Internal_Log(LogType, String, Object)
UnityEngine.DebugLogHandler:LogFormat(LogType, Object, String, Object[])
UnityEngine.Logger:Log(LogType, Object)
UnityEngine.Debug:LogWarning(Object)
UnityEditor.Android.AndroidSDKTools:DetectErrorsAndWarnings(String, String)
UnityEditor.Android.AndroidSDKTools:RunAndroidSdkTool(String, String, Boolean, WaitingForProcessToExit, String)
UnityEditor.Android.AndroidSDKTools:ListTargetPlatforms(WaitingForProcessToExit)
UnityEditor.Android.AndroidSDKTools:GetTopAndroidPlatformAvailable(WaitingForProcessToExit)
UnityEditor.Android.PostProcessor.Tasks.SDKPlatformDetector:GetVersion(AndroidSDKTools)
UnityEditor.Android.PostProcessor.Tasks.SDKComponentDetector:Detect(AndroidSDKTools, Version, ProgressHandler)
UnityEditor.Android.PostProcessor.Tasks.CheckAndroidSDK:EnsureSDKComponentVersion(Version, SDKComponentDetector)
UnityEditor.Android.PostProcessor.Tasks.CheckAndroidSDK:EnsureSDKComponentVersion(Int32, SDKComponentDetector)
UnityEditor.Android.PostProcessor.Tasks.CheckAndroidSDK:Execute(PostProcessorContext)
UnityEditor.Android.PostProcessor.PostProcessRunner:RunAllTasks(PostProcessorContext)
UnityEditor.Android.PostProcessAndroidPlayer:PrepareForBuild(BuildOptions, BuildTarget)
UnityEditor.Android.AndroidBuildPostprocessor:PrepareForBuild(BuildOptions, BuildTarget)
UnityEditor.PostprocessBuildPlayer:PrepareForBuild(BuildOptions, BuildTargetGroup, BuildTarget) (at C:\buildslave\unity\build\Editor\Mono\BuildPipeline\PostprocessBuildPlayer.cs:87)
UnityEditor.BuildPipeline:BuildPlayerInternalNoCheck(String[], String, String, BuildTargetGroup, BuildTarget, BuildOptions, Boolean)
UnityEditor.DefaultBuildMethods:BuildPlayer(BuildPlayerOptions) (at C:\buildslave\unity\build\Editor\Mono\BuildPlayerWindowBuildMethods.cs:164)
UnityEditor.BuildPlayerWindow:CallBuildMethods(Boolean, BuildOptions) (at C:\buildslave\unity\build\Editor\Mono\BuildPlayerWindowBuildMethods.cs:88)
UnityEditor.BuildPlayerWindow:GUIBuildButtons(IBuildWindowExtension, Boolean, Boolean, Boolean, BuildPlatform) (at C:\buildslave\unity\build\Editor\Mono\BuildPlayerWindow.cs:882)
UnityEditor.BuildPlayerWindow:ShowBuildTargetSettings() (at C:\buildslave\unity\build\Editor\Mono\BuildPlayerWindow.cs:812)
UnityEditor.BuildPlayerWindow:OnGUI() (at C:\buildslave\unity\build\Editor\Mono\BuildPlayerWindow.cs:426)
System.Reflection.MonoMethod:InternalInvoke(Object, Object[], Exception&)
System.Reflection.MonoMethod:Invoke(Object, BindingFlags, Binder, Object[], CultureInfo) (at /Users/builduser/buildslave/mono/build/mcs/class/corlib/System.Reflection/MonoMethod.cs:222)
System.Reflection.MethodBase:Invoke(Object, Object[]) (at /Users/builduser/buildslave/mono/build/mcs/class/corlib/System.Reflection/MethodBase.cs:115)
UnityEditor.HostView:Invoke(String, Object) (at C:\buildslave\unity\build\Editor\Mono\HostView.cs:295)
UnityEditor.HostView:Invoke(String) (at C:\buildslave\unity\build\Editor\Mono\HostView.cs:288)
UnityEditor.HostView:OldOnGUI() (at C:\buildslave\unity\build\Editor\Mono\HostView.cs:107)
UnityEngine.Experimental.UIElements.IMGUIContainer:DoOnGUI(Event) (at C:\buildslave\unity\build\Runtime\UIElements\Managed\IMGUIContainer.cs:183)
UnityEngine.Experimental.UIElements.IMGUIContainer:HandleIMGUIEvent(Event) (at C:\buildslave\unity\build\Runtime\UIElements\Managed\IMGUIContainer.cs:339)
UnityEngine.Experimental.UIElements.IMGUIContainer:HandleEvent(EventBase) (at C:\buildslave\unity\build\Runtime\UIElements\Managed\IMGUIContainer.cs:318)
UnityEngine.Experimental.UIElements.EventDispatcher:DispatchEvent(EventBase, IPanel) (at C:\buildslave\unity\build\Runtime\UIElements\Managed\EventDispatcher.cs:250)
UnityEngine.Experimental.UIElements.UIElementsUtility:DoDispatch(BaseVisualElementPanel) (at C:\buildslave\unity\build\Runtime\UIElements\Managed\UIElementsUtility.cs:256)
UnityEngine.Experimental.UIElements.UIElementsUtility:ProcessEvent(Int32, IntPtr) (at C:\buildslave\unity\build\Runtime\UIElements\Managed\UIElementsUtility.cs:78)
UnityEngine.GUIUtility:ProcessEvent(Int32, IntPtr) (at C:\buildslave\unity\build\Runtime\IMGUI\Managed\GUIUtility.cs:175)
 
(Filename: /Users/builduser/buildslave/mono/build/mcs/class/corlib/System.Reflection/MonoMethod.cs Line: 222)

 Mapping new ns http://schemas.android.com/sdk/android/repo/repository2/02 to old ns http://schemas.android.com/sdk/android/repo/repository2/01
UnityEngine.DebugLogHandler:Internal_Log(LogType, String, Object)
UnityEngine.DebugLogHandler:LogFormat(LogType, Object, String, Object[])
UnityEngine.Logger:Log(LogType, Object)
UnityEngine.Debug:LogWarning(Object)
UnityEditor.Android.AndroidSDKTools:DetectErrorsAndWarnings(String, String)
UnityEditor.Android.AndroidSDKTools:RunAndroidSdkTool(String, String, Boolean, WaitingForProcessToExit, String)
UnityEditor.Android.AndroidSDKTools:ListTargetPlatforms(WaitingForProcessToExit)
UnityEditor.Android.AndroidSDKTools:GetTopAndroidPlatformAvailable(WaitingForProcessToExit)
UnityEditor.Android.PostProcessor.Tasks.SDKPlatformDetector:GetVersion(AndroidSDKTools)
UnityEditor.Android.PostProcessor.Tasks.SDKComponentDetector:Detect(AndroidSDKTools, Version, ProgressHandler)
UnityEditor.Android.PostProcessor.Tasks.CheckAndroidSDK:EnsureSDKComponentVersion(Version, SDKComponentDetector)
UnityEditor.Android.PostProcessor.Tasks.CheckAndroidSDK:EnsureSDKComponentVersion(Int32, SDKComponentDetector)
UnityEditor.Android.PostProcessor.Tasks.CheckAndroidSDK:Execute(PostProcessorContext)
UnityEditor.Android.PostProcessor.PostProcessRunner:RunAllTasks(PostProcessorContext)
UnityEditor.Android.PostProcessAndroidPlayer:PrepareForBuild(BuildOptions, BuildTarget)
UnityEditor.Android.AndroidBuildPostprocessor:PrepareForBuild(BuildOptions, BuildTarget)
UnityEditor.PostprocessBuildPlayer:PrepareForBuild(BuildOptions, BuildTargetGroup, BuildTarget) (at C:\buildslave\unity\build\Editor\Mono\BuildPipeline\PostprocessBuildPlayer.cs:87)
UnityEditor.BuildPipeline:BuildPlayerInternalNoCheck(String[], String, String, BuildTargetGroup, BuildTarget, BuildOptions, Boolean)
UnityEditor.DefaultBuildMethods:BuildPlayer(BuildPlayerOptions) (at C:\buildslave\unity\build\Editor\Mono\BuildPlayerWindowBuildMethods.cs:164)
UnityEditor.BuildPlayerWindow:CallBuildMethods(Boolean, BuildOptions) (at C:\buildslave\unity\build\Editor\Mono\BuildPlayerWindowBuildMethods.cs:88)
UnityEditor.BuildPlayerWindow:GUIBuildButtons(IBuildWindowExtension, Boolean, Boolean, Boolean, BuildPlatform) (at C:\buildslave\unity\build\Editor\Mono\BuildPlayerWindow.cs:882)
UnityEditor.BuildPlayerWindow:ShowBuildTargetSettings() (at C:\buildslave\unity\build\Editor\Mono\BuildPlayerWindow.cs:812)
UnityEditor.BuildPlayerWindow:OnGUI() (at C:\buildslave\unity\build\Editor\Mono\BuildPlayerWindow.cs:426)
System.Reflection.MonoMethod:InternalInvoke(Object, Object[], Exception&)
System.Reflection.MonoMethod:Invoke(Object, BindingFlags, Binder, Object[], CultureInfo) (at /Users/builduser/buildslave/mono/build/mcs/class/corlib/System.Reflection/MonoMethod.cs:222)
System.Reflection.MethodBase:Invoke(Object, Object[]) (at /Users/builduser/buildslave/mono/build/mcs/class/corlib/System.Reflection/MethodBase.cs:115)
UnityEditor.HostView:Invoke(String, Object) (at C:\buildslave\unity\build\Editor\Mono\HostView.cs:295)
UnityEditor.HostView:Invoke(String) (at C:\buildslave\unity\build\Editor\Mono\HostView.cs:288)
UnityEditor.HostView:OldOnGUI() (at C:\buildslave\unity\build\Editor\Mono\HostView.cs:107)
UnityEngine.Experimental.UIElements.IMGUIContainer:DoOnGUI(Event) (at C:\buildslave\unity\build\Runtime\UIElements\Managed\IMGUIContainer.cs:183)
UnityEngine.Experimental.UIElements.IMGUIContainer:HandleIMGUIEvent(Event) (at C:\buildslave\unity\build\Runtime\UIElements\Managed\IMGUIContainer.cs:339)
UnityEngine.Experimental.UIElements.IMGUIContainer:HandleEvent(EventBase) (at C:\buildslave\unity\build\Runtime\UIElements\Managed\IMGUIContainer.cs:318)
UnityEngine.Experimental.UIElements.EventDispatcher:DispatchEvent(EventBase, IPanel) (at C:\buildslave\unity\build\Runtime\UIElements\Managed\EventDispatcher.cs:250)
UnityEngine.Experimental.UIElements.UIElementsUtility:DoDispatch(BaseVisualElementPanel) (at C:\buildslave\unity\build\Runtime\UIElements\Managed\UIElementsUtility.cs:256)
UnityEngine.Experimental.UIElements.UIElementsUtility:ProcessEvent(Int32, IntPtr) (at C:\buildslave\unity\build\Runtime\UIElements\Managed\UIElementsUtility.cs:78)
UnityEngine.GUIUtility:ProcessEvent(Int32, IntPtr) (at C:\buildslave\unity\build\Runtime\IMGUI\Managed\GUIUtility.cs:175)
 
(Filename: /Users/builduser/buildslave/mono/build/mcs/class/corlib/System.Reflection/MonoMethod.cs Line: 222)

 Mapping new ns http://schemas.android.com/sdk/android/repo/repository2/03 to old ns http://schemas.android.com/sdk/android/repo/repository2/01
UnityEngine.DebugLogHandler:Internal_Log(LogType, String, Object)
UnityEngine.DebugLogHandler:LogFormat(LogType, Object, String, Object[])
UnityEngine.Logger:Log(LogType, Object)
UnityEngine.Debug:LogWarning(Object)
UnityEditor.Android.AndroidSDKTools:DetectErrorsAndWarnings(String, String)
UnityEditor.Android.AndroidSDKTools:RunAndroidSdkTool(String, String, Boolean, WaitingForProcessToExit, String)
UnityEditor.Android.AndroidSDKTools:ListTargetPlatforms(WaitingForProcessToExit)
UnityEditor.Android.AndroidSDKTools:GetTopAndroidPlatformAvailable(WaitingForProcessToExit)
UnityEditor.Android.PostProcessor.Tasks.SDKPlatformDetector:GetVersion(AndroidSDKTools)
UnityEditor.Android.PostProcessor.Tasks.SDKComponentDetector:Detect(AndroidSDKTools, Version, ProgressHandler)
UnityEditor.Android.PostProcessor.Tasks.CheckAndroidSDK:EnsureSDKComponentVersion(Version, SDKComponentDetector)
UnityEditor.Android.PostProcessor.Tasks.CheckAndroidSDK:EnsureSDKComponentVersion(Int32, SDKComponentDetector)
UnityEditor.Android.PostProcessor.Tasks.CheckAndroidSDK:Execute(PostProcessorContext)
UnityEditor.Android.PostProcessor.PostProcessRunner:RunAllTasks(PostProcessorContext)
UnityEditor.Android.PostProcessAndroidPlayer:PrepareForBuild(BuildOptions, BuildTarget)
UnityEditor.Android.AndroidBuildPostprocessor:PrepareForBuild(BuildOptions, BuildTarget)
UnityEditor.PostprocessBuildPlayer:PrepareForBuild(BuildOptions, BuildTargetGroup, BuildTarget) (at C:\buildslave\unity\build\Editor\Mono\BuildPipeline\PostprocessBuildPlayer.cs:87)
UnityEditor.BuildPipeline:BuildPlayerInternalNoCheck(String[], String, String, BuildTargetGroup, BuildTarget, BuildOptions, Boolean)
UnityEditor.DefaultBuildMethods:BuildPlayer(BuildPlayerOptions) (at C:\buildslave\unity\build\Editor\Mono\BuildPlayerWindowBuildMethods.cs:164)
UnityEditor.BuildPlayerWindow:CallBuildMethods(Boolean, BuildOptions) (at C:\buildslave\unity\build\Editor\Mono\BuildPlayerWindowBuildMethods.cs:88)
UnityEditor.BuildPlayerWindow:GUIBuildButtons(IBuildWindowExtension, Boolean, Boolean, Boolean, BuildPlatform) (at C:\buildslave\unity\build\Editor\Mono\BuildPlayerWindow.cs:882)
UnityEditor.BuildPlayerWindow:ShowBuildTargetSettings() (at C:\buildslave\unity\build\Editor\Mono\BuildPlayerWindow.cs:812)
UnityEditor.BuildPlayerWindow:OnGUI() (at C:\buildslave\unity\build\Editor\Mono\BuildPlayerWindow.cs:426)
System.Reflection.MonoMethod:InternalInvoke(Object, Object[], Exception&)
System.Reflection.MonoMethod:Invoke(Object, BindingFlags, Binder, Object[], CultureInfo) (at /Users/builduser/buildslave/mono/build/mcs/class/corlib/System.Reflection/MonoMethod.cs:222)
System.Reflection.MethodBase:Invoke(Object, Object[]) (at /Users/builduser/buildslave/mono/build/mcs/class/corlib/System.Reflection/MethodBase.cs:115)
UnityEditor.HostView:Invoke(String, Object) (at C:\buildslave\unity\build\Editor\Mono\HostView.cs:295)
UnityEditor.HostView:Invoke(String) (at C:\buildslave\unity\build\Editor\Mono\HostView.cs:288)
UnityEditor.HostView:OldOnGUI() (at C:\buildslave\unity\build\Editor\Mono\HostView.cs:107)
UnityEngine.Experimental.UIElements.IMGUIContainer:DoOnGUI(Event) (at C:\buildslave\unity\build\Runtime\UIElements\Managed\IMGUIContainer.cs:183)
UnityEngine.Experimental.UIElements.IMGUIContainer:HandleIMGUIEvent(Event) (at C:\buildslave\unity\build\Runtime\UIElements\Managed\IMGUIContainer.cs:339)
UnityEngine.Experimental.UIElements.IMGUIContainer:HandleEvent(EventBase) (at C:\buildslave\unity\build\Runtime\UIElements\Managed\IMGUIContainer.cs:318)
UnityEngine.Experimental.UIElements.EventDispatcher:DispatchEvent(EventBase, IPanel) (at C:\buildslave\unity\build\Runtime\UIElements\Managed\EventDispatcher.cs:250)
UnityEngine.Experimental.UIElements.UIElementsUtility:DoDispatch(BaseVisualElementPanel) (at C:\buildslave\unity\build\Runtime\UIElements\Managed\UIElementsUtility.cs:256)
UnityEngine.Experimental.UIElements.UIElementsUtility:ProcessEvent(Int32, IntPtr) (at C:\buildslave\unity\build\Runtime\UIElements\Managed\UIElementsUtility.cs:78)
UnityEngine.GUIUtility:ProcessEvent(Int32, IntPtr) (at C:\buildslave\unity\build\Runtime\IMGUI\Managed\GUIUtility.cs:175)
 
(Filename: /Users/builduser/buildslave/mono/build/mcs/class/corlib/System.Reflection/MonoMethod.cs Line: 222)

 Mapping new ns http://schemas.android.com/sdk/android/repo/sys-img2/04 to old ns http://schemas.android.com/sdk/android/repo/sys-img2/01
UnityEngine.DebugLogHandler:Internal_Log(LogType, String, Object)
UnityEngine.DebugLogHandler:LogFormat(LogType, Object, String, Object[])
UnityEngine.Logger:Log(LogType, Object)
UnityEngine.Debug:LogWarning(Object)
UnityEditor.Android.AndroidSDKTools:DetectErrorsAndWarnings(String, String)
UnityEditor.Android.AndroidSDKTools:RunAndroidSdkTool(String, String, Boolean, WaitingForProcessToExit, String)
UnityEditor.Android.AndroidSDKTools:ListTargetPlatforms(WaitingForProcessToExit)
UnityEditor.Android.AndroidSDKTools:GetTopAndroidPlatformAvailable(WaitingForProcessToExit)
UnityEditor.Android.PostProcessor.Tasks.SDKPlatformDetector:GetVersion(AndroidSDKTools)
UnityEditor.Android.PostProcessor.Tasks.SDKComponentDetector:Detect(AndroidSDKTools, Version, ProgressHandler)
UnityEditor.Android.PostProcessor.Tasks.CheckAndroidSDK:EnsureSDKComponentVersion(Version, SDKComponentDetector)
UnityEditor.Android.PostProcessor.Tasks.CheckAndroidSDK:EnsureSDKComponentVersion(Int32, SDKComponentDetector)
UnityEditor.Android.PostProcessor.Tasks.CheckAndroidSDK:Execute(PostProcessorContext)
UnityEditor.Android.PostProcessor.PostProcessRunner:RunAllTasks(PostProcessorContext)
UnityEditor.Android.PostProcessAndroidPlayer:PrepareForBuild(BuildOptions, BuildTarget)
UnityEditor.Android.AndroidBuildPostprocessor:PrepareForBuild(BuildOptions, BuildTarget)
UnityEditor.PostprocessBuildPlayer:PrepareForBuild(BuildOptions, BuildTargetGroup, BuildTarget) (at C:\buildslave\unity\build\Editor\Mono\BuildPipeline\PostprocessBuildPlayer.cs:87)
UnityEditor.BuildPipeline:BuildPlayerInternalNoCheck(String[], String, String, BuildTargetGroup, BuildTarget, BuildOptions, Boolean)
UnityEditor.DefaultBuildMethods:BuildPlayer(BuildPlayerOptions) (at C:\buildslave\unity\build\Editor\Mono\BuildPlayerWindowBuildMethods.cs:164)
UnityEditor.BuildPlayerWindow:CallBuildMethods(Boolean, BuildOptions) (at C:\buildslave\unity\build\Editor\Mono\BuildPlayerWindowBuildMethods.cs:88)
UnityEditor.BuildPlayerWindow:GUIBuildButtons(IBuildWindowExtension, Boolean, Boolean, Boolean, BuildPlatform) (at C:\buildslave\unity\build\Editor\Mono\BuildPlayerWindow.cs:882)
UnityEditor.BuildPlayerWindow:ShowBuildTargetSettings() (at C:\buildslave\unity\build\Editor\Mono\BuildPlayerWindow.cs:812)
UnityEditor.BuildPlayerWindow:OnGUI() (at C:\buildslave\unity\build\Editor\Mono\BuildPlayerWindow.cs:426)
System.Reflection.MonoMethod:InternalInvoke(Object, Object[], Exception&)
System.Reflection.MonoMethod:Invoke(Object, BindingFlags, Binder, Object[], CultureInfo) (at /Users/builduser/buildslave/mono/build/mcs/class/corlib/System.Reflection/MonoMethod.cs:222)
System.Reflection.MethodBase:Invoke(Object, Object[]) (at /Users/builduser/buildslave/mono/build/mcs/class/corlib/System.Reflection/MethodBase.cs:115)
UnityEditor.HostView:Invoke(String, Object) (at C:\buildslave\unity\build\Editor\Mono\HostView.cs:295)
UnityEditor.HostView:Invoke(String) (at C:\buildslave\unity\build\Editor\Mono\HostView.cs:288)
UnityEditor.HostView:OldOnGUI() (at C:\buildslave\unity\build\Editor\Mono\HostView.cs:107)
UnityEngine.Experimental.UIElements.IMGUIContainer:DoOnGUI(Event) (at C:\buildslave\unity\build\Runtime\UIElements\Managed\IMGUIContainer.cs:183)
UnityEngine.Experimental.UIElements.IMGUIContainer:HandleIMGUIEvent(Event) (at C:\buildslave\unity\build\Runtime\UIElements\Managed\IMGUIContainer.cs:339)
UnityEngine.Experimental.UIElements.IMGUIContainer:HandleEvent(EventBase) (at C:\buildslave\unity\build\Runtime\UIElements\Managed\IMGUIContainer.cs:318)
UnityEngine.Experimental.UIElements.EventDispatcher:DispatchEvent(EventBase, IPanel) (at C:\buildslave\unity\build\Runtime\UIElements\Managed\EventDispatcher.cs:250)
UnityEngine.Experimental.UIElements.UIElementsUtility:DoDispatch(BaseVisualElementPanel) (at C:\buildslave\unity\build\Runtime\UIElements\Managed\UIElementsUtility.cs:256)
UnityEngine.Experimental.UIElements.UIElementsUtility:ProcessEvent(Int32, IntPtr) (at C:\buildslave\unity\build\Runtime\UIElements\Managed\UIElementsUtility.cs:78)
UnityEngine.GUIUtility:ProcessEvent(Int32, IntPtr) (at C:\buildslave\unity\build\Runtime\IMGUI\Managed\GUIUtility.cs:175)
 
(Filename: /Users/builduser/buildslave/mono/build/mcs/class/corlib/System.Reflection/MonoMethod.cs Line: 222)

 Mapping new ns http://schemas.android.com/sdk/android/repo/sys-img2/03 to old ns http://schemas.android.com/sdk/android/repo/sys-img2/01
UnityEngine.DebugLogHandler:Internal_Log(LogType, String, Object)
UnityEngine.DebugLogHandler:LogFormat(LogType, Object, String, Object[])
UnityEngine.Logger:Log(LogType, Object)
UnityEngine.Debug:LogWarning(Object)
UnityEditor.Android.AndroidSDKTools:DetectErrorsAndWarnings(String, String)
UnityEditor.Android.AndroidSDKTools:RunAndroidSdkTool(String, String, Boolean, WaitingForProcessToExit, String)
UnityEditor.Android.AndroidSDKTools:ListTargetPlatforms(WaitingForProcessToExit)
UnityEditor.Android.AndroidSDKTools:GetTopAndroidPlatformAvailable(WaitingForProcessToExit)
UnityEditor.Android.PostProcessor.Tasks.SDKPlatformDetector:GetVersion(AndroidSDKTools)
UnityEditor.Android.PostProcessor.Tasks.SDKComponentDetector:Detect(AndroidSDKTools, Version, ProgressHandler)
UnityEditor.Android.PostProcessor.Tasks.CheckAndroidSDK:EnsureSDKComponentVersion(Version, SDKComponentDetector)
UnityEditor.Android.PostProcessor.Tasks.CheckAndroidSDK:EnsureSDKComponentVersion(Int32, SDKComponentDetector)
UnityEditor.Android.PostProcessor.Tasks.CheckAndroidSDK:Execute(PostProcessorContext)
UnityEditor.Android.PostProcessor.PostProcessRunner:RunAllTasks(PostProcessorContext)
UnityEditor.Android.PostProcessAndroidPlayer:PrepareForBuild(BuildOptions, BuildTarget)
UnityEditor.Android.AndroidBuildPostprocessor:PrepareForBuild(BuildOptions, BuildTarget)
UnityEditor.PostprocessBuildPlayer:PrepareForBuild(BuildOptions, BuildTargetGroup, BuildTarget) (at C:\buildslave\unity\build\Editor\Mono\BuildPipeline\PostprocessBuildPlayer.cs:87)
UnityEditor.BuildPipeline:BuildPlayerInternalNoCheck(String[], String, String, BuildTargetGroup, BuildTarget, BuildOptions, Boolean)
UnityEditor.DefaultBuildMethods:BuildPlayer(BuildPlayerOptions) (at C:\buildslave\unity\build\Editor\Mono\BuildPlayerWindowBuildMethods.cs:164)
UnityEditor.BuildPlayerWindow:CallBuildMethods(Boolean, BuildOptions) (at C:\buildslave\unity\build\Editor\Mono\BuildPlayerWindowBuildMethods.cs:88)
UnityEditor.BuildPlayerWindow:GUIBuildButtons(IBuildWindowExtension, Boolean, Boolean, Boolean, BuildPlatform) (at C:\buildslave\unity\build\Editor\Mono\BuildPlayerWindow.cs:882)
UnityEditor.BuildPlayerWindow:ShowBuildTargetSettings() (at C:\buildslave\unity\build\Editor\Mono\BuildPlayerWindow.cs:812)
UnityEditor.BuildPlayerWindow:OnGUI() (at C:\buildslave\unity\build\Editor\Mono\BuildPlayerWindow.cs:426)
System.Reflection.MonoMethod:InternalInvoke(Object, Object[], Exception&)
System.Reflection.MonoMethod:Invoke(Object, BindingFlags, Binder, Object[], CultureInfo) (at /Users/builduser/buildslave/mono/build/mcs/class/corlib/System.Reflection/MonoMethod.cs:222)
System.Reflection.MethodBase:Invoke(Object, Object[]) (at /Users/builduser/buildslave/mono/build/mcs/class/corlib/System.Reflection/MethodBase.cs:115)
UnityEditor.HostView:Invoke(String, Object) (at C:\buildslave\unity\build\Editor\Mono\HostView.cs:295)
UnityEditor.HostView:Invoke(String) (at C:\buildslave\unity\build\Editor\Mono\HostView.cs:288)
UnityEditor.HostView:OldOnGUI() (at C:\buildslave\unity\build\Editor\Mono\HostView.cs:107)
UnityEngine.Experimental.UIElements.IMGUIContainer:DoOnGUI(Event) (at C:\buildslave\unity\build\Runtime\UIElements\Managed\IMGUIContainer.cs:183)
UnityEngine.Experimental.UIElements.IMGUIContainer:HandleIMGUIEvent(Event) (at C:\buildslave\unity\build\Runtime\UIElements\Managed\IMGUIContainer.cs:339)
UnityEngine.Experimental.UIElements.IMGUIContainer:HandleEvent(EventBase) (at C:\buildslave\unity\build\Runtime\UIElements\Managed\IMGUIContainer.cs:318)
UnityEngine.Experimental.UIElements.EventDispatcher:DispatchEvent(EventBase, IPanel) (at C:\buildslave\unity\build\Runtime\UIElements\Managed\EventDispatcher.cs:250)
UnityEngine.Experimental.UIElements.UIElementsUtility:DoDispatch(BaseVisualElementPanel) (at C:\buildslave\unity\build\Runtime\UIElements\Managed\UIElementsUtility.cs:256)
UnityEngine.Experimental.UIElements.UIElementsUtility:ProcessEvent(Int32, IntPtr) (at C:\buildslave\unity\build\Runtime\UIElements\Managed\UIElementsUtility.cs:78)
UnityEngine.GUIUtility:ProcessEvent(Int32, IntPtr) (at C:\buildslave\unity\build\Runtime\IMGUI\Managed\GUIUtility.cs:175)
 
(Filename: /Users/builduser/buildslave/mono/build/mcs/class/corlib/System.Reflection/MonoMethod.cs Line: 222)

 Mapping new ns http://schemas.android.com/sdk/android/repo/sys-img2/02 to old ns http://schemas.android.com/sdk/android/repo/sys-img2/01
UnityEngine.DebugLogHandler:Internal_Log(LogType, String, Object)
UnityEngine.DebugLogHandler:LogFormat(LogType, Object, String, Object[])
UnityEngine.Logger:Log(LogType, Object)
UnityEngine.Debug:LogWarning(Object)
UnityEditor.Android.AndroidSDKTools:DetectErrorsAndWarnings(String, String)
UnityEditor.Android.AndroidSDKTools:RunAndroidSdkTool(String, String, Boolean, WaitingForProcessToExit, String)
UnityEditor.Android.AndroidSDKTools:ListTargetPlatforms(WaitingForProcessToExit)
UnityEditor.Android.AndroidSDKTools:GetTopAndroidPlatformAvailable(WaitingForProcessToExit)
UnityEditor.Android.PostProcessor.Tasks.SDKPlatformDetector:GetVersion(AndroidSDKTools)
UnityEditor.Android.PostProcessor.Tasks.SDKComponentDetector:Detect(AndroidSDKTools, Version, ProgressHandler)
UnityEditor.Android.PostProcessor.Tasks.CheckAndroidSDK:EnsureSDKComponentVersion(Version, SDKComponentDetector)
UnityEditor.Android.PostProcessor.Tasks.CheckAndroidSDK:EnsureSDKComponentVersion(Int32, SDKComponentDetector)
UnityEditor.Android.PostProcessor.Tasks.CheckAndroidSDK:Execute(PostProcessorContext)
UnityEditor.Android.PostProcessor.PostProcessRunner:RunAllTasks(PostProcessorContext)
UnityEditor.Android.PostProcessAndroidPlayer:PrepareForBuild(BuildOptions, BuildTarget)
UnityEditor.Android.AndroidBuildPostprocessor:PrepareForBuild(BuildOptions, BuildTarget)
UnityEditor.PostprocessBuildPlayer:PrepareForBuild(BuildOptions, BuildTargetGroup, BuildTarget) (at C:\buildslave\unity\build\Editor\Mono\BuildPipeline\PostprocessBuildPlayer.cs:87)
UnityEditor.BuildPipeline:BuildPlayerInternalNoCheck(String[], String, String, BuildTargetGroup, BuildTarget, BuildOptions, Boolean)
UnityEditor.DefaultBuildMethods:BuildPlayer(BuildPlayerOptions) (at C:\buildslave\unity\build\Editor\Mono\BuildPlayerWindowBuildMethods.cs:164)
UnityEditor.BuildPlayerWindow:CallBuildMethods(Boolean, BuildOptions) (at C:\buildslave\unity\build\Editor\Mono\BuildPlayerWindowBuildMethods.cs:88)
UnityEditor.BuildPlayerWindow:GUIBuildButtons(IBuildWindowExtension, Boolean, Boolean, Boolean, BuildPlatform) (at C:\buildslave\unity\build\Editor\Mono\BuildPlayerWindow.cs:882)
UnityEditor.BuildPlayerWindow:ShowBuildTargetSettings() (at C:\buildslave\unity\build\Editor\Mono\BuildPlayerWindow.cs:812)
UnityEditor.BuildPlayerWindow:OnGUI() (at C:\buildslave\unity\build\Editor\Mono\BuildPlayerWindow.cs:426)
System.Reflection.MonoMethod:InternalInvoke(Object, Object[], Exception&)
System.Reflection.MonoMethod:Invoke(Object, BindingFlags, Binder, Object[], CultureInfo) (at /Users/builduser/buildslave/mono/build/mcs/class/corlib/System.Reflection/MonoMethod.cs:222)
System.Reflection.MethodBase:Invoke(Object, Object[]) (at /Users/builduser/buildslave/mono/build/mcs/class/corlib/System.Reflection/MethodBase.cs:115)
UnityEditor.HostView:Invoke(String, Object) (at C:\buildslave\unity\build\Editor\Mono\HostView.cs:295)
UnityEditor.HostView:Invoke(String) (at C:\buildslave\unity\build\Editor\Mono\HostView.cs:288)
UnityEditor.HostView:OldOnGUI() (at C:\buildslave\unity\build\Editor\Mono\HostView.cs:107)
UnityEngine.Experimental.UIElements.IMGUIContainer:DoOnGUI(Event) (at C:\buildslave\unity\build\Runtime\UIElements\Managed\IMGUIContainer.cs:183)
UnityEngine.Experimental.UIElements.IMGUIContainer:HandleIMGUIEvent(Event) (at C:\buildslave\unity\build\Runtime\UIElements\Managed\IMGUIContainer.cs:339)
UnityEngine.Experimental.UIElements.IMGUIContainer:HandleEvent(EventBase) (at C:\buildslave\unity\build\Runtime\UIElements\Managed\IMGUIContainer.cs:318)
UnityEngine.Experimental.UIElements.EventDispatcher:DispatchEvent(EventBase, IPanel) (at C:\buildslave\unity\build\Runtime\UIElements\Managed\EventDispatcher.cs:250)
UnityEngine.Experimental.UIElements.UIElementsUtility:DoDispatch(BaseVisualElementPanel) (at C:\buildslave\unity\build\Runtime\UIElements\Managed\UIElementsUtility.cs:256)
UnityEngine.Experimental.UIElements.UIElementsUtility:ProcessEvent(Int32, IntPtr) (at C:\buildslave\unity\build\Runtime\UIElements\Managed\UIElementsUtility.cs:78)
UnityEngine.GUIUtility:ProcessEvent(Int32, IntPtr) (at C:\buildslave\unity\build\Runtime\IMGUI\Managed\GUIUtility.cs:175)
 
(Filename: /Users/builduser/buildslave/mono/build/mcs/class/corlib/System.Reflection/MonoMethod.cs Line: 222)

 Mapping new ns http://schemas.android.com/repository/android/common/02 to old ns http://schemas.android.com/repository/android/common/01
UnityEngine.DebugLogHandler:Internal_Log(LogType, String, Object)
UnityEngine.DebugLogHandler:LogFormat(LogType, Object, String, Object[])
UnityEngine.Logger:Log(LogType, Object)
UnityEngine.Debug:LogWarning(Object)
UnityEditor.Android.AndroidSDKTools:DetectErrorsAndWarnings(String, String)
UnityEditor.Android.AndroidSDKTools:RunAndroidSdkTool(String, String, Boolean, WaitingForProcessToExit, String)
UnityEditor.Android.AndroidSDKTools:ListTargetPlatforms(WaitingForProcessToExit)
UnityEditor.Android.AndroidSDKTools:GetTopAndroidPlatformAvailable(WaitingForProcessToExit)
UnityEditor.Android.PostProcessor.Tasks.SDKPlatformDetector:GetVersion(AndroidSDKTools)
UnityEditor.Android.PostProcessor.Tasks.SDKComponentDetector:Detect(AndroidSDKTools, Version, ProgressHandler)
UnityEditor.Android.PostProcessor.Tasks.CheckAndroidSDK:EnsureSDKComponentVersion(Version, SDKComponentDetector)
UnityEditor.Android.PostProcessor.Tasks.CheckAndroidSDK:EnsureSDKComponentVersion(Int32, SDKComponentDetector)
UnityEditor.Android.PostProcessor.Tasks.CheckAndroidSDK:Execute(PostProcessorContext)
UnityEditor.Android.PostProcessor.PostProcessRunner:RunAllTasks(PostProcessorContext)
UnityEditor.Android.PostProcessAndroidPlayer:PrepareForBuild(BuildOptions, BuildTarget)
UnityEditor.Android.AndroidBuildPostprocessor:PrepareForBuild(BuildOptions, BuildTarget)
UnityEditor.PostprocessBuildPlayer:PrepareForBuild(BuildOptions, BuildTargetGroup, BuildTarget) (at C:\buildslave\unity\build\Editor\Mono\BuildPipeline\PostprocessBuildPlayer.cs:87)
UnityEditor.BuildPipeline:BuildPlayerInternalNoCheck(String[], String, String, BuildTargetGroup, BuildTarget, BuildOptions, Boolean)
UnityEditor.DefaultBuildMethods:BuildPlayer(BuildPlayerOptions) (at C:\buildslave\unity\build\Editor\Mono\BuildPlayerWindowBuildMethods.cs:164)
UnityEditor.BuildPlayerWindow:CallBuildMethods(Boolean, BuildOptions) (at C:\buildslave\unity\build\Editor\Mono\BuildPlayerWindowBuildMethods.cs:88)
UnityEditor.BuildPlayerWindow:GUIBuildButtons(IBuildWindowExtension, Boolean, Boolean, Boolean, BuildPlatform) (at C:\buildslave\unity\build\Editor\Mono\BuildPlayerWindow.cs:882)
UnityEditor.BuildPlayerWindow:ShowBuildTargetSettings() (at C:\buildslave\unity\build\Editor\Mono\BuildPlayerWindow.cs:812)
UnityEditor.BuildPlayerWindow:OnGUI() (at C:\buildslave\unity\build\Editor\Mono\BuildPlayerWindow.cs:426)
System.Reflection.MonoMethod:InternalInvoke(Object, Object[], Exception&)
System.Reflection.MonoMethod:Invoke(Object, BindingFlags, Binder, Object[], CultureInfo) (at /Users/builduser/buildslave/mono/build/mcs/class/corlib/System.Reflection/MonoMethod.cs:222)
System.Reflection.MethodBase:Invoke(Object, Object[]) (at /Users/builduser/buildslave/mono/build/mcs/class/corlib/System.Reflection/MethodBase.cs:115)
UnityEditor.HostView:Invoke(String, Object) (at C:\buildslave\unity\build\Editor\Mono\HostView.cs:295)
UnityEditor.HostView:Invoke(String) (at C:\buildslave\unity\build\Editor\Mono\HostView.cs:288)
UnityEditor.HostView:OldOnGUI() (at C:\buildslave\unity\build\Editor\Mono\HostView.cs:107)
UnityEngine.Experimental.UIElements.IMGUIContainer:DoOnGUI(Event) (at C:\buildslave\unity\build\Runtime\UIElements\Managed\IMGUIContainer.cs:183)
UnityEngine.Experimental.UIElements.IMGUIContainer:HandleIMGUIEvent(Event) (at C:\buildslave\unity\build\Runtime\UIElements\Managed\IMGUIContainer.cs:339)
UnityEngine.Experimental.UIElements.IMGUIContainer:HandleEvent(EventBase) (at C:\buildslave\unity\build\Runtime\UIElements\Managed\IMGUIContainer.cs:318)
UnityEngine.Experimental.UIElements.EventDispatcher:DispatchEvent(EventBase, IPanel) (at C:\buildslave\unity\build\Runtime\UIElements\Managed\EventDispatcher.cs:250)
UnityEngine.Experimental.UIElements.UIElementsUtility:DoDispatch(BaseVisualElementPanel) (at C:\buildslave\unity\build\Runtime\UIElements\Managed\UIElementsUtility.cs:256)
UnityEngine.Experimental.UIElements.UIElementsUtility:ProcessEvent(Int32, IntPtr) (at C:\buildslave\unity\build\Runtime\UIElements\Managed\UIElementsUtility.cs:78)
UnityEngine.GUIUtility:ProcessEvent(Int32, IntPtr) (at C:\buildslave\unity\build\Runtime\IMGUI\Managed\GUIUtility.cs:175)
 
(Filename: /Users/builduser/buildslave/mono/build/mcs/class/corlib/System.Reflection/MonoMethod.cs Line: 222)

 Mapping new ns http://schemas.android.com/repository/android/generic/02 to old ns http://schemas.android.com/repository/android/generic/01
UnityEngine.DebugLogHandler:Internal_Log(LogType, String, Object)
UnityEngine.DebugLogHandler:LogFormat(LogType, Object, String, Object[])
UnityEngine.Logger:Log(LogType, Object)
UnityEngine.Debug:LogWarning(Object)
UnityEditor.Android.AndroidSDKTools:DetectErrorsAndWarnings(String, String)
UnityEditor.Android.AndroidSDKTools:RunAndroidSdkTool(String, String, Boolean, WaitingForProcessToExit, String)
UnityEditor.Android.AndroidSDKTools:ListTargetPlatforms(WaitingForProcessToExit)
UnityEditor.Android.AndroidSDKTools:GetTopAndroidPlatformAvailable(WaitingForProcessToExit)
UnityEditor.Android.PostProcessor.Tasks.SDKPlatformDetector:GetVersion(AndroidSDKTools)
UnityEditor.Android.PostProcessor.Tasks.SDKComponentDetector:Detect(AndroidSDKTools, Version, ProgressHandler)
UnityEditor.Android.PostProcessor.Tasks.CheckAndroidSDK:EnsureSDKComponentVersion(Version, SDKComponentDetector)
UnityEditor.Android.PostProcessor.Tasks.CheckAndroidSDK:EnsureSDKComponentVersion(Int32, SDKComponentDetector)
UnityEditor.Android.PostProcessor.Tasks.CheckAndroidSDK:Execute(PostProcessorContext)
UnityEditor.Android.PostProcessor.PostProcessRunner:RunAllTasks(PostProcessorContext)
UnityEditor.Android.PostProcessAndroidPlayer:PrepareForBuild(BuildOptions, BuildTarget)
UnityEditor.Android.AndroidBuildPostprocessor:PrepareForBuild(BuildOptions, BuildTarget)
UnityEditor.PostprocessBuildPlayer:PrepareForBuild(BuildOptions, BuildTargetGroup, BuildTarget) (at C:\buildslave\unity\build\Editor\Mono\BuildPipeline\PostprocessBuildPlayer.cs:87)
UnityEditor.BuildPipeline:BuildPlayerInternalNoCheck(String[], String, String, BuildTargetGroup, BuildTarget, BuildOptions, Boolean)
UnityEditor.DefaultBuildMethods:BuildPlayer(BuildPlayerOptions) (at C:\buildslave\unity\build\Editor\Mono\BuildPlayerWindowBuildMethods.cs:164)
UnityEditor.BuildPlayerWindow:CallBuildMethods(Boolean, BuildOptions) (at C:\buildslave\unity\build\Editor\Mono\BuildPlayerWindowBuildMethods.cs:88)
UnityEditor.BuildPlayerWindow:GUIBuildButtons(IBuildWindowExtension, Boolean, Boolean, Boolean, BuildPlatform) (at C:\buildslave\unity\build\Editor\Mono\BuildPlayerWindow.cs:882)
UnityEditor.BuildPlayerWindow:ShowBuildTargetSettings() (at C:\buildslave\unity\build\Editor\Mono\BuildPlayerWindow.cs:812)
UnityEditor.BuildPlayerWindow:OnGUI() (at C:\buildslave\unity\build\Editor\Mono\BuildPlayerWindow.cs:426)
System.Reflection.MonoMethod:InternalInvoke(Object, Object[], Exception&)
System.Reflection.MonoMethod:Invoke(Object, BindingFlags, Binder, Object[], CultureInfo) (at /Users/builduser/buildslave/mono/build/mcs/class/corlib/System.Reflection/MonoMethod.cs:222)
System.Reflection.MethodBase:Invoke(Object, Object[]) (at /Users/builduser/buildslave/mono/build/mcs/class/corlib/System.Reflection/MethodBase.cs:115)
UnityEditor.HostView:Invoke(String, Object) (at C:\buildslave\unity\build\Editor\Mono\HostView.cs:295)
UnityEditor.HostView:Invoke(String) (at C:\buildslave\unity\build\Editor\Mono\HostView.cs:288)
UnityEditor.HostView:OldOnGUI() (at C:\buildslave\unity\build\Editor\Mono\HostView.cs:107)
UnityEngine.Experimental.UIElements.IMGUIContainer:DoOnGUI(Event) (at C:\buildslave\unity\build\Runtime\UIElements\Managed\IMGUIContainer.cs:183)
UnityEngine.Experimental.UIElements.IMGUIContainer:HandleIMGUIEvent(Event) (at C:\buildslave\unity\build\Runtime\UIElements\Managed\IMGUIContainer.cs:339)
UnityEngine.Experimental.UIElements.IMGUIContainer:HandleEvent(EventBase) (at C:\buildslave\unity\build\Runtime\UIElements\Managed\IMGUIContainer.cs:318)
UnityEngine.Experimental.UIElements.EventDispatcher:DispatchEvent(EventBase, IPanel) (at C:\buildslave\unity\build\Runtime\UIElements\Managed\EventDispatcher.cs:250)
UnityEngine.Experimental.UIElements.UIElementsUtility:DoDispatch(BaseVisualElementPanel) (at C:\buildslave\unity\build\Runtime\UIElements\Managed\UIElementsUtility.cs:256)
UnityEngine.Experimental.UIElements.UIElementsUtility:ProcessEvent(Int32, IntPtr) (at C:\buildslave\unity\build\Runtime\UIElements\Managed\UIElementsUtility.cs:78)
UnityEngine.GUIUtility:ProcessEvent(Int32, IntPtr) (at C:\buildslave\unity\build\Runtime\IMGUI\Managed\GUIUtility.cs:175)
 
(Filename: /Users/builduser/buildslave/mono/build/mcs/class/corlib/System.Reflection/MonoMethod.cs Line: 222)

 Mapping new ns http://schemas.android.com/sdk/android/repo/addon2/02 to old ns http://schemas.android.com/sdk/android/repo/addon2/01
UnityEngine.DebugLogHandler:Internal_Log(LogType, String, Object)
UnityEngine.DebugLogHandler:LogFormat(LogType, Object, String, Object[])
UnityEngine.Logger:Log(LogType, Object)
UnityEngine.Debug:LogWarning(Object)
UnityEditor.Android.AndroidSDKTools:DetectErrorsAndWarnings(String, String)
UnityEditor.Android.AndroidSDKTools:RunAndroidSdkTool(String, String, Boolean, WaitingForProcessToExit, String)
UnityEditor.Android.AndroidSDKTools:ListTargetPlatforms(WaitingForProcessToExit)
UnityEditor.Android.AndroidSDKTools:GetTopAndroidPlatformAvailable(WaitingForProcessToExit)
UnityEditor.Android.PostProcessor.Tasks.SDKPlatformDetector:GetVersion(AndroidSDKTools)
UnityEditor.Android.PostProcessor.Tasks.SDKComponentDetector:Detect(AndroidSDKTools, Version, ProgressHandler)
UnityEditor.Android.PostProcessor.Tasks.CheckAndroidSDK:EnsureSDKComponentVersion(Version, SDKComponentDetector)
UnityEditor.Android.PostProcessor.Tasks.CheckAndroidSDK:EnsureSDKComponentVersion(Int32, SDKComponentDetector)
UnityEditor.Android.PostProcessor.Tasks.CheckAndroidSDK:Execute(PostProcessorContext)
UnityEditor.Android.PostProcessor.PostProcessRunner:RunAllTasks(PostProcessorContext)
UnityEditor.Android.PostProcessAndroidPlayer:PrepareForBuild(BuildOptions, BuildTarget)
UnityEditor.Android.AndroidBuildPostprocessor:PrepareForBuild(BuildOptions, BuildTarget)
UnityEditor.PostprocessBuildPlayer:PrepareForBuild(BuildOptions, BuildTargetGroup, BuildTarget) (at C:\buildslave\unity\build\Editor\Mono\BuildPipeline\PostprocessBuildPlayer.cs:87)
UnityEditor.BuildPipeline:BuildPlayerInternalNoCheck(String[], String, String, BuildTargetGroup, BuildTarget, BuildOptions, Boolean)
UnityEditor.DefaultBuildMethods:BuildPlayer(BuildPlayerOptions) (at C:\buildslave\unity\build\Editor\Mono\BuildPlayerWindowBuildMethods.cs:164)
UnityEditor.BuildPlayerWindow:CallBuildMethods(Boolean, BuildOptions) (at C:\buildslave\unity\build\Editor\Mono\BuildPlayerWindowBuildMethods.cs:88)
UnityEditor.BuildPlayerWindow:GUIBuildButtons(IBuildWindowExtension, Boolean, Boolean, Boolean, BuildPlatform) (at C:\buildslave\unity\build\Editor\Mono\BuildPlayerWindow.cs:882)
UnityEditor.BuildPlayerWindow:ShowBuildTargetSettings() (at C:\buildslave\unity\build\Editor\Mono\BuildPlayerWindow.cs:812)
UnityEditor.BuildPlayerWindow:OnGUI() (at C:\buildslave\unity\build\Editor\Mono\BuildPlayerWindow.cs:426)
System.Reflection.MonoMethod:InternalInvoke(Object, Object[], Exception&)
System.Reflection.MonoMethod:Invoke(Object, BindingFlags, Binder, Object[], CultureInfo) (at /Users/builduser/buildslave/mono/build/mcs/class/corlib/System.Reflection/MonoMethod.cs:222)
System.Reflection.MethodBase:Invoke(Object, Object[]) (at /Users/builduser/buildslave/mono/build/mcs/class/corlib/System.Reflection/MethodBase.cs:115)
UnityEditor.HostView:Invoke(String, Object) (at C:\buildslave\unity\build\Editor\Mono\HostView.cs:295)
UnityEditor.HostView:Invoke(String) (at C:\buildslave\unity\build\Editor\Mono\HostView.cs:288)
UnityEditor.HostView:OldOnGUI() (at C:\buildslave\unity\build\Editor\Mono\HostView.cs:107)
UnityEngine.Experimental.UIElements.IMGUIContainer:DoOnGUI(Event) (at C:\buildslave\unity\build\Runtime\UIElements\Managed\IMGUIContainer.cs:183)
UnityEngine.Experimental.UIElements.IMGUIContainer:HandleIMGUIEvent(Event) (at C:\buildslave\unity\build\Runtime\UIElements\Managed\IMGUIContainer.cs:339)
UnityEngine.Experimental.UIElements.IMGUIContainer:HandleEvent(EventBase) (at C:\buildslave\unity\build\Runtime\UIElements\Managed\IMGUIContainer.cs:318)
UnityEngine.Experimental.UIElements.EventDispatcher:DispatchEvent(EventBase, IPanel) (at C:\buildslave\unity\build\Runtime\UIElements\Managed\EventDispatcher.cs:250)
UnityEngine.Experimental.UIElements.UIElementsUtility:DoDispatch(BaseVisualElementPanel) (at C:\buildslave\unity\build\Runtime\UIElements\Managed\UIElementsUtility.cs:256)
UnityEngine.Experimental.UIElements.UIElementsUtility:ProcessEvent(Int32, IntPtr) (at C:\buildslave\unity\build\Runtime\UIElements\Managed\UIElementsUtility.cs:78)
UnityEngine.GUIUtility:ProcessEvent(Int32, IntPtr) (at C:\buildslave\unity\build\Runtime\IMGUI\Managed\GUIUtility.cs:175)
 
(Filename: /Users/builduser/buildslave/mono/build/mcs/class/corlib/System.Reflection/MonoMethod.cs Line: 222)

 Mapping new ns http://schemas.android.com/sdk/android/repo/addon2/03 to old ns http://schemas.android.com/sdk/android/repo/addon2/01
UnityEngine.DebugLogHandler:Internal_Log(LogType, String, Object)
UnityEngine.DebugLogHandler:LogFormat(LogType, Object, String, Object[])
UnityEngine.Logger:Log(LogType, Object)
UnityEngine.Debug:LogWarning(Object)
UnityEditor.Android.AndroidSDKTools:DetectErrorsAndWarnings(String, String)
UnityEditor.Android.AndroidSDKTools:RunAndroidSdkTool(String, String, Boolean, WaitingForProcessToExit, String)
UnityEditor.Android.AndroidSDKTools:ListTargetPlatforms(WaitingForProcessToExit)
UnityEditor.Android.AndroidSDKTools:GetTopAndroidPlatformAvailable(WaitingForProcessToExit)
UnityEditor.Android.PostProcessor.Tasks.SDKPlatformDetector:GetVersion(AndroidSDKTools)
UnityEditor.Android.PostProcessor.Tasks.SDKComponentDetector:Detect(AndroidSDKTools, Version, ProgressHandler)
UnityEditor.Android.PostProcessor.Tasks.CheckAndroidSDK:EnsureSDKComponentVersion(Version, SDKComponentDetector)
UnityEditor.Android.PostProcessor.Tasks.CheckAndroidSDK:EnsureSDKComponentVersion(Int32, SDKComponentDetector)
UnityEditor.Android.PostProcessor.Tasks.CheckAndroidSDK:Execute(PostProcessorContext)
UnityEditor.Android.PostProcessor.PostProcessRunner:RunAllTasks(PostProcessorContext)
UnityEditor.Android.PostProcessAndroidPlayer:PrepareForBuild(BuildOptions, BuildTarget)
UnityEditor.Android.AndroidBuildPostprocessor:PrepareForBuild(BuildOptions, BuildTarget)
UnityEditor.PostprocessBuildPlayer:PrepareForBuild(BuildOptions, BuildTargetGroup, BuildTarget) (at C:\buildslave\unity\build\Editor\Mono\BuildPipeline\PostprocessBuildPlayer.cs:87)
UnityEditor.BuildPipeline:BuildPlayerInternalNoCheck(String[], String, String, BuildTargetGroup, BuildTarget, BuildOptions, Boolean)
UnityEditor.DefaultBuildMethods:BuildPlayer(BuildPlayerOptions) (at C:\buildslave\unity\build\Editor\Mono\BuildPlayerWindowBuildMethods.cs:164)
UnityEditor.BuildPlayerWindow:CallBuildMethods(Boolean, BuildOptions) (at C:\buildslave\unity\build\Editor\Mono\BuildPlayerWindowBuildMethods.cs:88)
UnityEditor.BuildPlayerWindow:GUIBuildButtons(IBuildWindowExtension, Boolean, Boolean, Boolean, BuildPlatform) (at C:\buildslave\unity\build\Editor\Mono\BuildPlayerWindow.cs:882)
UnityEditor.BuildPlayerWindow:ShowBuildTargetSettings() (at C:\buildslave\unity\build\Editor\Mono\BuildPlayerWindow.cs:812)
UnityEditor.BuildPlayerWindow:OnGUI() (at C:\buildslave\unity\build\Editor\Mono\BuildPlayerWindow.cs:426)
System.Reflection.MonoMethod:InternalInvoke(Object, Object[], Exception&)
System.Reflection.MonoMethod:Invoke(Object, BindingFlags, Binder, Object[], CultureInfo) (at /Users/builduser/buildslave/mono/build/mcs/class/corlib/System.Reflection/MonoMethod.cs:222)
System.Reflection.MethodBase:Invoke(Object, Object[]) (at /Users/builduser/buildslave/mono/build/mcs/class/corlib/System.Reflection/MethodBase.cs:115)
UnityEditor.HostView:Invoke(String, Object) (at C:\buildslave\unity\build\Editor\Mono\HostView.cs:295)
UnityEditor.HostView:Invoke(String) (at C:\buildslave\unity\build\Editor\Mono\HostView.cs:288)
UnityEditor.HostView:OldOnGUI() (at C:\buildslave\unity\build\Editor\Mono\HostView.cs:107)
UnityEngine.Experimental.UIElements.IMGUIContainer:DoOnGUI(Event) (at C:\buildslave\unity\build\Runtime\UIElements\Managed\IMGUIContainer.cs:183)
UnityEngine.Experimental.UIElements.IMGUIContainer:HandleIMGUIEvent(Event) (at C:\buildslave\unity\build\Runtime\UIElements\Managed\IMGUIContainer.cs:339)
UnityEngine.Experimental.UIElements.IMGUIContainer:HandleEvent(EventBase) (at C:\buildslave\unity\build\Runtime\UIElements\Managed\IMGUIContainer.cs:318)
UnityEngine.Experimental.UIElements.EventDispatcher:DispatchEvent(EventBase, IPanel) (at C:\buildslave\unity\build\Runtime\UIElements\Managed\EventDispatcher.cs:250)
UnityEngine.Experimental.UIElements.UIElementsUtility:DoDispatch(BaseVisualElementPanel) (at C:\buildslave\unity\build\Runtime\UIElements\Managed\UIElementsUtility.cs:256)
UnityEngine.Experimental.UIElements.UIElementsUtility:ProcessEvent(Int32, IntPtr) (at C:\buildslave\unity\build\Runtime\UIElements\Managed\UIElementsUtility.cs:78)
UnityEngine.GUIUtility:ProcessEvent(Int32, IntPtr) (at C:\buildslave\unity\build\Runtime\IMGUI\Managed\GUIUtility.cs:175)
 
(Filename: /Users/builduser/buildslave/mono/build/mcs/class/corlib/System.Reflection/MonoMethod.cs Line: 222)

 Mapping new ns http://schemas.android.com/sdk/android/repo/repository2/02 to old ns http://schemas.android.com/sdk/android/repo/repository2/01
UnityEngine.DebugLogHandler:Internal_Log(LogType, String, Object)
UnityEngine.DebugLogHandler:LogFormat(LogType, Object, String, Object[])
UnityEngine.Logger:Log(LogType, Object)
UnityEngine.Debug:LogWarning(Object)
UnityEditor.Android.AndroidSDKTools:DetectErrorsAndWarnings(String, String)
UnityEditor.Android.AndroidSDKTools:RunAndroidSdkTool(String, String, Boolean, WaitingForProcessToExit, String)
UnityEditor.Android.AndroidSDKTools:ListTargetPlatforms(WaitingForProcessToExit)
UnityEditor.Android.AndroidSDKTools:GetTopAndroidPlatformAvailable(WaitingForProcessToExit)
UnityEditor.Android.PostProcessor.Tasks.SDKPlatformDetector:GetVersion(AndroidSDKTools)
UnityEditor.Android.PostProcessor.Tasks.SDKComponentDetector:Detect(AndroidSDKTools, Version, ProgressHandler)
UnityEditor.Android.PostProcessor.Tasks.CheckAndroidSDK:EnsureSDKComponentVersion(Version, SDKComponentDetector)
UnityEditor.Android.PostProcessor.Tasks.CheckAndroidSDK:EnsureSDKComponentVersion(Int32, SDKComponentDetector)
UnityEditor.Android.PostProcessor.Tasks.CheckAndroidSDK:Execute(PostProcessorContext)
UnityEditor.Android.PostProcessor.PostProcessRunner:RunAllTasks(PostProcessorContext)
UnityEditor.Android.PostProcessAndroidPlayer:PrepareForBuild(BuildOptions, BuildTarget)
UnityEditor.Android.AndroidBuildPostprocessor:PrepareForBuild(BuildOptions, BuildTarget)
UnityEditor.PostprocessBuildPlayer:PrepareForBuild(BuildOptions, BuildTargetGroup, BuildTarget) (at C:\buildslave\unity\build\Editor\Mono\BuildPipeline\PostprocessBuildPlayer.cs:87)
UnityEditor.BuildPipeline:BuildPlayerInternalNoCheck(String[], String, String, BuildTargetGroup, BuildTarget, BuildOptions, Boolean)
UnityEditor.DefaultBuildMethods:BuildPlayer(BuildPlayerOptions) (at C:\buildslave\unity\build\Editor\Mono\BuildPlayerWindowBuildMethods.cs:164)
UnityEditor.BuildPlayerWindow:CallBuildMethods(Boolean, BuildOptions) (at C:\buildslave\unity\build\Editor\Mono\BuildPlayerWindowBuildMethods.cs:88)
UnityEditor.BuildPlayerWindow:GUIBuildButtons(IBuildWindowExtension, Boolean, Boolean, Boolean, BuildPlatform) (at C:\buildslave\unity\build\Editor\Mono\BuildPlayerWindow.cs:882)
UnityEditor.BuildPlayerWindow:ShowBuildTargetSettings() (at C:\buildslave\unity\build\Editor\Mono\BuildPlayerWindow.cs:812)
UnityEditor.BuildPlayerWindow:OnGUI() (at C:\buildslave\unity\build\Editor\Mono\BuildPlayerWindow.cs:426)
System.Reflection.MonoMethod:InternalInvoke(Object, Object[], Exception&)
System.Reflection.MonoMethod:Invoke(Object, BindingFlags, Binder, Object[], CultureInfo) (at /Users/builduser/buildslave/mono/build/mcs/class/corlib/System.Reflection/MonoMethod.cs:222)
System.Reflection.MethodBase:Invoke(Object, Object[]) (at /Users/builduser/buildslave/mono/build/mcs/class/corlib/System.Reflection/MethodBase.cs:115)
UnityEditor.HostView:Invoke(String, Object) (at C:\buildslave\unity\build\Editor\Mono\HostView.cs:295)
UnityEditor.HostView:Invoke(String) (at C:\buildslave\unity\build\Editor\Mono\HostView.cs:288)
UnityEditor.HostView:OldOnGUI() (at C:\buildslave\unity\build\Editor\Mono\HostView.cs:107)
UnityEngine.Experimental.UIElements.IMGUIContainer:DoOnGUI(Event) (at C:\buildslave\unity\build\Runtime\UIElements\Managed\IMGUIContainer.cs:183)
UnityEngine.Experimental.UIElements.IMGUIContainer:HandleIMGUIEvent(Event) (at C:\buildslave\unity\build\Runtime\UIElements\Managed\IMGUIContainer.cs:339)
UnityEngine.Experimental.UIElements.IMGUIContainer:HandleEvent(EventBase) (at C:\buildslave\unity\build\Runtime\UIElements\Managed\IMGUIContainer.cs:318)
UnityEngine.Experimental.UIElements.EventDispatcher:DispatchEvent(EventBase, IPanel) (at C:\buildslave\unity\build\Runtime\UIElements\Managed\EventDispatcher.cs:250)
UnityEngine.Experimental.UIElements.UIElementsUtility:DoDispatch(BaseVisualElementPanel) (at C:\buildslave\unity\build\Runtime\UIElements\Managed\UIElementsUtility.cs:256)
UnityEngine.Experimental.UIElements.UIElementsUtility:ProcessEvent(Int32, IntPtr) (at C:\buildslave\unity\build\Runtime\UIElements\Managed\UIElementsUtility.cs:78)
UnityEngine.GUIUtility:ProcessEvent(Int32, IntPtr) (at C:\buildslave\unity\build\Runtime\IMGUI\Managed\GUIUtility.cs:175)
 
(Filename: /Users/builduser/buildslave/mono/build/mcs/class/corlib/System.Reflection/MonoMethod.cs Line: 222)

 Mapping new ns http://schemas.android.com/sdk/android/repo/repository2/03 to old ns http://schemas.android.com/sdk/android/repo/repository2/01
UnityEngine.DebugLogHandler:Internal_Log(LogType, String, Object)
UnityEngine.DebugLogHandler:LogFormat(LogType, Object, String, Object[])
UnityEngine.Logger:Log(LogType, Object)
UnityEngine.Debug:LogWarning(Object)
UnityEditor.Android.AndroidSDKTools:DetectErrorsAndWarnings(String, String)
UnityEditor.Android.AndroidSDKTools:RunAndroidSdkTool(String, String, Boolean, WaitingForProcessToExit, String)
UnityEditor.Android.AndroidSDKTools:ListTargetPlatforms(WaitingForProcessToExit)
UnityEditor.Android.AndroidSDKTools:GetTopAndroidPlatformAvailable(WaitingForProcessToExit)
UnityEditor.Android.PostProcessor.Tasks.SDKPlatformDetector:GetVersion(AndroidSDKTools)
UnityEditor.Android.PostProcessor.Tasks.SDKComponentDetector:Detect(AndroidSDKTools, Version, ProgressHandler)
UnityEditor.Android.PostProcessor.Tasks.CheckAndroidSDK:EnsureSDKComponentVersion(Version, SDKComponentDetector)
UnityEditor.Android.PostProcessor.Tasks.CheckAndroidSDK:EnsureSDKComponentVersion(Int32, SDKComponentDetector)
UnityEditor.Android.PostProcessor.Tasks.CheckAndroidSDK:Execute(PostProcessorContext)
UnityEditor.Android.PostProcessor.PostProcessRunner:RunAllTasks(PostProcessorContext)
UnityEditor.Android.PostProcessAndroidPlayer:PrepareForBuild(BuildOptions, BuildTarget)
UnityEditor.Android.AndroidBuildPostprocessor:PrepareForBuild(BuildOptions, BuildTarget)
UnityEditor.PostprocessBuildPlayer:PrepareForBuild(BuildOptions, BuildTargetGroup, BuildTarget) (at C:\buildslave\unity\build\Editor\Mono\BuildPipeline\PostprocessBuildPlayer.cs:87)
UnityEditor.BuildPipeline:BuildPlayerInternalNoCheck(String[], String, String, BuildTargetGroup, BuildTarget, BuildOptions, Boolean)
UnityEditor.DefaultBuildMethods:BuildPlayer(BuildPlayerOptions) (at C:\buildslave\unity\build\Editor\Mono\BuildPlayerWindowBuildMethods.cs:164)
UnityEditor.BuildPlayerWindow:CallBuildMethods(Boolean, BuildOptions) (at C:\buildslave\unity\build\Editor\Mono\BuildPlayerWindowBuildMethods.cs:88)
UnityEditor.BuildPlayerWindow:GUIBuildButtons(IBuildWindowExtension, Boolean, Boolean, Boolean, BuildPlatform) (at C:\buildslave\unity\build\Editor\Mono\BuildPlayerWindow.cs:882)
UnityEditor.BuildPlayerWindow:ShowBuildTargetSettings() (at C:\buildslave\unity\build\Editor\Mono\BuildPlayerWindow.cs:812)
UnityEditor.BuildPlayerWindow:OnGUI() (at C:\buildslave\unity\build\Editor\Mono\BuildPlayerWindow.cs:426)
System.Reflection.MonoMethod:InternalInvoke(Object, Object[], Exception&)
System.Reflection.MonoMethod:Invoke(Object, BindingFlags, Binder, Object[], CultureInfo) (at /Users/builduser/buildslave/mono/build/mcs/class/corlib/System.Reflection/MonoMethod.cs:222)
System.Reflection.MethodBase:Invoke(Object, Object[]) (at /Users/builduser/buildslave/mono/build/mcs/class/corlib/System.Reflection/MethodBase.cs:115)
UnityEditor.HostView:Invoke(String, Object) (at C:\buildslave\unity\build\Editor\Mono\HostView.cs:295)
UnityEditor.HostView:Invoke(String) (at C:\buildslave\unity\build\Editor\Mono\HostView.cs:288)
UnityEditor.HostView:OldOnGUI() (at C:\buildslave\unity\build\Editor\Mono\HostView.cs:107)
UnityEngine.Experimental.UIElements.IMGUIContainer:DoOnGUI(Event) (at C:\buildslave\unity\build\Runtime\UIElements\Managed\IMGUIContainer.cs:183)
UnityEngine.Experimental.UIElements.IMGUIContainer:HandleIMGUIEvent(Event) (at C:\buildslave\unity\build\Runtime\UIElements\Managed\IMGUIContainer.cs:339)
UnityEngine.Experimental.UIElements.IMGUIContainer:HandleEvent(EventBase) (at C:\buildslave\unity\build\Runtime\UIElements\Managed\IMGUIContainer.cs:318)
UnityEngine.Experimental.UIElements.EventDispatcher:DispatchEvent(EventBase, IPanel) (at C:\buildslave\unity\build\Runtime\UIElements\Managed\EventDispatcher.cs:250)
UnityEngine.Experimental.UIElements.UIElementsUtility:DoDispatch(BaseVisualElementPanel) (at C:\buildslave\unity\build\Runtime\UIElements\Managed\UIElementsUtility.cs:256)
UnityEngine.Experimental.UIElements.UIElementsUtility:ProcessEvent(Int32, IntPtr) (at C:\buildslave\unity\build\Runtime\UIElements\Managed\UIElementsUtility.cs:78)
UnityEngine.GUIUtility:ProcessEvent(Int32, IntPtr) (at C:\buildslave\unity\build\Runtime\IMGUI\Managed\GUIUtility.cs:175)
 
(Filename: /Users/builduser/buildslave/mono/build/mcs/class/corlib/System.Reflection/MonoMethod.cs Line: 222)

 Mapping new ns http://schemas.android.com/sdk/android/repo/sys-img2/04 to old ns http://schemas.android.com/sdk/android/repo/sys-img2/01
UnityEngine.DebugLogHandler:Internal_Log(LogType, String, Object)
UnityEngine.DebugLogHandler:LogFormat(LogType, Object, String, Object[])
UnityEngine.Logger:Log(LogType, Object)
UnityEngine.Debug:LogWarning(Object)
UnityEditor.Android.AndroidSDKTools:DetectErrorsAndWarnings(String, String)
UnityEditor.Android.AndroidSDKTools:RunAndroidSdkTool(String, String, Boolean, WaitingForProcessToExit, String)
UnityEditor.Android.AndroidSDKTools:ListTargetPlatforms(WaitingForProcessToExit)
UnityEditor.Android.AndroidSDKTools:GetTopAndroidPlatformAvailable(WaitingForProcessToExit)
UnityEditor.Android.PostProcessor.Tasks.SDKPlatformDetector:GetVersion(AndroidSDKTools)
UnityEditor.Android.PostProcessor.Tasks.SDKComponentDetector:Detect(AndroidSDKTools, Version, ProgressHandler)
UnityEditor.Android.PostProcessor.Tasks.CheckAndroidSDK:EnsureSDKComponentVersion(Version, SDKComponentDetector)
UnityEditor.Android.PostProcessor.Tasks.CheckAndroidSDK:EnsureSDKComponentVersion(Int32, SDKComponentDetector)
UnityEditor.Android.PostProcessor.Tasks.CheckAndroidSDK:Execute(PostProcessorContext)
UnityEditor.Android.PostProcessor.PostProcessRunner:RunAllTasks(PostProcessorContext)
UnityEditor.Android.PostProcessAndroidPlayer:PrepareForBuild(BuildOptions, BuildTarget)
UnityEditor.Android.AndroidBuildPostprocessor:PrepareForBuild(BuildOptions, BuildTarget)
UnityEditor.PostprocessBuildPlayer:PrepareForBuild(BuildOptions, BuildTargetGroup, BuildTarget) (at C:\buildslave\unity\build\Editor\Mono\BuildPipeline\PostprocessBuildPlayer.cs:87)
UnityEditor.BuildPipeline:BuildPlayerInternalNoCheck(String[], String, String, BuildTargetGroup, BuildTarget, BuildOptions, Boolean)
UnityEditor.DefaultBuildMethods:BuildPlayer(BuildPlayerOptions) (at C:\buildslave\unity\build\Editor\Mono\BuildPlayerWindowBuildMethods.cs:164)
UnityEditor.BuildPlayerWindow:CallBuildMethods(Boolean, BuildOptions) (at C:\buildslave\unity\build\Editor\Mono\BuildPlayerWindowBuildMethods.cs:88)
UnityEditor.BuildPlayerWindow:GUIBuildButtons(IBuildWindowExtension, Boolean, Boolean, Boolean, BuildPlatform) (at C:\buildslave\unity\build\Editor\Mono\BuildPlayerWindow.cs:882)
UnityEditor.BuildPlayerWindow:ShowBuildTargetSettings() (at C:\buildslave\unity\build\Editor\Mono\BuildPlayerWindow.cs:812)
UnityEditor.BuildPlayerWindow:OnGUI() (at C:\buildslave\unity\build\Editor\Mono\BuildPlayerWindow.cs:426)
System.Reflection.MonoMethod:InternalInvoke(Object, Object[], Exception&)
System.Reflection.MonoMethod:Invoke(Object, BindingFlags, Binder, Object[], CultureInfo) (at /Users/builduser/buildslave/mono/build/mcs/class/corlib/System.Reflection/MonoMethod.cs:222)
System.Reflection.MethodBase:Invoke(Object, Object[]) (at /Users/builduser/buildslave/mono/build/mcs/class/corlib/System.Reflection/MethodBase.cs:115)
UnityEditor.HostView:Invoke(String, Object) (at C:\buildslave\unity\build\Editor\Mono\HostView.cs:295)
UnityEditor.HostView:Invoke(String) (at C:\buildslave\unity\build\Editor\Mono\HostView.cs:288)
UnityEditor.HostView:OldOnGUI() (at C:\buildslave\unity\build\Editor\Mono\HostView.cs:107)
UnityEngine.Experimental.UIElements.IMGUIContainer:DoOnGUI(Event) (at C:\buildslave\unity\build\Runtime\UIElements\Managed\IMGUIContainer.cs:183)
UnityEngine.Experimental.UIElements.IMGUIContainer:HandleIMGUIEvent(Event) (at C:\buildslave\unity\build\Runtime\UIElements\Managed\IMGUIContainer.cs:339)
UnityEngine.Experimental.UIElements.IMGUIContainer:HandleEvent(EventBase) (at C:\buildslave\unity\build\Runtime\UIElements\Managed\IMGUIContainer.cs:318)
UnityEngine.Experimental.UIElements.EventDispatcher:DispatchEvent(EventBase, IPanel) (at C:\buildslave\unity\build\Runtime\UIElements\Managed\EventDispatcher.cs:250)
UnityEngine.Experimental.UIElements.UIElementsUtility:DoDispatch(BaseVisualElementPanel) (at C:\buildslave\unity\build\Runtime\UIElements\Managed\UIElementsUtility.cs:256)
UnityEngine.Experimental.UIElements.UIElementsUtility:ProcessEvent(Int32, IntPtr) (at C:\buildslave\unity\build\Runtime\UIElements\Managed\UIElementsUtility.cs:78)
UnityEngine.GUIUtility:ProcessEvent(Int32, IntPtr) (at C:\buildslave\unity\build\Runtime\IMGUI\Managed\GUIUtility.cs:175)
 
(Filename: /Users/builduser/buildslave/mono/build/mcs/class/corlib/System.Reflection/MonoMethod.cs Line: 222)

 Mapping new ns http://schemas.android.com/sdk/android/repo/sys-img2/03 to old ns http://schemas.android.com/sdk/android/repo/sys-img2/01
UnityEngine.DebugLogHandler:Internal_Log(LogType, String, Object)
UnityEngine.DebugLogHandler:LogFormat(LogType, Object, String, Object[])
UnityEngine.Logger:Log(LogType, Object)
UnityEngine.Debug:LogWarning(Object)
UnityEditor.Android.AndroidSDKTools:DetectErrorsAndWarnings(String, String)
UnityEditor.Android.AndroidSDKTools:RunAndroidSdkTool(String, String, Boolean, WaitingForProcessToExit, String)
UnityEditor.Android.AndroidSDKTools:ListTargetPlatforms(WaitingForProcessToExit)
UnityEditor.Android.AndroidSDKTools:GetTopAndroidPlatformAvailable(WaitingForProcessToExit)
UnityEditor.Android.PostProcessor.Tasks.SDKPlatformDetector:GetVersion(AndroidSDKTools)
UnityEditor.Android.PostProcessor.Tasks.SDKComponentDetector:Detect(AndroidSDKTools, Version, ProgressHandler)
UnityEditor.Android.PostProcessor.Tasks.CheckAndroidSDK:EnsureSDKComponentVersion(Version, SDKComponentDetector)
UnityEditor.Android.PostProcessor.Tasks.CheckAndroidSDK:EnsureSDKComponentVersion(Int32, SDKComponentDetector)
UnityEditor.Android.PostProcessor.Tasks.CheckAndroidSDK:Execute(PostProcessorContext)
UnityEditor.Android.PostProcessor.PostProcessRunner:RunAllTasks(PostProcessorContext)
UnityEditor.Android.PostProcessAndroidPlayer:PrepareForBuild(BuildOptions, BuildTarget)
UnityEditor.Android.AndroidBuildPostprocessor:PrepareForBuild(BuildOptions, BuildTarget)
UnityEditor.PostprocessBuildPlayer:PrepareForBuild(BuildOptions, BuildTargetGroup, BuildTarget) (at C:\buildslave\unity\build\Editor\Mono\BuildPipeline\PostprocessBuildPlayer.cs:87)
UnityEditor.BuildPipeline:BuildPlayerInternalNoCheck(String[], String, String, BuildTargetGroup, BuildTarget, BuildOptions, Boolean)
UnityEditor.DefaultBuildMethods:BuildPlayer(BuildPlayerOptions) (at C:\buildslave\unity\build\Editor\Mono\BuildPlayerWindowBuildMethods.cs:164)
UnityEditor.BuildPlayerWindow:CallBuildMethods(Boolean, BuildOptions) (at C:\buildslave\unity\build\Editor\Mono\BuildPlayerWindowBuildMethods.cs:88)
UnityEditor.BuildPlayerWindow:GUIBuildButtons(IBuildWindowExtension, Boolean, Boolean, Boolean, BuildPlatform) (at C:\buildslave\unity\build\Editor\Mono\BuildPlayerWindow.cs:882)
UnityEditor.BuildPlayerWindow:ShowBuildTargetSettings() (at C:\buildslave\unity\build\Editor\Mono\BuildPlayerWindow.cs:812)
UnityEditor.BuildPlayerWindow:OnGUI() (at C:\buildslave\unity\build\Editor\Mono\BuildPlayerWindow.cs:426)
System.Reflection.MonoMethod:InternalInvoke(Object, Object[], Exception&)
System.Reflection.MonoMethod:Invoke(Object, BindingFlags, Binder, Object[], CultureInfo) (at /Users/builduser/buildslave/mono/build/mcs/class/corlib/System.Reflection/MonoMethod.cs:222)
System.Reflection.MethodBase:Invoke(Object, Object[]) (at /Users/builduser/buildslave/mono/build/mcs/class/corlib/System.Reflection/MethodBase.cs:115)
UnityEditor.HostView:Invoke(String, Object) (at C:\buildslave\unity\build\Editor\Mono\HostView.cs:295)
UnityEditor.HostView:Invoke(String) (at C:\buildslave\unity\build\Editor\Mono\HostView.cs:288)
UnityEditor.HostView:OldOnGUI() (at C:\buildslave\unity\build\Editor\Mono\HostView.cs:107)
UnityEngine.Experimental.UIElements.IMGUIContainer:DoOnGUI(Event) (at C:\buildslave\unity\build\Runtime\UIElements\Managed\IMGUIContainer.cs:183)
UnityEngine.Experimental.UIElements.IMGUIContainer:HandleIMGUIEvent(Event) (at C:\buildslave\unity\build\Runtime\UIElements\Managed\IMGUIContainer.cs:339)
UnityEngine.Experimental.UIElements.IMGUIContainer:HandleEvent(EventBase) (at C:\buildslave\unity\build\Runtime\UIElements\Managed\IMGUIContainer.cs:318)
UnityEngine.Experimental.UIElements.EventDispatcher:DispatchEvent(EventBase, IPanel) (at C:\buildslave\unity\build\Runtime\UIElements\Managed\EventDispatcher.cs:250)
UnityEngine.Experimental.UIElements.UIElementsUtility:DoDispatch(BaseVisualElementPanel) (at C:\buildslave\unity\build\Runtime\UIElements\Managed\UIElementsUtility.cs:256)
UnityEngine.Experimental.UIElements.UIElementsUtility:ProcessEvent(Int32, IntPtr) (at C:\buildslave\unity\build\Runtime\UIElements\Managed\UIElementsUtility.cs:78)
UnityEngine.GUIUtility:ProcessEvent(Int32, IntPtr) (at C:\buildslave\unity\build\Runtime\IMGUI\Managed\GUIUtility.cs:175)
 
(Filename: /Users/builduser/buildslave/mono/build/mcs/class/corlib/System.Reflection/MonoMethod.cs Line: 222)

 Mapping new ns http://schemas.android.com/sdk/android/repo/sys-img2/02 to old ns http://schemas.android.com/sdk/android/repo/sys-img2/01
UnityEngine.DebugLogHandler:Internal_Log(LogType, String, Object)
UnityEngine.DebugLogHandler:LogFormat(LogType, Object, String, Object[])
UnityEngine.Logger:Log(LogType, Object)
UnityEngine.Debug:LogWarning(Object)
UnityEditor.Android.AndroidSDKTools:DetectErrorsAndWarnings(String, String)
UnityEditor.Android.AndroidSDKTools:RunAndroidSdkTool(String, String, Boolean, WaitingForProcessToExit, String)
UnityEditor.Android.AndroidSDKTools:ListTargetPlatforms(WaitingForProcessToExit)
UnityEditor.Android.AndroidSDKTools:GetTopAndroidPlatformAvailable(WaitingForProcessToExit)
UnityEditor.Android.PostProcessor.Tasks.SDKPlatformDetector:GetVersion(AndroidSDKTools)
UnityEditor.Android.PostProcessor.Tasks.SDKComponentDetector:Detect(AndroidSDKTools, Version, ProgressHandler)
UnityEditor.Android.PostProcessor.Tasks.CheckAndroidSDK:EnsureSDKComponentVersion(Version, SDKComponentDetector)
UnityEditor.Android.PostProcessor.Tasks.CheckAndroidSDK:EnsureSDKComponentVersion(Int32, SDKComponentDetector)
UnityEditor.Android.PostProcessor.Tasks.CheckAndroidSDK:Execute(PostProcessorContext)
UnityEditor.Android.PostProcessor.PostProcessRunner:RunAllTasks(PostProcessorContext)
UnityEditor.Android.PostProcessAndroidPlayer:PrepareForBuild(BuildOptions, BuildTarget)
UnityEditor.Android.AndroidBuildPostprocessor:PrepareForBuild(BuildOptions, BuildTarget)
UnityEditor.PostprocessBuildPlayer:PrepareForBuild(BuildOptions, BuildTargetGroup, BuildTarget) (at C:\buildslave\unity\build\Editor\Mono\BuildPipeline\PostprocessBuildPlayer.cs:87)
UnityEditor.BuildPipeline:BuildPlayerInternalNoCheck(String[], String, String, BuildTargetGroup, BuildTarget, BuildOptions, Boolean)
UnityEditor.DefaultBuildMethods:BuildPlayer(BuildPlayerOptions) (at C:\buildslave\unity\build\Editor\Mono\BuildPlayerWindowBuildMethods.cs:164)
UnityEditor.BuildPlayerWindow:CallBuildMethods(Boolean, BuildOptions) (at C:\buildslave\unity\build\Editor\Mono\BuildPlayerWindowBuildMethods.cs:88)
UnityEditor.BuildPlayerWindow:GUIBuildButtons(IBuildWindowExtension, Boolean, Boolean, Boolean, BuildPlatform) (at C:\buildslave\unity\build\Editor\Mono\BuildPlayerWindow.cs:882)
UnityEditor.BuildPlayerWindow:ShowBuildTargetSettings() (at C:\buildslave\unity\build\Editor\Mono\BuildPlayerWindow.cs:812)
UnityEditor.BuildPlayerWindow:OnGUI() (at C:\buildslave\unity\build\Editor\Mono\BuildPlayerWindow.cs:426)
System.Reflection.MonoMethod:InternalInvoke(Object, Object[], Exception&)
System.Reflection.MonoMethod:Invoke(Object, BindingFlags, Binder, Object[], CultureInfo) (at /Users/builduser/buildslave/mono/build/mcs/class/corlib/System.Reflection/MonoMethod.cs:222)
System.Reflection.MethodBase:Invoke(Object, Object[]) (at /Users/builduser/buildslave/mono/build/mcs/class/corlib/System.Reflection/MethodBase.cs:115)
UnityEditor.HostView:Invoke(String, Object) (at C:\buildslave\unity\build\Editor\Mono\HostView.cs:295)
UnityEditor.HostView:Invoke(String) (at C:\buildslave\unity\build\Editor\Mono\HostView.cs:288)
UnityEditor.HostView:OldOnGUI() (at C:\buildslave\unity\build\Editor\Mono\HostView.cs:107)
UnityEngine.Experimental.UIElements.IMGUIContainer:DoOnGUI(Event) (at C:\buildslave\unity\build\Runtime\UIElements\Managed\IMGUIContainer.cs:183)
UnityEngine.Experimental.UIElements.IMGUIContainer:HandleIMGUIEvent(Event) (at C:\buildslave\unity\build\Runtime\UIElements\Managed\IMGUIContainer.cs:339)
UnityEngine.Experimental.UIElements.IMGUIContainer:HandleEvent(EventBase) (at C:\buildslave\unity\build\Runtime\UIElements\Managed\IMGUIContainer.cs:318)
UnityEngine.Experimental.UIElements.EventDispatcher:DispatchEvent(EventBase, IPanel) (at C:\buildslave\unity\build\Runtime\UIElements\Managed\EventDispatcher.cs:250)
UnityEngine.Experimental.UIElements.UIElementsUtility:DoDispatch(BaseVisualElementPanel) (at C:\buildslave\unity\build\Runtime\UIElements\Managed\UIElementsUtility.cs:256)
UnityEngine.Experimental.UIElements.UIElementsUtility:ProcessEvent(Int32, IntPtr) (at C:\buildslave\unity\build\Runtime\UIElements\Managed\UIElementsUtility.cs:78)
UnityEngine.GUIUtility:ProcessEvent(Int32, IntPtr) (at C:\buildslave\unity\build\Runtime\IMGUI\Managed\GUIUtility.cs:175)
 
(Filename: /Users/builduser/buildslave/mono/build/mcs/class/corlib/System.Reflection/MonoMethod.cs Line: 222)

 Mapping new ns http://schemas.android.com/repository/android/common/02 to old ns http://schemas.android.com/repository/android/common/01
UnityEngine.DebugLogHandler:Internal_Log(LogType, String, Object)
UnityEngine.DebugLogHandler:LogFormat(LogType, Object, String, Object[])
UnityEngine.Logger:Log(LogType, Object)
UnityEngine.Debug:LogWarning(Object)
UnityEditor.Android.AndroidSDKTools:DetectErrorsAndWarnings(String, String)
UnityEditor.Android.AndroidSDKTools:RunAndroidSdkTool(String, String, Boolean, WaitingForProcessToExit, String)
UnityEditor.Android.AndroidSDKTools:ListTargetPlatforms(WaitingForProcessToExit)
UnityEditor.Android.AndroidSDKTools:GetTopAndroidPlatformAvailable(WaitingForProcessToExit)
UnityEditor.Android.PostProcessor.Tasks.SDKPlatformDetector:GetVersion(AndroidSDKTools)
UnityEditor.Android.PostProcessor.Tasks.SDKComponentDetector:Detect(AndroidSDKTools, Version, ProgressHandler)
UnityEditor.Android.PostProcessor.Tasks.CheckAndroidSDK:EnsureSDKComponentVersion(Version, SDKComponentDetector)
UnityEditor.Android.PostProcessor.Tasks.CheckAndroidSDK:EnsureSDKComponentVersion(Int32, SDKComponentDetector)
UnityEditor.Android.PostProcessor.Tasks.CheckAndroidSDK:Execute(PostProcessorContext)
UnityEditor.Android.PostProcessor.PostProcessRunner:RunAllTasks(PostProcessorContext)
UnityEditor.Android.PostProcessAndroidPlayer:PrepareForBuild(BuildOptions, BuildTarget)
UnityEditor.Android.AndroidBuildPostprocessor:PrepareForBuild(BuildOptions, BuildTarget)
UnityEditor.PostprocessBuildPlayer:PrepareForBuild(BuildOptions, BuildTargetGroup, BuildTarget) (at C:\buildslave\unity\build\Editor\Mono\BuildPipeline\PostprocessBuildPlayer.cs:87)
UnityEditor.BuildPipeline:BuildPlayerInternalNoCheck(String[], String, String, BuildTargetGroup, BuildTarget, BuildOptions, Boolean)
UnityEditor.DefaultBuildMethods:BuildPlayer(BuildPlayerOptions) (at C:\buildslave\unity\build\Editor\Mono\BuildPlayerWindowBuildMethods.cs:164)
UnityEditor.BuildPlayerWindow:CallBuildMethods(Boolean, BuildOptions) (at C:\buildslave\unity\build\Editor\Mono\BuildPlayerWindowBuildMethods.cs:88)
UnityEditor.BuildPlayerWindow:GUIBuildButtons(IBuildWindowExtension, Boolean, Boolean, Boolean, BuildPlatform) (at C:\buildslave\unity\build\Editor\Mono\BuildPlayerWindow.cs:882)
UnityEditor.BuildPlayerWindow:ShowBuildTargetSettings() (at C:\buildslave\unity\build\Editor\Mono\BuildPlayerWindow.cs:812)
UnityEditor.BuildPlayerWindow:OnGUI() (at C:\buildslave\unity\build\Editor\Mono\BuildPlayerWindow.cs:426)
System.Reflection.MonoMethod:InternalInvoke(Object, Object[], Exception&)
System.Reflection.MonoMethod:Invoke(Object, BindingFlags, Binder, Object[], CultureInfo) (at /Users/builduser/buildslave/mono/build/mcs/class/corlib/System.Reflection/MonoMethod.cs:222)
System.Reflection.MethodBase:Invoke(Object, Object[]) (at /Users/builduser/buildslave/mono/build/mcs/class/corlib/System.Reflection/MethodBase.cs:115)
UnityEditor.HostView:Invoke(String, Object) (at C:\buildslave\unity\build\Editor\Mono\HostView.cs:295)
UnityEditor.HostView:Invoke(String) (at C:\buildslave\unity\build\Editor\Mono\HostView.cs:288)
UnityEditor.HostView:OldOnGUI() (at C:\buildslave\unity\build\Editor\Mono\HostView.cs:107)
UnityEngine.Experimental.UIElements.IMGUIContainer:DoOnGUI(Event) (at C:\buildslave\unity\build\Runtime\UIElements\Managed\IMGUIContainer.cs:183)
UnityEngine.Experimental.UIElements.IMGUIContainer:HandleIMGUIEvent(Event) (at C:\buildslave\unity\build\Runtime\UIElements\Managed\IMGUIContainer.cs:339)
UnityEngine.Experimental.UIElements.IMGUIContainer:HandleEvent(EventBase) (at C:\buildslave\unity\build\Runtime\UIElements\Managed\IMGUIContainer.cs:318)
UnityEngine.Experimental.UIElements.EventDispatcher:DispatchEvent(EventBase, IPanel) (at C:\buildslave\unity\build\Runtime\UIElements\Managed\EventDispatcher.cs:250)
UnityEngine.Experimental.UIElements.UIElementsUtility:DoDispatch(BaseVisualElementPanel) (at C:\buildslave\unity\build\Runtime\UIElements\Managed\UIElementsUtility.cs:256)
UnityEngine.Experimental.UIElements.UIElementsUtility:ProcessEvent(Int32, IntPtr) (at C:\buildslave\unity\build\Runtime\UIElements\Managed\UIElementsUtility.cs:78)
UnityEngine.GUIUtility:ProcessEvent(Int32, IntPtr) (at C:\buildslave\unity\build\Runtime\IMGUI\Managed\GUIUtility.cs:175)
 
(Filename: /Users/builduser/buildslave/mono/build/mcs/class/corlib/System.Reflection/MonoMethod.cs Line: 222)

 Mapping new ns http://schemas.android.com/repository/android/generic/02 to old ns http://schemas.android.com/repository/android/generic/01
UnityEngine.DebugLogHandler:Internal_Log(LogType, String, Object)
UnityEngine.DebugLogHandler:LogFormat(LogType, Object, String, Object[])
UnityEngine.Logger:Log(LogType, Object)
UnityEngine.Debug:LogWarning(Object)
UnityEditor.Android.AndroidSDKTools:DetectErrorsAndWarnings(String, String)
UnityEditor.Android.AndroidSDKTools:RunAndroidSdkTool(String, String, Boolean, WaitingForProcessToExit, String)
UnityEditor.Android.AndroidSDKTools:ListTargetPlatforms(WaitingForProcessToExit)
UnityEditor.Android.AndroidSDKTools:GetTopAndroidPlatformAvailable(WaitingForProcessToExit)
UnityEditor.Android.PostProcessor.Tasks.SDKPlatformDetector:GetVersion(AndroidSDKTools)
UnityEditor.Android.PostProcessor.Tasks.SDKComponentDetector:Detect(AndroidSDKTools, Version, ProgressHandler)
UnityEditor.Android.PostProcessor.Tasks.CheckAndroidSDK:EnsureSDKComponentVersion(Version, SDKComponentDetector)
UnityEditor.Android.PostProcessor.Tasks.CheckAndroidSDK:EnsureSDKComponentVersion(Int32, SDKComponentDetector)
UnityEditor.Android.PostProcessor.Tasks.CheckAndroidSDK:Execute(PostProcessorContext)
UnityEditor.Android.PostProcessor.PostProcessRunner:RunAllTasks(PostProcessorContext)
UnityEditor.Android.PostProcessAndroidPlayer:PrepareForBuild(BuildOptions, BuildTarget)
UnityEditor.Android.AndroidBuildPostprocessor:PrepareForBuild(BuildOptions, BuildTarget)
UnityEditor.PostprocessBuildPlayer:PrepareForBuild(BuildOptions, BuildTargetGroup, BuildTarget) (at C:\buildslave\unity\build\Editor\Mono\BuildPipeline\PostprocessBuildPlayer.cs:87)
UnityEditor.BuildPipeline:BuildPlayerInternalNoCheck(String[], String, String, BuildTargetGroup, BuildTarget, BuildOptions, Boolean)
UnityEditor.DefaultBuildMethods:BuildPlayer(BuildPlayerOptions) (at C:\buildslave\unity\build\Editor\Mono\BuildPlayerWindowBuildMethods.cs:164)
UnityEditor.BuildPlayerWindow:CallBuildMethods(Boolean, BuildOptions) (at C:\buildslave\unity\build\Editor\Mono\BuildPlayerWindowBuildMethods.cs:88)
UnityEditor.BuildPlayerWindow:GUIBuildButtons(IBuildWindowExtension, Boolean, Boolean, Boolean, BuildPlatform) (at C:\buildslave\unity\build\Editor\Mono\BuildPlayerWindow.cs:882)
UnityEditor.BuildPlayerWindow:ShowBuildTargetSettings() (at C:\buildslave\unity\build\Editor\Mono\BuildPlayerWindow.cs:812)
UnityEditor.BuildPlayerWindow:OnGUI() (at C:\buildslave\unity\build\Editor\Mono\BuildPlayerWindow.cs:426)
System.Reflection.MonoMethod:InternalInvoke(Object, Object[], Exception&)
System.Reflection.MonoMethod:Invoke(Object, BindingFlags, Binder, Object[], CultureInfo) (at /Users/builduser/buildslave/mono/build/mcs/class/corlib/System.Reflection/MonoMethod.cs:222)
System.Reflection.MethodBase:Invoke(Object, Object[]) (at /Users/builduser/buildslave/mono/build/mcs/class/corlib/System.Reflection/MethodBase.cs:115)
UnityEditor.HostView:Invoke(String, Object) (at C:\buildslave\unity\build\Editor\Mono\HostView.cs:295)
UnityEditor.HostView:Invoke(String) (at C:\buildslave\unity\build\Editor\Mono\HostView.cs:288)
UnityEditor.HostView:OldOnGUI() (at C:\buildslave\unity\build\Editor\Mono\HostView.cs:107)
UnityEngine.Experimental.UIElements.IMGUIContainer:DoOnGUI(Event) (at C:\buildslave\unity\build\Runtime\UIElements\Managed\IMGUIContainer.cs:183)
UnityEngine.Experimental.UIElements.IMGUIContainer:HandleIMGUIEvent(Event) (at C:\buildslave\unity\build\Runtime\UIElements\Managed\IMGUIContainer.cs:339)
UnityEngine.Experimental.UIElements.IMGUIContainer:HandleEvent(EventBase) (at C:\buildslave\unity\build\Runtime\UIElements\Managed\IMGUIContainer.cs:318)
UnityEngine.Experimental.UIElements.EventDispatcher:DispatchEvent(EventBase, IPanel) (at C:\buildslave\unity\build\Runtime\UIElements\Managed\EventDispatcher.cs:250)
UnityEngine.Experimental.UIElements.UIElementsUtility:DoDispatch(BaseVisualElementPanel) (at C:\buildslave\unity\build\Runtime\UIElements\Managed\UIElementsUtility.cs:256)
UnityEngine.Experimental.UIElements.UIElementsUtility:ProcessEvent(Int32, IntPtr) (at C:\buildslave\unity\build\Runtime\UIElements\Managed\UIElementsUtility.cs:78)
UnityEngine.GUIUtility:ProcessEvent(Int32, IntPtr) (at C:\buildslave\unity\build\Runtime\IMGUI\Managed\GUIUtility.cs:175)
 
(Filename: /Users/builduser/buildslave/mono/build/mcs/class/corlib/System.Reflection/MonoMethod.cs Line: 222)

 Mapping new ns http://schemas.android.com/sdk/android/repo/addon2/02 to old ns http://schemas.android.com/sdk/android/repo/addon2/01
UnityEngine.DebugLogHandler:Internal_Log(LogType, String, Object)
UnityEngine.DebugLogHandler:LogFormat(LogType, Object, String, Object[])
UnityEngine.Logger:Log(LogType, Object)
UnityEngine.Debug:LogWarning(Object)
UnityEditor.Android.AndroidSDKTools:DetectErrorsAndWarnings(String, String)
UnityEditor.Android.AndroidSDKTools:RunAndroidSdkTool(String, String, Boolean, WaitingForProcessToExit, String)
UnityEditor.Android.AndroidSDKTools:ListTargetPlatforms(WaitingForProcessToExit)
UnityEditor.Android.AndroidSDKTools:GetTopAndroidPlatformAvailable(WaitingForProcessToExit)
UnityEditor.Android.PostProcessor.Tasks.SDKPlatformDetector:GetVersion(AndroidSDKTools)
UnityEditor.Android.PostProcessor.Tasks.SDKComponentDetector:Detect(AndroidSDKTools, Version, ProgressHandler)
UnityEditor.Android.PostProcessor.Tasks.CheckAndroidSDK:EnsureSDKComponentVersion(Version, SDKComponentDetector)
UnityEditor.Android.PostProcessor.Tasks.CheckAndroidSDK:EnsureSDKComponentVersion(Int32, SDKComponentDetector)
UnityEditor.Android.PostProcessor.Tasks.CheckAndroidSDK:Execute(PostProcessorContext)
UnityEditor.Android.PostProcessor.PostProcessRunner:RunAllTasks(PostProcessorContext)
UnityEditor.Android.PostProcessAndroidPlayer:PrepareForBuild(BuildOptions, BuildTarget)
UnityEditor.Android.AndroidBuildPostprocessor:PrepareForBuild(BuildOptions, BuildTarget)
UnityEditor.PostprocessBuildPlayer:PrepareForBuild(BuildOptions, BuildTargetGroup, BuildTarget) (at C:\buildslave\unity\build\Editor\Mono\BuildPipeline\PostprocessBuildPlayer.cs:87)
UnityEditor.BuildPipeline:BuildPlayerInternalNoCheck(String[], String, String, BuildTargetGroup, BuildTarget, BuildOptions, Boolean)
UnityEditor.DefaultBuildMethods:BuildPlayer(BuildPlayerOptions) (at C:\buildslave\unity\build\Editor\Mono\BuildPlayerWindowBuildMethods.cs:164)
UnityEditor.BuildPlayerWindow:CallBuildMethods(Boolean, BuildOptions) (at C:\buildslave\unity\build\Editor\Mono\BuildPlayerWindowBuildMethods.cs:88)
UnityEditor.BuildPlayerWindow:GUIBuildButtons(IBuildWindowExtension, Boolean, Boolean, Boolean, BuildPlatform) (at C:\buildslave\unity\build\Editor\Mono\BuildPlayerWindow.cs:882)
UnityEditor.BuildPlayerWindow:ShowBuildTargetSettings() (at C:\buildslave\unity\build\Editor\Mono\BuildPlayerWindow.cs:812)
UnityEditor.BuildPlayerWindow:OnGUI() (at C:\buildslave\unity\build\Editor\Mono\BuildPlayerWindow.cs:426)
System.Reflection.MonoMethod:InternalInvoke(Object, Object[], Exception&)
System.Reflection.MonoMethod:Invoke(Object, BindingFlags, Binder, Object[], CultureInfo) (at /Users/builduser/buildslave/mono/build/mcs/class/corlib/System.Reflection/MonoMethod.cs:222)
System.Reflection.MethodBase:Invoke(Object, Object[]) (at /Users/builduser/buildslave/mono/build/mcs/class/corlib/System.Reflection/MethodBase.cs:115)
UnityEditor.HostView:Invoke(String, Object) (at C:\buildslave\unity\build\Editor\Mono\HostView.cs:295)
UnityEditor.HostView:Invoke(String) (at C:\buildslave\unity\build\Editor\Mono\HostView.cs:288)
UnityEditor.HostView:OldOnGUI() (at C:\buildslave\unity\build\Editor\Mono\HostView.cs:107)
UnityEngine.Experimental.UIElements.IMGUIContainer:DoOnGUI(Event) (at C:\buildslave\unity\build\Runtime\UIElements\Managed\IMGUIContainer.cs:183)
UnityEngine.Experimental.UIElements.IMGUIContainer:HandleIMGUIEvent(Event) (at C:\buildslave\unity\build\Runtime\UIElements\Managed\IMGUIContainer.cs:339)
UnityEngine.Experimental.UIElements.IMGUIContainer:HandleEvent(EventBase) (at C:\buildslave\unity\build\Runtime\UIElements\Managed\IMGUIContainer.cs:318)
UnityEngine.Experimental.UIElements.EventDispatcher:DispatchEvent(EventBase, IPanel) (at C:\buildslave\unity\build\Runtime\UIElements\Managed\EventDispatcher.cs:250)
UnityEngine.Experimental.UIElements.UIElementsUtility:DoDispatch(BaseVisualElementPanel) (at C:\buildslave\unity\build\Runtime\UIElements\Managed\UIElementsUtility.cs:256)
UnityEngine.Experimental.UIElements.UIElementsUtility:ProcessEvent(Int32, IntPtr) (at C:\buildslave\unity\build\Runtime\UIElements\Managed\UIElementsUtility.cs:78)
UnityEngine.GUIUtility:ProcessEvent(Int32, IntPtr) (at C:\buildslave\unity\build\Runtime\IMGUI\Managed\GUIUtility.cs:175)
 
(Filename: /Users/builduser/buildslave/mono/build/mcs/class/corlib/System.Reflection/MonoMethod.cs Line: 222)

 Mapping new ns http://schemas.android.com/sdk/android/repo/addon2/03 to old ns http://schemas.android.com/sdk/android/repo/addon2/01
UnityEngine.DebugLogHandler:Internal_Log(LogType, String, Object)
UnityEngine.DebugLogHandler:LogFormat(LogType, Object, String, Object[])
UnityEngine.Logger:Log(LogType, Object)
UnityEngine.Debug:LogWarning(Object)
UnityEditor.Android.AndroidSDKTools:DetectErrorsAndWarnings(String, String)
UnityEditor.Android.AndroidSDKTools:RunAndroidSdkTool(String, String, Boolean, WaitingForProcessToExit, String)
UnityEditor.Android.AndroidSDKTools:ListTargetPlatforms(WaitingForProcessToExit)
UnityEditor.Android.AndroidSDKTools:GetTopAndroidPlatformAvailable(WaitingForProcessToExit)
UnityEditor.Android.PostProcessor.Tasks.SDKPlatformDetector:GetVersion(AndroidSDKTools)
UnityEditor.Android.PostProcessor.Tasks.SDKComponentDetector:Detect(AndroidSDKTools, Version, ProgressHandler)
UnityEditor.Android.PostProcessor.Tasks.CheckAndroidSDK:EnsureSDKComponentVersion(Version, SDKComponentDetector)
UnityEditor.Android.PostProcessor.Tasks.CheckAndroidSDK:EnsureSDKComponentVersion(Int32, SDKComponentDetector)
UnityEditor.Android.PostProcessor.Tasks.CheckAndroidSDK:Execute(PostProcessorContext)
UnityEditor.Android.PostProcessor.PostProcessRunner:RunAllTasks(PostProcessorContext)
UnityEditor.Android.PostProcessAndroidPlayer:PrepareForBuild(BuildOptions, BuildTarget)
UnityEditor.Android.AndroidBuildPostprocessor:PrepareForBuild(BuildOptions, BuildTarget)
UnityEditor.PostprocessBuildPlayer:PrepareForBuild(BuildOptions, BuildTargetGroup, BuildTarget) (at C:\buildslave\unity\build\Editor\Mono\BuildPipeline\PostprocessBuildPlayer.cs:87)
UnityEditor.BuildPipeline:BuildPlayerInternalNoCheck(String[], String, String, BuildTargetGroup, BuildTarget, BuildOptions, Boolean)
UnityEditor.DefaultBuildMethods:BuildPlayer(BuildPlayerOptions) (at C:\buildslave\unity\build\Editor\Mono\BuildPlayerWindowBuildMethods.cs:164)
UnityEditor.BuildPlayerWindow:CallBuildMethods(Boolean, BuildOptions) (at C:\buildslave\unity\build\Editor\Mono\BuildPlayerWindowBuildMethods.cs:88)
UnityEditor.BuildPlayerWindow:GUIBuildButtons(IBuildWindowExtension, Boolean, Boolean, Boolean, BuildPlatform) (at C:\buildslave\unity\build\Editor\Mono\BuildPlayerWindow.cs:882)
UnityEditor.BuildPlayerWindow:ShowBuildTargetSettings() (at C:\buildslave\unity\build\Editor\Mono\BuildPlayerWindow.cs:812)
UnityEditor.BuildPlayerWindow:OnGUI() (at C:\buildslave\unity\build\Editor\Mono\BuildPlayerWindow.cs:426)
System.Reflection.MonoMethod:InternalInvoke(Object, Object[], Exception&)
System.Reflection.MonoMethod:Invoke(Object, BindingFlags, Binder, Object[], CultureInfo) (at /Users/builduser/buildslave/mono/build/mcs/class/corlib/System.Reflection/MonoMethod.cs:222)
System.Reflection.MethodBase:Invoke(Object, Object[]) (at /Users/builduser/buildslave/mono/build/mcs/class/corlib/System.Reflection/MethodBase.cs:115)
UnityEditor.HostView:Invoke(String, Object) (at C:\buildslave\unity\build\Editor\Mono\HostView.cs:295)
UnityEditor.HostView:Invoke(String) (at C:\buildslave\unity\build\Editor\Mono\HostView.cs:288)
UnityEditor.HostView:OldOnGUI() (at C:\buildslave\unity\build\Editor\Mono\HostView.cs:107)
UnityEngine.Experimental.UIElements.IMGUIContainer:DoOnGUI(Event) (at C:\buildslave\unity\build\Runtime\UIElements\Managed\IMGUIContainer.cs:183)
UnityEngine.Experimental.UIElements.IMGUIContainer:HandleIMGUIEvent(Event) (at C:\buildslave\unity\build\Runtime\UIElements\Managed\IMGUIContainer.cs:339)
UnityEngine.Experimental.UIElements.IMGUIContainer:HandleEvent(EventBase) (at C:\buildslave\unity\build\Runtime\UIElements\Managed\IMGUIContainer.cs:318)
UnityEngine.Experimental.UIElements.EventDispatcher:DispatchEvent(EventBase, IPanel) (at C:\buildslave\unity\build\Runtime\UIElements\Managed\EventDispatcher.cs:250)
UnityEngine.Experimental.UIElements.UIElementsUtility:DoDispatch(BaseVisualElementPanel) (at C:\buildslave\unity\build\Runtime\UIElements\Managed\UIElementsUtility.cs:256)
UnityEngine.Experimental.UIElements.UIElementsUtility:ProcessEvent(Int32, IntPtr) (at C:\buildslave\unity\build\Runtime\UIElements\Managed\UIElementsUtility.cs:78)
UnityEngine.GUIUtility:ProcessEvent(Int32, IntPtr) (at C:\buildslave\unity\build\Runtime\IMGUI\Managed\GUIUtility.cs:175)
 
(Filename: /Users/builduser/buildslave/mono/build/mcs/class/corlib/System.Reflection/MonoMethod.cs Line: 222)

 Mapping new ns http://schemas.android.com/sdk/android/repo/repository2/02 to old ns http://schemas.android.com/sdk/android/repo/repository2/01
UnityEngine.DebugLogHandler:Internal_Log(LogType, String, Object)
UnityEngine.DebugLogHandler:LogFormat(LogType, Object, String, Object[])
UnityEngine.Logger:Log(LogType, Object)
UnityEngine.Debug:LogWarning(Object)
UnityEditor.Android.AndroidSDKTools:DetectErrorsAndWarnings(String, String)
UnityEditor.Android.AndroidSDKTools:RunAndroidSdkTool(String, String, Boolean, WaitingForProcessToExit, String)
UnityEditor.Android.AndroidSDKTools:ListTargetPlatforms(WaitingForProcessToExit)
UnityEditor.Android.AndroidSDKTools:GetTopAndroidPlatformAvailable(WaitingForProcessToExit)
UnityEditor.Android.PostProcessor.Tasks.SDKPlatformDetector:GetVersion(AndroidSDKTools)
UnityEditor.Android.PostProcessor.Tasks.SDKComponentDetector:Detect(AndroidSDKTools, Version, ProgressHandler)
UnityEditor.Android.PostProcessor.Tasks.CheckAndroidSDK:EnsureSDKComponentVersion(Version, SDKComponentDetector)
UnityEditor.Android.PostProcessor.Tasks.CheckAndroidSDK:EnsureSDKComponentVersion(Int32, SDKComponentDetector)
UnityEditor.Android.PostProcessor.Tasks.CheckAndroidSDK:Execute(PostProcessorContext)
UnityEditor.Android.PostProcessor.PostProcessRunner:RunAllTasks(PostProcessorContext)
UnityEditor.Android.PostProcessAndroidPlayer:PrepareForBuild(BuildOptions, BuildTarget)
UnityEditor.Android.AndroidBuildPostprocessor:PrepareForBuild(BuildOptions, BuildTarget)
UnityEditor.PostprocessBuildPlayer:PrepareForBuild(BuildOptions, BuildTargetGroup, BuildTarget) (at C:\buildslave\unity\build\Editor\Mono\BuildPipeline\PostprocessBuildPlayer.cs:87)
UnityEditor.BuildPipeline:BuildPlayerInternalNoCheck(String[], String, String, BuildTargetGroup, BuildTarget, BuildOptions, Boolean)
UnityEditor.DefaultBuildMethods:BuildPlayer(BuildPlayerOptions) (at C:\buildslave\unity\build\Editor\Mono\BuildPlayerWindowBuildMethods.cs:164)
UnityEditor.BuildPlayerWindow:CallBuildMethods(Boolean, BuildOptions) (at C:\buildslave\unity\build\Editor\Mono\BuildPlayerWindowBuildMethods.cs:88)
UnityEditor.BuildPlayerWindow:GUIBuildButtons(IBuildWindowExtension, Boolean, Boolean, Boolean, BuildPlatform) (at C:\buildslave\unity\build\Editor\Mono\BuildPlayerWindow.cs:882)
UnityEditor.BuildPlayerWindow:ShowBuildTargetSettings() (at C:\buildslave\unity\build\Editor\Mono\BuildPlayerWindow.cs:812)
UnityEditor.BuildPlayerWindow:OnGUI() (at C:\buildslave\unity\build\Editor\Mono\BuildPlayerWindow.cs:426)
System.Reflection.MonoMethod:InternalInvoke(Object, Object[], Exception&)
System.Reflection.MonoMethod:Invoke(Object, BindingFlags, Binder, Object[], CultureInfo) (at /Users/builduser/buildslave/mono/build/mcs/class/corlib/System.Reflection/MonoMethod.cs:222)
System.Reflection.MethodBase:Invoke(Object, Object[]) (at /Users/builduser/buildslave/mono/build/mcs/class/corlib/System.Reflection/MethodBase.cs:115)
UnityEditor.HostView:Invoke(String, Object) (at C:\buildslave\unity\build\Editor\Mono\HostView.cs:295)
UnityEditor.HostView:Invoke(String) (at C:\buildslave\unity\build\Editor\Mono\HostView.cs:288)
UnityEditor.HostView:OldOnGUI() (at C:\buildslave\unity\build\Editor\Mono\HostView.cs:107)
UnityEngine.Experimental.UIElements.IMGUIContainer:DoOnGUI(Event) (at C:\buildslave\unity\build\Runtime\UIElements\Managed\IMGUIContainer.cs:183)
UnityEngine.Experimental.UIElements.IMGUIContainer:HandleIMGUIEvent(Event) (at C:\buildslave\unity\build\Runtime\UIElements\Managed\IMGUIContainer.cs:339)
UnityEngine.Experimental.UIElements.IMGUIContainer:HandleEvent(EventBase) (at C:\buildslave\unity\build\Runtime\UIElements\Managed\IMGUIContainer.cs:318)
UnityEngine.Experimental.UIElements.EventDispatcher:DispatchEvent(EventBase, IPanel) (at C:\buildslave\unity\build\Runtime\UIElements\Managed\EventDispatcher.cs:250)
UnityEngine.Experimental.UIElements.UIElementsUtility:DoDispatch(BaseVisualElementPanel) (at C:\buildslave\unity\build\Runtime\UIElements\Managed\UIElementsUtility.cs:256)
UnityEngine.Experimental.UIElements.UIElementsUtility:ProcessEvent(Int32, IntPtr) (at C:\buildslave\unity\build\Runtime\UIElements\Managed\UIElementsUtility.cs:78)
UnityEngine.GUIUtility:ProcessEvent(Int32, IntPtr) (at C:\buildslave\unity\build\Runtime\IMGUI\Managed\GUIUtility.cs:175)
 
(Filename: /Users/builduser/buildslave/mono/build/mcs/class/corlib/System.Reflection/MonoMethod.cs Line: 222)

 Mapping new ns http://schemas.android.com/sdk/android/repo/repository2/03 to old ns http://schemas.android.com/sdk/android/repo/repository2/01
UnityEngine.DebugLogHandler:Internal_Log(LogType, String, Object)
UnityEngine.DebugLogHandler:LogFormat(LogType, Object, String, Object[])
UnityEngine.Logger:Log(LogType, Object)
UnityEngine.Debug:LogWarning(Object)
UnityEditor.Android.AndroidSDKTools:DetectErrorsAndWarnings(String, String)
UnityEditor.Android.AndroidSDKTools:RunAndroidSdkTool(String, String, Boolean, WaitingForProcessToExit, String)
UnityEditor.Android.AndroidSDKTools:ListTargetPlatforms(WaitingForProcessToExit)
UnityEditor.Android.AndroidSDKTools:GetTopAndroidPlatformAvailable(WaitingForProcessToExit)
UnityEditor.Android.PostProcessor.Tasks.SDKPlatformDetector:GetVersion(AndroidSDKTools)
UnityEditor.Android.PostProcessor.Tasks.SDKComponentDetector:Detect(AndroidSDKTools, Version, ProgressHandler)
UnityEditor.Android.PostProcessor.Tasks.CheckAndroidSDK:EnsureSDKComponentVersion(Version, SDKComponentDetector)
UnityEditor.Android.PostProcessor.Tasks.CheckAndroidSDK:EnsureSDKComponentVersion(Int32, SDKComponentDetector)
UnityEditor.Android.PostProcessor.Tasks.CheckAndroidSDK:Execute(PostProcessorContext)
UnityEditor.Android.PostProcessor.PostProcessRunner:RunAllTasks(PostProcessorContext)
UnityEditor.Android.PostProcessAndroidPlayer:PrepareForBuild(BuildOptions, BuildTarget)
UnityEditor.Android.AndroidBuildPostprocessor:PrepareForBuild(BuildOptions, BuildTarget)
UnityEditor.PostprocessBuildPlayer:PrepareForBuild(BuildOptions, BuildTargetGroup, BuildTarget) (at C:\buildslave\unity\build\Editor\Mono\BuildPipeline\PostprocessBuildPlayer.cs:87)
UnityEditor.BuildPipeline:BuildPlayerInternalNoCheck(String[], String, String, BuildTargetGroup, BuildTarget, BuildOptions, Boolean)
UnityEditor.DefaultBuildMethods:BuildPlayer(BuildPlayerOptions) (at C:\buildslave\unity\build\Editor\Mono\BuildPlayerWindowBuildMethods.cs:164)
UnityEditor.BuildPlayerWindow:CallBuildMethods(Boolean, BuildOptions) (at C:\buildslave\unity\build\Editor\Mono\BuildPlayerWindowBuildMethods.cs:88)
UnityEditor.BuildPlayerWindow:GUIBuildButtons(IBuildWindowExtension, Boolean, Boolean, Boolean, BuildPlatform) (at C:\buildslave\unity\build\Editor\Mono\BuildPlayerWindow.cs:882)
UnityEditor.BuildPlayerWindow:ShowBuildTargetSettings() (at C:\buildslave\unity\build\Editor\Mono\BuildPlayerWindow.cs:812)
UnityEditor.BuildPlayerWindow:OnGUI() (at C:\buildslave\unity\build\Editor\Mono\BuildPlayerWindow.cs:426)
System.Reflection.MonoMethod:InternalInvoke(Object, Object[], Exception&)
System.Reflection.MonoMethod:Invoke(Object, BindingFlags, Binder, Object[], CultureInfo) (at /Users/builduser/buildslave/mono/build/mcs/class/corlib/System.Reflection/MonoMethod.cs:222)
System.Reflection.MethodBase:Invoke(Object, Object[]) (at /Users/builduser/buildslave/mono/build/mcs/class/corlib/System.Reflection/MethodBase.cs:115)
UnityEditor.HostView:Invoke(String, Object) (at C:\buildslave\unity\build\Editor\Mono\HostView.cs:295)
UnityEditor.HostView:Invoke(String) (at C:\buildslave\unity\build\Editor\Mono\HostView.cs:288)
UnityEditor.HostView:OldOnGUI() (at C:\buildslave\unity\build\Editor\Mono\HostView.cs:107)
UnityEngine.Experimental.UIElements.IMGUIContainer:DoOnGUI(Event) (at C:\buildslave\unity\build\Runtime\UIElements\Managed\IMGUIContainer.cs:183)
UnityEngine.Experimental.UIElements.IMGUIContainer:HandleIMGUIEvent(Event) (at C:\buildslave\unity\build\Runtime\UIElements\Managed\IMGUIContainer.cs:339)
UnityEngine.Experimental.UIElements.IMGUIContainer:HandleEvent(EventBase) (at C:\buildslave\unity\build\Runtime\UIElements\Managed\IMGUIContainer.cs:318)
UnityEngine.Experimental.UIElements.EventDispatcher:DispatchEvent(EventBase, IPanel) (at C:\buildslave\unity\build\Runtime\UIElements\Managed\EventDispatcher.cs:250)
UnityEngine.Experimental.UIElements.UIElementsUtility:DoDispatch(BaseVisualElementPanel) (at C:\buildslave\unity\build\Runtime\UIElements\Managed\UIElementsUtility.cs:256)
UnityEngine.Experimental.UIElements.UIElementsUtility:ProcessEvent(Int32, IntPtr) (at C:\buildslave\unity\build\Runtime\UIElements\Managed\UIElementsUtility.cs:78)
UnityEngine.GUIUtility:ProcessEvent(Int32, IntPtr) (at C:\buildslave\unity\build\Runtime\IMGUI\Managed\GUIUtility.cs:175)
 
(Filename: /Users/builduser/buildslave/mono/build/mcs/class/corlib/System.Reflection/MonoMethod.cs Line: 222)

 Mapping new ns http://schemas.android.com/sdk/android/repo/sys-img2/04 to old ns http://schemas.android.com/sdk/android/repo/sys-img2/01
UnityEngine.DebugLogHandler:Internal_Log(LogType, String, Object)
UnityEngine.DebugLogHandler:LogFormat(LogType, Object, String, Object[])
UnityEngine.Logger:Log(LogType, Object)
UnityEngine.Debug:LogWarning(Object)
UnityEditor.Android.AndroidSDKTools:DetectErrorsAndWarnings(String, String)
UnityEditor.Android.AndroidSDKTools:RunAndroidSdkTool(String, String, Boolean, WaitingForProcessToExit, String)
UnityEditor.Android.AndroidSDKTools:ListTargetPlatforms(WaitingForProcessToExit)
UnityEditor.Android.AndroidSDKTools:GetTopAndroidPlatformAvailable(WaitingForProcessToExit)
UnityEditor.Android.PostProcessor.Tasks.SDKPlatformDetector:GetVersion(AndroidSDKTools)
UnityEditor.Android.PostProcessor.Tasks.SDKComponentDetector:Detect(AndroidSDKTools, Version, ProgressHandler)
UnityEditor.Android.PostProcessor.Tasks.CheckAndroidSDK:EnsureSDKComponentVersion(Version, SDKComponentDetector)
UnityEditor.Android.PostProcessor.Tasks.CheckAndroidSDK:EnsureSDKComponentVersion(Int32, SDKComponentDetector)
UnityEditor.Android.PostProcessor.Tasks.CheckAndroidSDK:Execute(PostProcessorContext)
UnityEditor.Android.PostProcessor.PostProcessRunner:RunAllTasks(PostProcessorContext)
UnityEditor.Android.PostProcessAndroidPlayer:PrepareForBuild(BuildOptions, BuildTarget)
UnityEditor.Android.AndroidBuildPostprocessor:PrepareForBuild(BuildOptions, BuildTarget)
UnityEditor.PostprocessBuildPlayer:PrepareForBuild(BuildOptions, BuildTargetGroup, BuildTarget) (at C:\buildslave\unity\build\Editor\Mono\BuildPipeline\PostprocessBuildPlayer.cs:87)
UnityEditor.BuildPipeline:BuildPlayerInternalNoCheck(String[], String, String, BuildTargetGroup, BuildTarget, BuildOptions, Boolean)
UnityEditor.DefaultBuildMethods:BuildPlayer(BuildPlayerOptions) (at C:\buildslave\unity\build\Editor\Mono\BuildPlayerWindowBuildMethods.cs:164)
UnityEditor.BuildPlayerWindow:CallBuildMethods(Boolean, BuildOptions) (at C:\buildslave\unity\build\Editor\Mono\BuildPlayerWindowBuildMethods.cs:88)
UnityEditor.BuildPlayerWindow:GUIBuildButtons(IBuildWindowExtension, Boolean, Boolean, Boolean, BuildPlatform) (at C:\buildslave\unity\build\Editor\Mono\BuildPlayerWindow.cs:882)
UnityEditor.BuildPlayerWindow:ShowBuildTargetSettings() (at C:\buildslave\unity\build\Editor\Mono\BuildPlayerWindow.cs:812)
UnityEditor.BuildPlayerWindow:OnGUI() (at C:\buildslave\unity\build\Editor\Mono\BuildPlayerWindow.cs:426)
System.Reflection.MonoMethod:InternalInvoke(Object, Object[], Exception&)
System.Reflection.MonoMethod:Invoke(Object, BindingFlags, Binder, Object[], CultureInfo) (at /Users/builduser/buildslave/mono/build/mcs/class/corlib/System.Reflection/MonoMethod.cs:222)
System.Reflection.MethodBase:Invoke(Object, Object[]) (at /Users/builduser/buildslave/mono/build/mcs/class/corlib/System.Reflection/MethodBase.cs:115)
UnityEditor.HostView:Invoke(String, Object) (at C:\buildslave\unity\build\Editor\Mono\HostView.cs:295)
UnityEditor.HostView:Invoke(String) (at C:\buildslave\unity\build\Editor\Mono\HostView.cs:288)
UnityEditor.HostView:OldOnGUI() (at C:\buildslave\unity\build\Editor\Mono\HostView.cs:107)
UnityEngine.Experimental.UIElements.IMGUIContainer:DoOnGUI(Event) (at C:\buildslave\unity\build\Runtime\UIElements\Managed\IMGUIContainer.cs:183)
UnityEngine.Experimental.UIElements.IMGUIContainer:HandleIMGUIEvent(Event) (at C:\buildslave\unity\build\Runtime\UIElements\Managed\IMGUIContainer.cs:339)
UnityEngine.Experimental.UIElements.IMGUIContainer:HandleEvent(EventBase) (at C:\buildslave\unity\build\Runtime\UIElements\Managed\IMGUIContainer.cs:318)
UnityEngine.Experimental.UIElements.EventDispatcher:DispatchEvent(EventBase, IPanel) (at C:\buildslave\unity\build\Runtime\UIElements\Managed\EventDispatcher.cs:250)
UnityEngine.Experimental.UIElements.UIElementsUtility:DoDispatch(BaseVisualElementPanel) (at C:\buildslave\unity\build\Runtime\UIElements\Managed\UIElementsUtility.cs:256)
UnityEngine.Experimental.UIElements.UIElementsUtility:ProcessEvent(Int32, IntPtr) (at C:\buildslave\unity\build\Runtime\UIElements\Managed\UIElementsUtility.cs:78)
UnityEngine.GUIUtility:ProcessEvent(Int32, IntPtr) (at C:\buildslave\unity\build\Runtime\IMGUI\Managed\GUIUtility.cs:175)
 
(Filename: /Users/builduser/buildslave/mono/build/mcs/class/corlib/System.Reflection/MonoMethod.cs Line: 222)

 Mapping new ns http://schemas.android.com/sdk/android/repo/sys-img2/03 to old ns http://schemas.android.com/sdk/android/repo/sys-img2/01
UnityEngine.DebugLogHandler:Internal_Log(LogType, String, Object)
UnityEngine.DebugLogHandler:LogFormat(LogType, Object, String, Object[])
UnityEngine.Logger:Log(LogType, Object)
UnityEngine.Debug:LogWarning(Object)
UnityEditor.Android.AndroidSDKTools:DetectErrorsAndWarnings(String, String)
UnityEditor.Android.AndroidSDKTools:RunAndroidSdkTool(String, String, Boolean, WaitingForProcessToExit, String)
UnityEditor.Android.AndroidSDKTools:ListTargetPlatforms(WaitingForProcessToExit)
UnityEditor.Android.AndroidSDKTools:GetTopAndroidPlatformAvailable(WaitingForProcessToExit)
UnityEditor.Android.PostProcessor.Tasks.SDKPlatformDetector:GetVersion(AndroidSDKTools)
UnityEditor.Android.PostProcessor.Tasks.SDKComponentDetector:Detect(AndroidSDKTools, Version, ProgressHandler)
UnityEditor.Android.PostProcessor.Tasks.CheckAndroidSDK:EnsureSDKComponentVersion(Version, SDKComponentDetector)
UnityEditor.Android.PostProcessor.Tasks.CheckAndroidSDK:EnsureSDKComponentVersion(Int32, SDKComponentDetector)
UnityEditor.Android.PostProcessor.Tasks.CheckAndroidSDK:Execute(PostProcessorContext)
UnityEditor.Android.PostProcessor.PostProcessRunner:RunAllTasks(PostProcessorContext)
UnityEditor.Android.PostProcessAndroidPlayer:PrepareForBuild(BuildOptions, BuildTarget)
UnityEditor.Android.AndroidBuildPostprocessor:PrepareForBuild(BuildOptions, BuildTarget)
UnityEditor.PostprocessBuildPlayer:PrepareForBuild(BuildOptions, BuildTargetGroup, BuildTarget) (at C:\buildslave\unity\build\Editor\Mono\BuildPipeline\PostprocessBuildPlayer.cs:87)
UnityEditor.BuildPipeline:BuildPlayerInternalNoCheck(String[], String, String, BuildTargetGroup, BuildTarget, BuildOptions, Boolean)
UnityEditor.DefaultBuildMethods:BuildPlayer(BuildPlayerOptions) (at C:\buildslave\unity\build\Editor\Mono\BuildPlayerWindowBuildMethods.cs:164)
UnityEditor.BuildPlayerWindow:CallBuildMethods(Boolean, BuildOptions) (at C:\buildslave\unity\build\Editor\Mono\BuildPlayerWindowBuildMethods.cs:88)
UnityEditor.BuildPlayerWindow:GUIBuildButtons(IBuildWindowExtension, Boolean, Boolean, Boolean, BuildPlatform) (at C:\buildslave\unity\build\Editor\Mono\BuildPlayerWindow.cs:882)
UnityEditor.BuildPlayerWindow:ShowBuildTargetSettings() (at C:\buildslave\unity\build\Editor\Mono\BuildPlayerWindow.cs:812)
UnityEditor.BuildPlayerWindow:OnGUI() (at C:\buildslave\unity\build\Editor\Mono\BuildPlayerWindow.cs:426)
System.Reflection.MonoMethod:InternalInvoke(Object, Object[], Exception&)
System.Reflection.MonoMethod:Invoke(Object, BindingFlags, Binder, Object[], CultureInfo) (at /Users/builduser/buildslave/mono/build/mcs/class/corlib/System.Reflection/MonoMethod.cs:222)
System.Reflection.MethodBase:Invoke(Object, Object[]) (at /Users/builduser/buildslave/mono/build/mcs/class/corlib/System.Reflection/MethodBase.cs:115)
UnityEditor.HostView:Invoke(String, Object) (at C:\buildslave\unity\build\Editor\Mono\HostView.cs:295)
UnityEditor.HostView:Invoke(String) (at C:\buildslave\unity\build\Editor\Mono\HostView.cs:288)
UnityEditor.HostView:OldOnGUI() (at C:\buildslave\unity\build\Editor\Mono\HostView.cs:107)
UnityEngine.Experimental.UIElements.IMGUIContainer:DoOnGUI(Event) (at C:\buildslave\unity\build\Runtime\UIElements\Managed\IMGUIContainer.cs:183)
UnityEngine.Experimental.UIElements.IMGUIContainer:HandleIMGUIEvent(Event) (at C:\buildslave\unity\build\Runtime\UIElements\Managed\IMGUIContainer.cs:339)
UnityEngine.Experimental.UIElements.IMGUIContainer:HandleEvent(EventBase) (at C:\buildslave\unity\build\Runtime\UIElements\Managed\IMGUIContainer.cs:318)
UnityEngine.Experimental.UIElements.EventDispatcher:DispatchEvent(EventBase, IPanel) (at C:\buildslave\unity\build\Runtime\UIElements\Managed\EventDispatcher.cs:250)
UnityEngine.Experimental.UIElements.UIElementsUtility:DoDispatch(BaseVisualElementPanel) (at C:\buildslave\unity\build\Runtime\UIElements\Managed\UIElementsUtility.cs:256)
UnityEngine.Experimental.UIElements.UIElementsUtility:ProcessEvent(Int32, IntPtr) (at C:\buildslave\unity\build\Runtime\UIElements\Managed\UIElementsUtility.cs:78)
UnityEngine.GUIUtility:ProcessEvent(Int32, IntPtr) (at C:\buildslave\unity\build\Runtime\IMGUI\Managed\GUIUtility.cs:175)
 
(Filename: /Users/builduser/buildslave/mono/build/mcs/class/corlib/System.Reflection/MonoMethod.cs Line: 222)

 Mapping new ns http://schemas.android.com/sdk/android/repo/sys-img2/02 to old ns http://schemas.android.com/sdk/android/repo/sys-img2/01
UnityEngine.DebugLogHandler:Internal_Log(LogType, String, Object)
UnityEngine.DebugLogHandler:LogFormat(LogType, Object, String, Object[])
UnityEngine.Logger:Log(LogType, Object)
UnityEngine.Debug:LogWarning(Object)
UnityEditor.Android.AndroidSDKTools:DetectErrorsAndWarnings(String, String)
UnityEditor.Android.AndroidSDKTools:RunAndroidSdkTool(String, String, Boolean, WaitingForProcessToExit, String)
UnityEditor.Android.AndroidSDKTools:ListTargetPlatforms(WaitingForProcessToExit)
UnityEditor.Android.AndroidSDKTools:GetTopAndroidPlatformAvailable(WaitingForProcessToExit)
UnityEditor.Android.PostProcessor.Tasks.SDKPlatformDetector:GetVersion(AndroidSDKTools)
UnityEditor.Android.PostProcessor.Tasks.SDKComponentDetector:Detect(AndroidSDKTools, Version, ProgressHandler)
UnityEditor.Android.PostProcessor.Tasks.CheckAndroidSDK:EnsureSDKComponentVersion(Version, SDKComponentDetector)
UnityEditor.Android.PostProcessor.Tasks.CheckAndroidSDK:EnsureSDKComponentVersion(Int32, SDKComponentDetector)
UnityEditor.Android.PostProcessor.Tasks.CheckAndroidSDK:Execute(PostProcessorContext)
UnityEditor.Android.PostProcessor.PostProcessRunner:RunAllTasks(PostProcessorContext)
UnityEditor.Android.PostProcessAndroidPlayer:PrepareForBuild(BuildOptions, BuildTarget)
UnityEditor.Android.AndroidBuildPostprocessor:PrepareForBuild(BuildOptions, BuildTarget)
UnityEditor.PostprocessBuildPlayer:PrepareForBuild(BuildOptions, BuildTargetGroup, BuildTarget) (at C:\buildslave\unity\build\Editor\Mono\BuildPipeline\PostprocessBuildPlayer.cs:87)
UnityEditor.BuildPipeline:BuildPlayerInternalNoCheck(String[], String, String, BuildTargetGroup, BuildTarget, BuildOptions, Boolean)
UnityEditor.DefaultBuildMethods:BuildPlayer(BuildPlayerOptions) (at C:\buildslave\unity\build\Editor\Mono\BuildPlayerWindowBuildMethods.cs:164)
UnityEditor.BuildPlayerWindow:CallBuildMethods(Boolean, BuildOptions) (at C:\buildslave\unity\build\Editor\Mono\BuildPlayerWindowBuildMethods.cs:88)
UnityEditor.BuildPlayerWindow:GUIBuildButtons(IBuildWindowExtension, Boolean, Boolean, Boolean, BuildPlatform) (at C:\buildslave\unity\build\Editor\Mono\BuildPlayerWindow.cs:882)
UnityEditor.BuildPlayerWindow:ShowBuildTargetSettings() (at C:\buildslave\unity\build\Editor\Mono\BuildPlayerWindow.cs:812)
UnityEditor.BuildPlayerWindow:OnGUI() (at C:\buildslave\unity\build\Editor\Mono\BuildPlayerWindow.cs:426)
System.Reflection.MonoMethod:InternalInvoke(Object, Object[], Exception&)
System.Reflection.MonoMethod:Invoke(Object, BindingFlags, Binder, Object[], CultureInfo) (at /Users/builduser/buildslave/mono/build/mcs/class/corlib/System.Reflection/MonoMethod.cs:222)
System.Reflection.MethodBase:Invoke(Object, Object[]) (at /Users/builduser/buildslave/mono/build/mcs/class/corlib/System.Reflection/MethodBase.cs:115)
UnityEditor.HostView:Invoke(String, Object) (at C:\buildslave\unity\build\Editor\Mono\HostView.cs:295)
UnityEditor.HostView:Invoke(String) (at C:\buildslave\unity\build\Editor\Mono\HostView.cs:288)
UnityEditor.HostView:OldOnGUI() (at C:\buildslave\unity\build\Editor\Mono\HostView.cs:107)
UnityEngine.Experimental.UIElements.IMGUIContainer:DoOnGUI(Event) (at C:\buildslave\unity\build\Runtime\UIElements\Managed\IMGUIContainer.cs:183)
UnityEngine.Experimental.UIElements.IMGUIContainer:HandleIMGUIEvent(Event) (at C:\buildslave\unity\build\Runtime\UIElements\Managed\IMGUIContainer.cs:339)
UnityEngine.Experimental.UIElements.IMGUIContainer:HandleEvent(EventBase) (at C:\buildslave\unity\build\Runtime\UIElements\Managed\IMGUIContainer.cs:318)
UnityEngine.Experimental.UIElements.EventDispatcher:DispatchEvent(EventBase, IPanel) (at C:\buildslave\unity\build\Runtime\UIElements\Managed\EventDispatcher.cs:250)
UnityEngine.Experimental.UIElements.UIElementsUtility:DoDispatch(BaseVisualElementPanel) (at C:\buildslave\unity\build\Runtime\UIElements\Managed\UIElementsUtility.cs:256)
UnityEngine.Experimental.UIElements.UIElementsUtility:ProcessEvent(Int32, IntPtr) (at C:\buildslave\unity\build\Runtime\UIElements\Managed\UIElementsUtility.cs:78)
UnityEngine.GUIUtility:ProcessEvent(Int32, IntPtr) (at C:\buildslave\unity\build\Runtime\IMGUI\Managed\GUIUtility.cs:175)
 
(Filename: /Users/builduser/buildslave/mono/build/mcs/class/corlib/System.Reflection/MonoMethod.cs Line: 222)

 Mapping new ns http://schemas.android.com/repository/android/common/02 to old ns http://schemas.android.com/repository/android/common/01
UnityEngine.DebugLogHandler:Internal_Log(LogType, String, Object)
UnityEngine.DebugLogHandler:LogFormat(LogType, Object, String, Object[])
UnityEngine.Logger:Log(LogType, Object)
UnityEngine.Debug:LogWarning(Object)
UnityEditor.Android.AndroidSDKTools:DetectErrorsAndWarnings(String, String)
UnityEditor.Android.AndroidSDKTools:RunAndroidSdkTool(String, String, Boolean, WaitingForProcessToExit, String)
UnityEditor.Android.AndroidSDKTools:ListTargetPlatforms(WaitingForProcessToExit)
UnityEditor.Android.AndroidSDKTools:GetTopAndroidPlatformAvailable(WaitingForProcessToExit)
UnityEditor.Android.PostProcessor.Tasks.SDKPlatformDetector:GetVersion(AndroidSDKTools)
UnityEditor.Android.PostProcessor.Tasks.SDKComponentDetector:Detect(AndroidSDKTools, Version, ProgressHandler)
UnityEditor.Android.PostProcessor.Tasks.CheckAndroidSDK:EnsureSDKComponentVersion(Version, SDKComponentDetector)
UnityEditor.Android.PostProcessor.Tasks.CheckAndroidSDK:EnsureSDKComponentVersion(Int32, SDKComponentDetector)
UnityEditor.Android.PostProcessor.Tasks.CheckAndroidSDK:Execute(PostProcessorContext)
UnityEditor.Android.PostProcessor.PostProcessRunner:RunAllTasks(PostProcessorContext)
UnityEditor.Android.PostProcessAndroidPlayer:PrepareForBuild(BuildOptions, BuildTarget)
UnityEditor.Android.AndroidBuildPostprocessor:PrepareForBuild(BuildOptions, BuildTarget)
UnityEditor.PostprocessBuildPlayer:PrepareForBuild(BuildOptions, BuildTargetGroup, BuildTarget) (at C:\buildslave\unity\build\Editor\Mono\BuildPipeline\PostprocessBuildPlayer.cs:87)
UnityEditor.BuildPipeline:BuildPlayerInternalNoCheck(String[], String, String, BuildTargetGroup, BuildTarget, BuildOptions, Boolean)
UnityEditor.DefaultBuildMethods:BuildPlayer(BuildPlayerOptions) (at C:\buildslave\unity\build\Editor\Mono\BuildPlayerWindowBuildMethods.cs:164)
UnityEditor.BuildPlayerWindow:CallBuildMethods(Boolean, BuildOptions) (at C:\buildslave\unity\build\Editor\Mono\BuildPlayerWindowBuildMethods.cs:88)
UnityEditor.BuildPlayerWindow:GUIBuildButtons(IBuildWindowExtension, Boolean, Boolean, Boolean, BuildPlatform) (at C:\buildslave\unity\build\Editor\Mono\BuildPlayerWindow.cs:882)
UnityEditor.BuildPlayerWindow:ShowBuildTargetSettings() (at C:\buildslave\unity\build\Editor\Mono\BuildPlayerWindow.cs:812)
UnityEditor.BuildPlayerWindow:OnGUI() (at C:\buildslave\unity\build\Editor\Mono\BuildPlayerWindow.cs:426)
System.Reflection.MonoMethod:InternalInvoke(Object, Object[], Exception&)
System.Reflection.MonoMethod:Invoke(Object, BindingFlags, Binder, Object[], CultureInfo) (at /Users/builduser/buildslave/mono/build/mcs/class/corlib/System.Reflection/MonoMethod.cs:222)
System.Reflection.MethodBase:Invoke(Object, Object[]) (at /Users/builduser/buildslave/mono/build/mcs/class/corlib/System.Reflection/MethodBase.cs:115)
UnityEditor.HostView:Invoke(String, Object) (at C:\buildslave\unity\build\Editor\Mono\HostView.cs:295)
UnityEditor.HostView:Invoke(String) (at C:\buildslave\unity\build\Editor\Mono\HostView.cs:288)
UnityEditor.HostView:OldOnGUI() (at C:\buildslave\unity\build\Editor\Mono\HostView.cs:107)
UnityEngine.Experimental.UIElements.IMGUIContainer:DoOnGUI(Event) (at C:\buildslave\unity\build\Runtime\UIElements\Managed\IMGUIContainer.cs:183)
UnityEngine.Experimental.UIElements.IMGUIContainer:HandleIMGUIEvent(Event) (at C:\buildslave\unity\build\Runtime\UIElements\Managed\IMGUIContainer.cs:339)
UnityEngine.Experimental.UIElements.IMGUIContainer:HandleEvent(EventBase) (at C:\buildslave\unity\build\Runtime\UIElements\Managed\IMGUIContainer.cs:318)
UnityEngine.Experimental.UIElements.EventDispatcher:DispatchEvent(EventBase, IPanel) (at C:\buildslave\unity\build\Runtime\UIElements\Managed\EventDispatcher.cs:250)
UnityEngine.Experimental.UIElements.UIElementsUtility:DoDispatch(BaseVisualElementPanel) (at C:\buildslave\unity\build\Runtime\UIElements\Managed\UIElementsUtility.cs:256)
UnityEngine.Experimental.UIElements.UIElementsUtility:ProcessEvent(Int32, IntPtr) (at C:\buildslave\unity\build\Runtime\UIElements\Managed\UIElementsUtility.cs:78)
UnityEngine.GUIUtility:ProcessEvent(Int32, IntPtr) (at C:\buildslave\unity\build\Runtime\IMGUI\Managed\GUIUtility.cs:175)
 
(Filename: /Users/builduser/buildslave/mono/build/mcs/class/corlib/System.Reflection/MonoMethod.cs Line: 222)

 Mapping new ns http://schemas.android.com/repository/android/generic/02 to old ns http://schemas.android.com/repository/android/generic/01
UnityEngine.DebugLogHandler:Internal_Log(LogType, String, Object)
UnityEngine.DebugLogHandler:LogFormat(LogType, Object, String, Object[])
UnityEngine.Logger:Log(LogType, Object)
UnityEngine.Debug:LogWarning(Object)
UnityEditor.Android.AndroidSDKTools:DetectErrorsAndWarnings(String, String)
UnityEditor.Android.AndroidSDKTools:RunAndroidSdkTool(String, String, Boolean, WaitingForProcessToExit, String)
UnityEditor.Android.AndroidSDKTools:ListTargetPlatforms(WaitingForProcessToExit)
UnityEditor.Android.AndroidSDKTools:GetTopAndroidPlatformAvailable(WaitingForProcessToExit)
UnityEditor.Android.PostProcessor.Tasks.SDKPlatformDetector:GetVersion(AndroidSDKTools)
UnityEditor.Android.PostProcessor.Tasks.SDKComponentDetector:Detect(AndroidSDKTools, Version, ProgressHandler)
UnityEditor.Android.PostProcessor.Tasks.CheckAndroidSDK:EnsureSDKComponentVersion(Version, SDKComponentDetector)
UnityEditor.Android.PostProcessor.Tasks.CheckAndroidSDK:EnsureSDKComponentVersion(Int32, SDKComponentDetector)
UnityEditor.Android.PostProcessor.Tasks.CheckAndroidSDK:Execute(PostProcessorContext)
UnityEditor.Android.PostProcessor.PostProcessRunner:RunAllTasks(PostProcessorContext)
UnityEditor.Android.PostProcessAndroidPlayer:PrepareForBuild(BuildOptions, BuildTarget)
UnityEditor.Android.AndroidBuildPostprocessor:PrepareForBuild(BuildOptions, BuildTarget)
UnityEditor.PostprocessBuildPlayer:PrepareForBuild(BuildOptions, BuildTargetGroup, BuildTarget) (at C:\buildslave\unity\build\Editor\Mono\BuildPipeline\PostprocessBuildPlayer.cs:87)
UnityEditor.BuildPipeline:BuildPlayerInternalNoCheck(String[], String, String, BuildTargetGroup, BuildTarget, BuildOptions, Boolean)
UnityEditor.DefaultBuildMethods:BuildPlayer(BuildPlayerOptions) (at C:\buildslave\unity\build\Editor\Mono\BuildPlayerWindowBuildMethods.cs:164)
UnityEditor.BuildPlayerWindow:CallBuildMethods(Boolean, BuildOptions) (at C:\buildslave\unity\build\Editor\Mono\BuildPlayerWindowBuildMethods.cs:88)
UnityEditor.BuildPlayerWindow:GUIBuildButtons(IBuildWindowExtension, Boolean, Boolean, Boolean, BuildPlatform) (at C:\buildslave\unity\build\Editor\Mono\BuildPlayerWindow.cs:882)
UnityEditor.BuildPlayerWindow:ShowBuildTargetSettings() (at C:\buildslave\unity\build\Editor\Mono\BuildPlayerWindow.cs:812)
UnityEditor.BuildPlayerWindow:OnGUI() (at C:\buildslave\unity\build\Editor\Mono\BuildPlayerWindow.cs:426)
System.Reflection.MonoMethod:InternalInvoke(Object, Object[], Exception&)
System.Reflection.MonoMethod:Invoke(Object, BindingFlags, Binder, Object[], CultureInfo) (at /Users/builduser/buildslave/mono/build/mcs/class/corlib/System.Reflection/MonoMethod.cs:222)
System.Reflection.MethodBase:Invoke(Object, Object[]) (at /Users/builduser/buildslave/mono/build/mcs/class/corlib/System.Reflection/MethodBase.cs:115)
UnityEditor.HostView:Invoke(String, Object) (at C:\buildslave\unity\build\Editor\Mono\HostView.cs:295)
UnityEditor.HostView:Invoke(String) (at C:\buildslave\unity\build\Editor\Mono\HostView.cs:288)
UnityEditor.HostView:OldOnGUI() (at C:\buildslave\unity\build\Editor\Mono\HostView.cs:107)
UnityEngine.Experimental.UIElements.IMGUIContainer:DoOnGUI(Event) (at C:\buildslave\unity\build\Runtime\UIElements\Managed\IMGUIContainer.cs:183)
UnityEngine.Experimental.UIElements.IMGUIContainer:HandleIMGUIEvent(Event) (at C:\buildslave\unity\build\Runtime\UIElements\Managed\IMGUIContainer.cs:339)
UnityEngine.Experimental.UIElements.IMGUIContainer:HandleEvent(EventBase) (at C:\buildslave\unity\build\Runtime\UIElements\Managed\IMGUIContainer.cs:318)
UnityEngine.Experimental.UIElements.EventDispatcher:DispatchEvent(EventBase, IPanel) (at C:\buildslave\unity\build\Runtime\UIElements\Managed\EventDispatcher.cs:250)
UnityEngine.Experimental.UIElements.UIElementsUtility:DoDispatch(BaseVisualElementPanel) (at C:\buildslave\unity\build\Runtime\UIElements\Managed\UIElementsUtility.cs:256)
UnityEngine.Experimental.UIElements.UIElementsUtility:ProcessEvent(Int32, IntPtr) (at C:\buildslave\unity\build\Runtime\UIElements\Managed\UIElementsUtility.cs:78)
UnityEngine.GUIUtility:ProcessEvent(Int32, IntPtr) (at C:\buildslave\unity\build\Runtime\IMGUI\Managed\GUIUtility.cs:175)
 
(Filename: /Users/builduser/buildslave/mono/build/mcs/class/corlib/System.Reflection/MonoMethod.cs Line: 222)

 Mapping new ns http://schemas.android.com/sdk/android/repo/addon2/02 to old ns http://schemas.android.com/sdk/android/repo/addon2/01
UnityEngine.DebugLogHandler:Internal_Log(LogType, String, Object)
UnityEngine.DebugLogHandler:LogFormat(LogType, Object, String, Object[])
UnityEngine.Logger:Log(LogType, Object)
UnityEngine.Debug:LogWarning(Object)
UnityEditor.Android.AndroidSDKTools:DetectErrorsAndWarnings(String, String)
UnityEditor.Android.AndroidSDKTools:RunAndroidSdkTool(String, String, Boolean, WaitingForProcessToExit, String)
UnityEditor.Android.AndroidSDKTools:ListTargetPlatforms(WaitingForProcessToExit)
UnityEditor.Android.AndroidSDKTools:GetTopAndroidPlatformAvailable(WaitingForProcessToExit)
UnityEditor.Android.PostProcessor.Tasks.SDKPlatformDetector:GetVersion(AndroidSDKTools)
UnityEditor.Android.PostProcessor.Tasks.SDKComponentDetector:Detect(AndroidSDKTools, Version, ProgressHandler)
UnityEditor.Android.PostProcessor.Tasks.CheckAndroidSDK:EnsureSDKComponentVersion(Version, SDKComponentDetector)
UnityEditor.Android.PostProcessor.Tasks.CheckAndroidSDK:EnsureSDKComponentVersion(Int32, SDKComponentDetector)
UnityEditor.Android.PostProcessor.Tasks.CheckAndroidSDK:Execute(PostProcessorContext)
UnityEditor.Android.PostProcessor.PostProcessRunner:RunAllTasks(PostProcessorContext)
UnityEditor.Android.PostProcessAndroidPlayer:PrepareForBuild(BuildOptions, BuildTarget)
UnityEditor.Android.AndroidBuildPostprocessor:PrepareForBuild(BuildOptions, BuildTarget)
UnityEditor.PostprocessBuildPlayer:PrepareForBuild(BuildOptions, BuildTargetGroup, BuildTarget) (at C:\buildslave\unity\build\Editor\Mono\BuildPipeline\PostprocessBuildPlayer.cs:87)
UnityEditor.BuildPipeline:BuildPlayerInternalNoCheck(String[], String, String, BuildTargetGroup, BuildTarget, BuildOptions, Boolean)
UnityEditor.DefaultBuildMethods:BuildPlayer(BuildPlayerOptions) (at C:\buildslave\unity\build\Editor\Mono\BuildPlayerWindowBuildMethods.cs:164)
UnityEditor.BuildPlayerWindow:CallBuildMethods(Boolean, BuildOptions) (at C:\buildslave\unity\build\Editor\Mono\BuildPlayerWindowBuildMethods.cs:88)
UnityEditor.BuildPlayerWindow:GUIBuildButtons(IBuildWindowExtension, Boolean, Boolean, Boolean, BuildPlatform) (at C:\buildslave\unity\build\Editor\Mono\BuildPlayerWindow.cs:882)
UnityEditor.BuildPlayerWindow:ShowBuildTargetSettings() (at C:\buildslave\unity\build\Editor\Mono\BuildPlayerWindow.cs:812)
UnityEditor.BuildPlayerWindow:OnGUI() (at C:\buildslave\unity\build\Editor\Mono\BuildPlayerWindow.cs:426)
System.Reflection.MonoMethod:InternalInvoke(Object, Object[], Exception&)
System.Reflection.MonoMethod:Invoke(Object, BindingFlags, Binder, Object[], CultureInfo) (at /Users/builduser/buildslave/mono/build/mcs/class/corlib/System.Reflection/MonoMethod.cs:222)
System.Reflection.MethodBase:Invoke(Object, Object[]) (at /Users/builduser/buildslave/mono/build/mcs/class/corlib/System.Reflection/MethodBase.cs:115)
UnityEditor.HostView:Invoke(String, Object) (at C:\buildslave\unity\build\Editor\Mono\HostView.cs:295)
UnityEditor.HostView:Invoke(String) (at C:\buildslave\unity\build\Editor\Mono\HostView.cs:288)
UnityEditor.HostView:OldOnGUI() (at C:\buildslave\unity\build\Editor\Mono\HostView.cs:107)
UnityEngine.Experimental.UIElements.IMGUIContainer:DoOnGUI(Event) (at C:\buildslave\unity\build\Runtime\UIElements\Managed\IMGUIContainer.cs:183)
UnityEngine.Experimental.UIElements.IMGUIContainer:HandleIMGUIEvent(Event) (at C:\buildslave\unity\build\Runtime\UIElements\Managed\IMGUIContainer.cs:339)
UnityEngine.Experimental.UIElements.IMGUIContainer:HandleEvent(EventBase) (at C:\buildslave\unity\build\Runtime\UIElements\Managed\IMGUIContainer.cs:318)
UnityEngine.Experimental.UIElements.EventDispatcher:DispatchEvent(EventBase, IPanel) (at C:\buildslave\unity\build\Runtime\UIElements\Managed\EventDispatcher.cs:250)
UnityEngine.Experimental.UIElements.UIElementsUtility:DoDispatch(BaseVisualElementPanel) (at C:\buildslave\unity\build\Runtime\UIElements\Managed\UIElementsUtility.cs:256)
UnityEngine.Experimental.UIElements.UIElementsUtility:ProcessEvent(Int32, IntPtr) (at C:\buildslave\unity\build\Runtime\UIElements\Managed\UIElementsUtility.cs:78)
UnityEngine.GUIUtility:ProcessEvent(Int32, IntPtr) (at C:\buildslave\unity\build\Runtime\IMGUI\Managed\GUIUtility.cs:175)
 
(Filename: /Users/builduser/buildslave/mono/build/mcs/class/corlib/System.Reflection/MonoMethod.cs Line: 222)

 Mapping new ns http://schemas.android.com/sdk/android/repo/addon2/03 to old ns http://schemas.android.com/sdk/android/repo/addon2/01
UnityEngine.DebugLogHandler:Internal_Log(LogType, String, Object)
UnityEngine.DebugLogHandler:LogFormat(LogType, Object, String, Object[])
UnityEngine.Logger:Log(LogType, Object)
UnityEngine.Debug:LogWarning(Object)
UnityEditor.Android.AndroidSDKTools:DetectErrorsAndWarnings(String, String)
UnityEditor.Android.AndroidSDKTools:RunAndroidSdkTool(String, String, Boolean, WaitingForProcessToExit, String)
UnityEditor.Android.AndroidSDKTools:ListTargetPlatforms(WaitingForProcessToExit)
UnityEditor.Android.AndroidSDKTools:GetTopAndroidPlatformAvailable(WaitingForProcessToExit)
UnityEditor.Android.PostProcessor.Tasks.SDKPlatformDetector:GetVersion(AndroidSDKTools)
UnityEditor.Android.PostProcessor.Tasks.SDKComponentDetector:Detect(AndroidSDKTools, Version, ProgressHandler)
UnityEditor.Android.PostProcessor.Tasks.CheckAndroidSDK:EnsureSDKComponentVersion(Version, SDKComponentDetector)
UnityEditor.Android.PostProcessor.Tasks.CheckAndroidSDK:EnsureSDKComponentVersion(Int32, SDKComponentDetector)
UnityEditor.Android.PostProcessor.Tasks.CheckAndroidSDK:Execute(PostProcessorContext)
UnityEditor.Android.PostProcessor.PostProcessRunner:RunAllTasks(PostProcessorContext)
UnityEditor.Android.PostProcessAndroidPlayer:PrepareForBuild(BuildOptions, BuildTarget)
UnityEditor.Android.AndroidBuildPostprocessor:PrepareForBuild(BuildOptions, BuildTarget)
UnityEditor.PostprocessBuildPlayer:PrepareForBuild(BuildOptions, BuildTargetGroup, BuildTarget) (at C:\buildslave\unity\build\Editor\Mono\BuildPipeline\PostprocessBuildPlayer.cs:87)
UnityEditor.BuildPipeline:BuildPlayerInternalNoCheck(String[], String, String, BuildTargetGroup, BuildTarget, BuildOptions, Boolean)
UnityEditor.DefaultBuildMethods:BuildPlayer(BuildPlayerOptions) (at C:\buildslave\unity\build\Editor\Mono\BuildPlayerWindowBuildMethods.cs:164)
UnityEditor.BuildPlayerWindow:CallBuildMethods(Boolean, BuildOptions) (at C:\buildslave\unity\build\Editor\Mono\BuildPlayerWindowBuildMethods.cs:88)
UnityEditor.BuildPlayerWindow:GUIBuildButtons(IBuildWindowExtension, Boolean, Boolean, Boolean, BuildPlatform) (at C:\buildslave\unity\build\Editor\Mono\BuildPlayerWindow.cs:882)
UnityEditor.BuildPlayerWindow:ShowBuildTargetSettings() (at C:\buildslave\unity\build\Editor\Mono\BuildPlayerWindow.cs:812)
UnityEditor.BuildPlayerWindow:OnGUI() (at C:\buildslave\unity\build\Editor\Mono\BuildPlayerWindow.cs:426)
System.Reflection.MonoMethod:InternalInvoke(Object, Object[], Exception&)
System.Reflection.MonoMethod:Invoke(Object, BindingFlags, Binder, Object[], CultureInfo) (at /Users/builduser/buildslave/mono/build/mcs/class/corlib/System.Reflection/MonoMethod.cs:222)
System.Reflection.MethodBase:Invoke(Object, Object[]) (at /Users/builduser/buildslave/mono/build/mcs/class/corlib/System.Reflection/MethodBase.cs:115)
UnityEditor.HostView:Invoke(String, Object) (at C:\buildslave\unity\build\Editor\Mono\HostView.cs:295)
UnityEditor.HostView:Invoke(String) (at C:\buildslave\unity\build\Editor\Mono\HostView.cs:288)
UnityEditor.HostView:OldOnGUI() (at C:\buildslave\unity\build\Editor\Mono\HostView.cs:107)
UnityEngine.Experimental.UIElements.IMGUIContainer:DoOnGUI(Event) (at C:\buildslave\unity\build\Runtime\UIElements\Managed\IMGUIContainer.cs:183)
UnityEngine.Experimental.UIElements.IMGUIContainer:HandleIMGUIEvent(Event) (at C:\buildslave\unity\build\Runtime\UIElements\Managed\IMGUIContainer.cs:339)
UnityEngine.Experimental.UIElements.IMGUIContainer:HandleEvent(EventBase) (at C:\buildslave\unity\build\Runtime\UIElements\Managed\IMGUIContainer.cs:318)
UnityEngine.Experimental.UIElements.EventDispatcher:DispatchEvent(EventBase, IPanel) (at C:\buildslave\unity\build\Runtime\UIElements\Managed\EventDispatcher.cs:250)
UnityEngine.Experimental.UIElements.UIElementsUtility:DoDispatch(BaseVisualElementPanel) (at C:\buildslave\unity\build\Runtime\UIElements\Managed\UIElementsUtility.cs:256)
UnityEngine.Experimental.UIElements.UIElementsUtility:ProcessEvent(Int32, IntPtr) (at C:\buildslave\unity\build\Runtime\UIElements\Managed\UIElementsUtility.cs:78)
UnityEngine.GUIUtility:ProcessEvent(Int32, IntPtr) (at C:\buildslave\unity\build\Runtime\IMGUI\Managed\GUIUtility.cs:175)
 
(Filename: /Users/builduser/buildslave/mono/build/mcs/class/corlib/System.Reflection/MonoMethod.cs Line: 222)

 Mapping new ns http://schemas.android.com/sdk/android/repo/repository2/02 to old ns http://schemas.android.com/sdk/android/repo/repository2/01
UnityEngine.DebugLogHandler:Internal_Log(LogType, String, Object)
UnityEngine.DebugLogHandler:LogFormat(LogType, Object, String, Object[])
UnityEngine.Logger:Log(LogType, Object)
UnityEngine.Debug:LogWarning(Object)
UnityEditor.Android.AndroidSDKTools:DetectErrorsAndWarnings(String, String)
UnityEditor.Android.AndroidSDKTools:RunAndroidSdkTool(String, String, Boolean, WaitingForProcessToExit, String)
UnityEditor.Android.AndroidSDKTools:ListTargetPlatforms(WaitingForProcessToExit)
UnityEditor.Android.AndroidSDKTools:GetTopAndroidPlatformAvailable(WaitingForProcessToExit)
UnityEditor.Android.PostProcessor.Tasks.SDKPlatformDetector:GetVersion(AndroidSDKTools)
UnityEditor.Android.PostProcessor.Tasks.SDKComponentDetector:Detect(AndroidSDKTools, Version, ProgressHandler)
UnityEditor.Android.PostProcessor.Tasks.CheckAndroidSDK:EnsureSDKComponentVersion(Version, SDKComponentDetector)
UnityEditor.Android.PostProcessor.Tasks.CheckAndroidSDK:EnsureSDKComponentVersion(Int32, SDKComponentDetector)
UnityEditor.Android.PostProcessor.Tasks.CheckAndroidSDK:Execute(PostProcessorContext)
UnityEditor.Android.PostProcessor.PostProcessRunner:RunAllTasks(PostProcessorContext)
UnityEditor.Android.PostProcessAndroidPlayer:PrepareForBuild(BuildOptions, BuildTarget)
UnityEditor.Android.AndroidBuildPostprocessor:PrepareForBuild(BuildOptions, BuildTarget)
UnityEditor.PostprocessBuildPlayer:PrepareForBuild(BuildOptions, BuildTargetGroup, BuildTarget) (at C:\buildslave\unity\build\Editor\Mono\BuildPipeline\PostprocessBuildPlayer.cs:87)
UnityEditor.BuildPipeline:BuildPlayerInternalNoCheck(String[], String, String, BuildTargetGroup, BuildTarget, BuildOptions, Boolean)
UnityEditor.DefaultBuildMethods:BuildPlayer(BuildPlayerOptions) (at C:\buildslave\unity\build\Editor\Mono\BuildPlayerWindowBuildMethods.cs:164)
UnityEditor.BuildPlayerWindow:CallBuildMethods(Boolean, BuildOptions) (at C:\buildslave\unity\build\Editor\Mono\BuildPlayerWindowBuildMethods.cs:88)
UnityEditor.BuildPlayerWindow:GUIBuildButtons(IBuildWindowExtension, Boolean, Boolean, Boolean, BuildPlatform) (at C:\buildslave\unity\build\Editor\Mono\BuildPlayerWindow.cs:882)
UnityEditor.BuildPlayerWindow:ShowBuildTargetSettings() (at C:\buildslave\unity\build\Editor\Mono\BuildPlayerWindow.cs:812)
UnityEditor.BuildPlayerWindow:OnGUI() (at C:\buildslave\unity\build\Editor\Mono\BuildPlayerWindow.cs:426)
System.Reflection.MonoMethod:InternalInvoke(Object, Object[], Exception&)
System.Reflection.MonoMethod:Invoke(Object, BindingFlags, Binder, Object[], CultureInfo) (at /Users/builduser/buildslave/mono/build/mcs/class/corlib/System.Reflection/MonoMethod.cs:222)
System.Reflection.MethodBase:Invoke(Object, Object[]) (at /Users/builduser/buildslave/mono/build/mcs/class/corlib/System.Reflection/MethodBase.cs:115)
UnityEditor.HostView:Invoke(String, Object) (at C:\buildslave\unity\build\Editor\Mono\HostView.cs:295)
UnityEditor.HostView:Invoke(String) (at C:\buildslave\unity\build\Editor\Mono\HostView.cs:288)
UnityEditor.HostView:OldOnGUI() (at C:\buildslave\unity\build\Editor\Mono\HostView.cs:107)
UnityEngine.Experimental.UIElements.IMGUIContainer:DoOnGUI(Event) (at C:\buildslave\unity\build\Runtime\UIElements\Managed\IMGUIContainer.cs:183)
UnityEngine.Experimental.UIElements.IMGUIContainer:HandleIMGUIEvent(Event) (at C:\buildslave\unity\build\Runtime\UIElements\Managed\IMGUIContainer.cs:339)
UnityEngine.Experimental.UIElements.IMGUIContainer:HandleEvent(EventBase) (at C:\buildslave\unity\build\Runtime\UIElements\Managed\IMGUIContainer.cs:318)
UnityEngine.Experimental.UIElements.EventDispatcher:DispatchEvent(EventBase, IPanel) (at C:\buildslave\unity\build\Runtime\UIElements\Managed\EventDispatcher.cs:250)
UnityEngine.Experimental.UIElements.UIElementsUtility:DoDispatch(BaseVisualElementPanel) (at C:\buildslave\unity\build\Runtime\UIElements\Managed\UIElementsUtility.cs:256)
UnityEngine.Experimental.UIElements.UIElementsUtility:ProcessEvent(Int32, IntPtr) (at C:\buildslave\unity\build\Runtime\UIElements\Managed\UIElementsUtility.cs:78)
UnityEngine.GUIUtility:ProcessEvent(Int32, IntPtr) (at C:\buildslave\unity\build\Runtime\IMGUI\Managed\GUIUtility.cs:175)
 
(Filename: /Users/builduser/buildslave/mono/build/mcs/class/corlib/System.Reflection/MonoMethod.cs Line: 222)

 Mapping new ns http://schemas.android.com/sdk/android/repo/repository2/03 to old ns http://schemas.android.com/sdk/android/repo/repository2/01
UnityEngine.DebugLogHandler:Internal_Log(LogType, String, Object)
UnityEngine.DebugLogHandler:LogFormat(LogType, Object, String, Object[])
UnityEngine.Logger:Log(LogType, Object)
UnityEngine.Debug:LogWarning(Object)
UnityEditor.Android.AndroidSDKTools:DetectErrorsAndWarnings(String, String)
UnityEditor.Android.AndroidSDKTools:RunAndroidSdkTool(String, String, Boolean, WaitingForProcessToExit, String)
UnityEditor.Android.AndroidSDKTools:ListTargetPlatforms(WaitingForProcessToExit)
UnityEditor.Android.AndroidSDKTools:GetTopAndroidPlatformAvailable(WaitingForProcessToExit)
UnityEditor.Android.PostProcessor.Tasks.SDKPlatformDetector:GetVersion(AndroidSDKTools)
UnityEditor.Android.PostProcessor.Tasks.SDKComponentDetector:Detect(AndroidSDKTools, Version, ProgressHandler)
UnityEditor.Android.PostProcessor.Tasks.CheckAndroidSDK:EnsureSDKComponentVersion(Version, SDKComponentDetector)
UnityEditor.Android.PostProcessor.Tasks.CheckAndroidSDK:EnsureSDKComponentVersion(Int32, SDKComponentDetector)
UnityEditor.Android.PostProcessor.Tasks.CheckAndroidSDK:Execute(PostProcessorContext)
UnityEditor.Android.PostProcessor.PostProcessRunner:RunAllTasks(PostProcessorContext)
UnityEditor.Android.PostProcessAndroidPlayer:PrepareForBuild(BuildOptions, BuildTarget)
UnityEditor.Android.AndroidBuildPostprocessor:PrepareForBuild(BuildOptions, BuildTarget)
UnityEditor.PostprocessBuildPlayer:PrepareForBuild(BuildOptions, BuildTargetGroup, BuildTarget) (at C:\buildslave\unity\build\Editor\Mono\BuildPipeline\PostprocessBuildPlayer.cs:87)
UnityEditor.BuildPipeline:BuildPlayerInternalNoCheck(String[], String, String, BuildTargetGroup, BuildTarget, BuildOptions, Boolean)
UnityEditor.DefaultBuildMethods:BuildPlayer(BuildPlayerOptions) (at C:\buildslave\unity\build\Editor\Mono\BuildPlayerWindowBuildMethods.cs:164)
UnityEditor.BuildPlayerWindow:CallBuildMethods(Boolean, BuildOptions) (at C:\buildslave\unity\build\Editor\Mono\BuildPlayerWindowBuildMethods.cs:88)
UnityEditor.BuildPlayerWindow:GUIBuildButtons(IBuildWindowExtension, Boolean, Boolean, Boolean, BuildPlatform) (at C:\buildslave\unity\build\Editor\Mono\BuildPlayerWindow.cs:882)
UnityEditor.BuildPlayerWindow:ShowBuildTargetSettings() (at C:\buildslave\unity\build\Editor\Mono\BuildPlayerWindow.cs:812)
UnityEditor.BuildPlayerWindow:OnGUI() (at C:\buildslave\unity\build\Editor\Mono\BuildPlayerWindow.cs:426)
System.Reflection.MonoMethod:InternalInvoke(Object, Object[], Exception&)
System.Reflection.MonoMethod:Invoke(Object, BindingFlags, Binder, Object[], CultureInfo) (at /Users/builduser/buildslave/mono/build/mcs/class/corlib/System.Reflection/MonoMethod.cs:222)
System.Reflection.MethodBase:Invoke(Object, Object[]) (at /Users/builduser/buildslave/mono/build/mcs/class/corlib/System.Reflection/MethodBase.cs:115)
UnityEditor.HostView:Invoke(String, Object) (at C:\buildslave\unity\build\Editor\Mono\HostView.cs:295)
UnityEditor.HostView:Invoke(String) (at C:\buildslave\unity\build\Editor\Mono\HostView.cs:288)
UnityEditor.HostView:OldOnGUI() (at C:\buildslave\unity\build\Editor\Mono\HostView.cs:107)
UnityEngine.Experimental.UIElements.IMGUIContainer:DoOnGUI(Event) (at C:\buildslave\unity\build\Runtime\UIElements\Managed\IMGUIContainer.cs:183)
UnityEngine.Experimental.UIElements.IMGUIContainer:HandleIMGUIEvent(Event) (at C:\buildslave\unity\build\Runtime\UIElements\Managed\IMGUIContainer.cs:339)
UnityEngine.Experimental.UIElements.IMGUIContainer:HandleEvent(EventBase) (at C:\buildslave\unity\build\Runtime\UIElements\Managed\IMGUIContainer.cs:318)
UnityEngine.Experimental.UIElements.EventDispatcher:DispatchEvent(EventBase, IPanel) (at C:\buildslave\unity\build\Runtime\UIElements\Managed\EventDispatcher.cs:250)
UnityEngine.Experimental.UIElements.UIElementsUtility:DoDispatch(BaseVisualElementPanel) (at C:\buildslave\unity\build\Runtime\UIElements\Managed\UIElementsUtility.cs:256)
UnityEngine.Experimental.UIElements.UIElementsUtility:ProcessEvent(Int32, IntPtr) (at C:\buildslave\unity\build\Runtime\UIElements\Managed\UIElementsUtility.cs:78)
UnityEngine.GUIUtility:ProcessEvent(Int32, IntPtr) (at C:\buildslave\unity\build\Runtime\IMGUI\Managed\GUIUtility.cs:175)
 
(Filename: /Users/builduser/buildslave/mono/build/mcs/class/corlib/System.Reflection/MonoMethod.cs Line: 222)

 Mapping new ns http://schemas.android.com/sdk/android/repo/sys-img2/04 to old ns http://schemas.android.com/sdk/android/repo/sys-img2/01
UnityEngine.DebugLogHandler:Internal_Log(LogType, String, Object)
UnityEngine.DebugLogHandler:LogFormat(LogType, Object, String, Object[])
UnityEngine.Logger:Log(LogType, Object)
UnityEngine.Debug:LogWarning(Object)
UnityEditor.Android.AndroidSDKTools:DetectErrorsAndWarnings(String, String)
UnityEditor.Android.AndroidSDKTools:RunAndroidSdkTool(String, String, Boolean, WaitingForProcessToExit, String)
UnityEditor.Android.AndroidSDKTools:ListTargetPlatforms(WaitingForProcessToExit)
UnityEditor.Android.AndroidSDKTools:GetTopAndroidPlatformAvailable(WaitingForProcessToExit)
UnityEditor.Android.PostProcessor.Tasks.SDKPlatformDetector:GetVersion(AndroidSDKTools)
UnityEditor.Android.PostProcessor.Tasks.SDKComponentDetector:Detect(AndroidSDKTools, Version, ProgressHandler)
UnityEditor.Android.PostProcessor.Tasks.CheckAndroidSDK:EnsureSDKComponentVersion(Version, SDKComponentDetector)
UnityEditor.Android.PostProcessor.Tasks.CheckAndroidSDK:EnsureSDKComponentVersion(Int32, SDKComponentDetector)
UnityEditor.Android.PostProcessor.Tasks.CheckAndroidSDK:Execute(PostProcessorContext)
UnityEditor.Android.PostProcessor.PostProcessRunner:RunAllTasks(PostProcessorContext)
UnityEditor.Android.PostProcessAndroidPlayer:PrepareForBuild(BuildOptions, BuildTarget)
UnityEditor.Android.AndroidBuildPostprocessor:PrepareForBuild(BuildOptions, BuildTarget)
UnityEditor.PostprocessBuildPlayer:PrepareForBuild(BuildOptions, BuildTargetGroup, BuildTarget) (at C:\buildslave\unity\build\Editor\Mono\BuildPipeline\PostprocessBuildPlayer.cs:87)
UnityEditor.BuildPipeline:BuildPlayerInternalNoCheck(String[], String, String, BuildTargetGroup, BuildTarget, BuildOptions, Boolean)
UnityEditor.DefaultBuildMethods:BuildPlayer(BuildPlayerOptions) (at C:\buildslave\unity\build\Editor\Mono\BuildPlayerWindowBuildMethods.cs:164)
UnityEditor.BuildPlayerWindow:CallBuildMethods(Boolean, BuildOptions) (at C:\buildslave\unity\build\Editor\Mono\BuildPlayerWindowBuildMethods.cs:88)
UnityEditor.BuildPlayerWindow:GUIBuildButtons(IBuildWindowExtension, Boolean, Boolean, Boolean, BuildPlatform) (at C:\buildslave\unity\build\Editor\Mono\BuildPlayerWindow.cs:882)
UnityEditor.BuildPlayerWindow:ShowBuildTargetSettings() (at C:\buildslave\unity\build\Editor\Mono\BuildPlayerWindow.cs:812)
UnityEditor.BuildPlayerWindow:OnGUI() (at C:\buildslave\unity\build\Editor\Mono\BuildPlayerWindow.cs:426)
System.Reflection.MonoMethod:InternalInvoke(Object, Object[], Exception&)
System.Reflection.MonoMethod:Invoke(Object, BindingFlags, Binder, Object[], CultureInfo) (at /Users/builduser/buildslave/mono/build/mcs/class/corlib/System.Reflection/MonoMethod.cs:222)
System.Reflection.MethodBase:Invoke(Object, Object[]) (at /Users/builduser/buildslave/mono/build/mcs/class/corlib/System.Reflection/MethodBase.cs:115)
UnityEditor.HostView:Invoke(String, Object) (at C:\buildslave\unity\build\Editor\Mono\HostView.cs:295)
UnityEditor.HostView:Invoke(String) (at C:\buildslave\unity\build\Editor\Mono\HostView.cs:288)
UnityEditor.HostView:OldOnGUI() (at C:\buildslave\unity\build\Editor\Mono\HostView.cs:107)
UnityEngine.Experimental.UIElements.IMGUIContainer:DoOnGUI(Event) (at C:\buildslave\unity\build\Runtime\UIElements\Managed\IMGUIContainer.cs:183)
UnityEngine.Experimental.UIElements.IMGUIContainer:HandleIMGUIEvent(Event) (at C:\buildslave\unity\build\Runtime\UIElements\Managed\IMGUIContainer.cs:339)
UnityEngine.Experimental.UIElements.IMGUIContainer:HandleEvent(EventBase) (at C:\buildslave\unity\build\Runtime\UIElements\Managed\IMGUIContainer.cs:318)
UnityEngine.Experimental.UIElements.EventDispatcher:DispatchEvent(EventBase, IPanel) (at C:\buildslave\unity\build\Runtime\UIElements\Managed\EventDispatcher.cs:250)
UnityEngine.Experimental.UIElements.UIElementsUtility:DoDispatch(BaseVisualElementPanel) (at C:\buildslave\unity\build\Runtime\UIElements\Managed\UIElementsUtility.cs:256)
UnityEngine.Experimental.UIElements.UIElementsUtility:ProcessEvent(Int32, IntPtr) (at C:\buildslave\unity\build\Runtime\UIElements\Managed\UIElementsUtility.cs:78)
UnityEngine.GUIUtility:ProcessEvent(Int32, IntPtr) (at C:\buildslave\unity\build\Runtime\IMGUI\Managed\GUIUtility.cs:175)
 
(Filename: /Users/builduser/buildslave/mono/build/mcs/class/corlib/System.Reflection/MonoMethod.cs Line: 222)

 Mapping new ns http://schemas.android.com/sdk/android/repo/sys-img2/03 to old ns http://schemas.android.com/sdk/android/repo/sys-img2/01
UnityEngine.DebugLogHandler:Internal_Log(LogType, String, Object)
UnityEngine.DebugLogHandler:LogFormat(LogType, Object, String, Object[])
UnityEngine.Logger:Log(LogType, Object)
UnityEngine.Debug:LogWarning(Object)
UnityEditor.Android.AndroidSDKTools:DetectErrorsAndWarnings(String, String)
UnityEditor.Android.AndroidSDKTools:RunAndroidSdkTool(String, String, Boolean, WaitingForProcessToExit, String)
UnityEditor.Android.AndroidSDKTools:ListTargetPlatforms(WaitingForProcessToExit)
UnityEditor.Android.AndroidSDKTools:GetTopAndroidPlatformAvailable(WaitingForProcessToExit)
UnityEditor.Android.PostProcessor.Tasks.SDKPlatformDetector:GetVersion(AndroidSDKTools)
UnityEditor.Android.PostProcessor.Tasks.SDKComponentDetector:Detect(AndroidSDKTools, Version, ProgressHandler)
UnityEditor.Android.PostProcessor.Tasks.CheckAndroidSDK:EnsureSDKComponentVersion(Version, SDKComponentDetector)
UnityEditor.Android.PostProcessor.Tasks.CheckAndroidSDK:EnsureSDKComponentVersion(Int32, SDKComponentDetector)
UnityEditor.Android.PostProcessor.Tasks.CheckAndroidSDK:Execute(PostProcessorContext)
UnityEditor.Android.PostProcessor.PostProcessRunner:RunAllTasks(PostProcessorContext)
UnityEditor.Android.PostProcessAndroidPlayer:PrepareForBuild(BuildOptions, BuildTarget)
UnityEditor.Android.AndroidBuildPostprocessor:PrepareForBuild(BuildOptions, BuildTarget)
UnityEditor.PostprocessBuildPlayer:PrepareForBuild(BuildOptions, BuildTargetGroup, BuildTarget) (at C:\buildslave\unity\build\Editor\Mono\BuildPipeline\PostprocessBuildPlayer.cs:87)
UnityEditor.BuildPipeline:BuildPlayerInternalNoCheck(String[], String, String, BuildTargetGroup, BuildTarget, BuildOptions, Boolean)
UnityEditor.DefaultBuildMethods:BuildPlayer(BuildPlayerOptions) (at C:\buildslave\unity\build\Editor\Mono\BuildPlayerWindowBuildMethods.cs:164)
UnityEditor.BuildPlayerWindow:CallBuildMethods(Boolean, BuildOptions) (at C:\buildslave\unity\build\Editor\Mono\BuildPlayerWindowBuildMethods.cs:88)
UnityEditor.BuildPlayerWindow:GUIBuildButtons(IBuildWindowExtension, Boolean, Boolean, Boolean, BuildPlatform) (at C:\buildslave\unity\build\Editor\Mono\BuildPlayerWindow.cs:882)
UnityEditor.BuildPlayerWindow:ShowBuildTargetSettings() (at C:\buildslave\unity\build\Editor\Mono\BuildPlayerWindow.cs:812)
UnityEditor.BuildPlayerWindow:OnGUI() (at C:\buildslave\unity\build\Editor\Mono\BuildPlayerWindow.cs:426)
System.Reflection.MonoMethod:InternalInvoke(Object, Object[], Exception&)
System.Reflection.MonoMethod:Invoke(Object, BindingFlags, Binder, Object[], CultureInfo) (at /Users/builduser/buildslave/mono/build/mcs/class/corlib/System.Reflection/MonoMethod.cs:222)
System.Reflection.MethodBase:Invoke(Object, Object[]) (at /Users/builduser/buildslave/mono/build/mcs/class/corlib/System.Reflection/MethodBase.cs:115)
UnityEditor.HostView:Invoke(String, Object) (at C:\buildslave\unity\build\Editor\Mono\HostView.cs:295)
UnityEditor.HostView:Invoke(String) (at C:\buildslave\unity\build\Editor\Mono\HostView.cs:288)
UnityEditor.HostView:OldOnGUI() (at C:\buildslave\unity\build\Editor\Mono\HostView.cs:107)
UnityEngine.Experimental.UIElements.IMGUIContainer:DoOnGUI(Event) (at C:\buildslave\unity\build\Runtime\UIElements\Managed\IMGUIContainer.cs:183)
UnityEngine.Experimental.UIElements.IMGUIContainer:HandleIMGUIEvent(Event) (at C:\buildslave\unity\build\Runtime\UIElements\Managed\IMGUIContainer.cs:339)
UnityEngine.Experimental.UIElements.IMGUIContainer:HandleEvent(EventBase) (at C:\buildslave\unity\build\Runtime\UIElements\Managed\IMGUIContainer.cs:318)
UnityEngine.Experimental.UIElements.EventDispatcher:DispatchEvent(EventBase, IPanel) (at C:\buildslave\unity\build\Runtime\UIElements\Managed\EventDispatcher.cs:250)
UnityEngine.Experimental.UIElements.UIElementsUtility:DoDispatch(BaseVisualElementPanel) (at C:\buildslave\unity\build\Runtime\UIElements\Managed\UIElementsUtility.cs:256)
UnityEngine.Experimental.UIElements.UIElementsUtility:ProcessEvent(Int32, IntPtr) (at C:\buildslave\unity\build\Runtime\UIElements\Managed\UIElementsUtility.cs:78)
UnityEngine.GUIUtility:ProcessEvent(Int32, IntPtr) (at C:\buildslave\unity\build\Runtime\IMGUI\Managed\GUIUtility.cs:175)
 
(Filename: /Users/builduser/buildslave/mono/build/mcs/class/corlib/System.Reflection/MonoMethod.cs Line: 222)

 Mapping new ns http://schemas.android.com/sdk/android/repo/sys-img2/02 to old ns http://schemas.android.com/sdk/android/repo/sys-img2/01
UnityEngine.DebugLogHandler:Internal_Log(LogType, String, Object)
UnityEngine.DebugLogHandler:LogFormat(LogType, Object, String, Object[])
UnityEngine.Logger:Log(LogType, Object)
UnityEngine.Debug:LogWarning(Object)
UnityEditor.Android.AndroidSDKTools:DetectErrorsAndWarnings(String, String)
UnityEditor.Android.AndroidSDKTools:RunAndroidSdkTool(String, String, Boolean, WaitingForProcessToExit, String)
UnityEditor.Android.AndroidSDKTools:ListTargetPlatforms(WaitingForProcessToExit)
UnityEditor.Android.AndroidSDKTools:GetTopAndroidPlatformAvailable(WaitingForProcessToExit)
UnityEditor.Android.PostProcessor.Tasks.SDKPlatformDetector:GetVersion(AndroidSDKTools)
UnityEditor.Android.PostProcessor.Tasks.SDKComponentDetector:Detect(AndroidSDKTools, Version, ProgressHandler)
UnityEditor.Android.PostProcessor.Tasks.CheckAndroidSDK:EnsureSDKComponentVersion(Version, SDKComponentDetector)
UnityEditor.Android.PostProcessor.Tasks.CheckAndroidSDK:EnsureSDKComponentVersion(Int32, SDKComponentDetector)
UnityEditor.Android.PostProcessor.Tasks.CheckAndroidSDK:Execute(PostProcessorContext)
UnityEditor.Android.PostProcessor.PostProcessRunner:RunAllTasks(PostProcessorContext)
UnityEditor.Android.PostProcessAndroidPlayer:PrepareForBuild(BuildOptions, BuildTarget)
UnityEditor.Android.AndroidBuildPostprocessor:PrepareForBuild(BuildOptions, BuildTarget)
UnityEditor.PostprocessBuildPlayer:PrepareForBuild(BuildOptions, BuildTargetGroup, BuildTarget) (at C:\buildslave\unity\build\Editor\Mono\BuildPipeline\PostprocessBuildPlayer.cs:87)
UnityEditor.BuildPipeline:BuildPlayerInternalNoCheck(String[], String, String, BuildTargetGroup, BuildTarget, BuildOptions, Boolean)
UnityEditor.DefaultBuildMethods:BuildPlayer(BuildPlayerOptions) (at C:\buildslave\unity\build\Editor\Mono\BuildPlayerWindowBuildMethods.cs:164)
UnityEditor.BuildPlayerWindow:CallBuildMethods(Boolean, BuildOptions) (at C:\buildslave\unity\build\Editor\Mono\BuildPlayerWindowBuildMethods.cs:88)
UnityEditor.BuildPlayerWindow:GUIBuildButtons(IBuildWindowExtension, Boolean, Boolean, Boolean, BuildPlatform) (at C:\buildslave\unity\build\Editor\Mono\BuildPlayerWindow.cs:882)
UnityEditor.BuildPlayerWindow:ShowBuildTargetSettings() (at C:\buildslave\unity\build\Editor\Mono\BuildPlayerWindow.cs:812)
UnityEditor.BuildPlayerWindow:OnGUI() (at C:\buildslave\unity\build\Editor\Mono\BuildPlayerWindow.cs:426)
System.Reflection.MonoMethod:InternalInvoke(Object, Object[], Exception&)
System.Reflection.MonoMethod:Invoke(Object, BindingFlags, Binder, Object[], CultureInfo) (at /Users/builduser/buildslave/mono/build/mcs/class/corlib/System.Reflection/MonoMethod.cs:222)
System.Reflection.MethodBase:Invoke(Object, Object[]) (at /Users/builduser/buildslave/mono/build/mcs/class/corlib/System.Reflection/MethodBase.cs:115)
UnityEditor.HostView:Invoke(String, Object) (at C:\buildslave\unity\build\Editor\Mono\HostView.cs:295)
UnityEditor.HostView:Invoke(String) (at C:\buildslave\unity\build\Editor\Mono\HostView.cs:288)
UnityEditor.HostView:OldOnGUI() (at C:\buildslave\unity\build\Editor\Mono\HostView.cs:107)
UnityEngine.Experimental.UIElements.IMGUIContainer:DoOnGUI(Event) (at C:\buildslave\unity\build\Runtime\UIElements\Managed\IMGUIContainer.cs:183)
UnityEngine.Experimental.UIElements.IMGUIContainer:HandleIMGUIEvent(Event) (at C:\buildslave\unity\build\Runtime\UIElements\Managed\IMGUIContainer.cs:339)
UnityEngine.Experimental.UIElements.IMGUIContainer:HandleEvent(EventBase) (at C:\buildslave\unity\build\Runtime\UIElements\Managed\IMGUIContainer.cs:318)
UnityEngine.Experimental.UIElements.EventDispatcher:DispatchEvent(EventBase, IPanel) (at C:\buildslave\unity\build\Runtime\UIElements\Managed\EventDispatcher.cs:250)
UnityEngine.Experimental.UIElements.UIElementsUtility:DoDispatch(BaseVisualElementPanel) (at C:\buildslave\unity\build\Runtime\UIElements\Managed\UIElementsUtility.cs:256)
UnityEngine.Experimental.UIElements.UIElementsUtility:ProcessEvent(Int32, IntPtr) (at C:\buildslave\unity\build\Runtime\UIElements\Managed\UIElementsUtility.cs:78)
UnityEngine.GUIUtility:ProcessEvent(Int32, IntPtr) (at C:\buildslave\unity\build\Runtime\IMGUI\Managed\GUIUtility.cs:175)
 
(Filename: /Users/builduser/buildslave/mono/build/mcs/class/corlib/System.Reflection/MonoMethod.cs Line: 222)

 Mapping new ns http://schemas.android.com/repository/android/common/02 to old ns http://schemas.android.com/repository/android/common/01
UnityEngine.DebugLogHandler:Internal_Log(LogType, String, Object)
UnityEngine.DebugLogHandler:LogFormat(LogType, Object, String, Object[])
UnityEngine.Logger:Log(LogType, Object)
UnityEngine.Debug:LogWarning(Object)
UnityEditor.Android.AndroidSDKTools:DetectErrorsAndWarnings(String, String)
UnityEditor.Android.AndroidSDKTools:RunAndroidSdkTool(String, String, Boolean, WaitingForProcessToExit, String)
UnityEditor.Android.AndroidSDKTools:ListTargetPlatforms(WaitingForProcessToExit)
UnityEditor.Android.AndroidSDKTools:GetTopAndroidPlatformAvailable(WaitingForProcessToExit)
UnityEditor.Android.PostProcessor.Tasks.SDKPlatformDetector:GetVersion(AndroidSDKTools)
UnityEditor.Android.PostProcessor.Tasks.SDKComponentDetector:Detect(AndroidSDKTools, Version, ProgressHandler)
UnityEditor.Android.PostProcessor.Tasks.CheckAndroidSDK:EnsureSDKComponentVersion(Version, SDKComponentDetector)
UnityEditor.Android.PostProcessor.Tasks.CheckAndroidSDK:EnsureSDKComponentVersion(Int32, SDKComponentDetector)
UnityEditor.Android.PostProcessor.Tasks.CheckAndroidSDK:Execute(PostProcessorContext)
UnityEditor.Android.PostProcessor.PostProcessRunner:RunAllTasks(PostProcessorContext)
UnityEditor.Android.PostProcessAndroidPlayer:PrepareForBuild(BuildOptions, BuildTarget)
UnityEditor.Android.AndroidBuildPostprocessor:PrepareForBuild(BuildOptions, BuildTarget)
UnityEditor.PostprocessBuildPlayer:PrepareForBuild(BuildOptions, BuildTargetGroup, BuildTarget) (at C:\buildslave\unity\build\Editor\Mono\BuildPipeline\PostprocessBuildPlayer.cs:87)
UnityEditor.BuildPipeline:BuildPlayerInternalNoCheck(String[], String, String, BuildTargetGroup, BuildTarget, BuildOptions, Boolean)
UnityEditor.DefaultBuildMethods:BuildPlayer(BuildPlayerOptions) (at C:\buildslave\unity\build\Editor\Mono\BuildPlayerWindowBuildMethods.cs:164)
UnityEditor.BuildPlayerWindow:CallBuildMethods(Boolean, BuildOptions) (at C:\buildslave\unity\build\Editor\Mono\BuildPlayerWindowBuildMethods.cs:88)
UnityEditor.BuildPlayerWindow:GUIBuildButtons(IBuildWindowExtension, Boolean, Boolean, Boolean, BuildPlatform) (at C:\buildslave\unity\build\Editor\Mono\BuildPlayerWindow.cs:882)
UnityEditor.BuildPlayerWindow:ShowBuildTargetSettings() (at C:\buildslave\unity\build\Editor\Mono\BuildPlayerWindow.cs:812)
UnityEditor.BuildPlayerWindow:OnGUI() (at C:\buildslave\unity\build\Editor\Mono\BuildPlayerWindow.cs:426)
System.Reflection.MonoMethod:InternalInvoke(Object, Object[], Exception&)
System.Reflection.MonoMethod:Invoke(Object, BindingFlags, Binder, Object[], CultureInfo) (at /Users/builduser/buildslave/mono/build/mcs/class/corlib/System.Reflection/MonoMethod.cs:222)
System.Reflection.MethodBase:Invoke(Object, Object[]) (at /Users/builduser/buildslave/mono/build/mcs/class/corlib/System.Reflection/MethodBase.cs:115)
UnityEditor.HostView:Invoke(String, Object) (at C:\buildslave\unity\build\Editor\Mono\HostView.cs:295)
UnityEditor.HostView:Invoke(String) (at C:\buildslave\unity\build\Editor\Mono\HostView.cs:288)
UnityEditor.HostView:OldOnGUI() (at C:\buildslave\unity\build\Editor\Mono\HostView.cs:107)
UnityEngine.Experimental.UIElements.IMGUIContainer:DoOnGUI(Event) (at C:\buildslave\unity\build\Runtime\UIElements\Managed\IMGUIContainer.cs:183)
UnityEngine.Experimental.UIElements.IMGUIContainer:HandleIMGUIEvent(Event) (at C:\buildslave\unity\build\Runtime\UIElements\Managed\IMGUIContainer.cs:339)
UnityEngine.Experimental.UIElements.IMGUIContainer:HandleEvent(EventBase) (at C:\buildslave\unity\build\Runtime\UIElements\Managed\IMGUIContainer.cs:318)
UnityEngine.Experimental.UIElements.EventDispatcher:DispatchEvent(EventBase, IPanel) (at C:\buildslave\unity\build\Runtime\UIElements\Managed\EventDispatcher.cs:250)
UnityEngine.Experimental.UIElements.UIElementsUtility:DoDispatch(BaseVisualElementPanel) (at C:\buildslave\unity\build\Runtime\UIElements\Managed\UIElementsUtility.cs:256)
UnityEngine.Experimental.UIElements.UIElementsUtility:ProcessEvent(Int32, IntPtr) (at C:\buildslave\unity\build\Runtime\UIElements\Managed\UIElementsUtility.cs:78)
UnityEngine.GUIUtility:ProcessEvent(Int32, IntPtr) (at C:\buildslave\unity\build\Runtime\IMGUI\Managed\GUIUtility.cs:175)
 
(Filename: /Users/builduser/buildslave/mono/build/mcs/class/corlib/System.Reflection/MonoMethod.cs Line: 222)

 Mapping new ns http://schemas.android.com/repository/android/generic/02 to old ns http://schemas.android.com/repository/android/generic/01
UnityEngine.DebugLogHandler:Internal_Log(LogType, String, Object)
UnityEngine.DebugLogHandler:LogFormat(LogType, Object, String, Object[])
UnityEngine.Logger:Log(LogType, Object)
UnityEngine.Debug:LogWarning(Object)
UnityEditor.Android.AndroidSDKTools:DetectErrorsAndWarnings(String, String)
UnityEditor.Android.AndroidSDKTools:RunAndroidSdkTool(String, String, Boolean, WaitingForProcessToExit, String)
UnityEditor.Android.AndroidSDKTools:ListTargetPlatforms(WaitingForProcessToExit)
UnityEditor.Android.AndroidSDKTools:GetTopAndroidPlatformAvailable(WaitingForProcessToExit)
UnityEditor.Android.PostProcessor.Tasks.SDKPlatformDetector:GetVersion(AndroidSDKTools)
UnityEditor.Android.PostProcessor.Tasks.SDKComponentDetector:Detect(AndroidSDKTools, Version, ProgressHandler)
UnityEditor.Android.PostProcessor.Tasks.CheckAndroidSDK:EnsureSDKComponentVersion(Version, SDKComponentDetector)
UnityEditor.Android.PostProcessor.Tasks.CheckAndroidSDK:EnsureSDKComponentVersion(Int32, SDKComponentDetector)
UnityEditor.Android.PostProcessor.Tasks.CheckAndroidSDK:Execute(PostProcessorContext)
UnityEditor.Android.PostProcessor.PostProcessRunner:RunAllTasks(PostProcessorContext)
UnityEditor.Android.PostProcessAndroidPlayer:PrepareForBuild(BuildOptions, BuildTarget)
UnityEditor.Android.AndroidBuildPostprocessor:PrepareForBuild(BuildOptions, BuildTarget)
UnityEditor.PostprocessBuildPlayer:PrepareForBuild(BuildOptions, BuildTargetGroup, BuildTarget) (at C:\buildslave\unity\build\Editor\Mono\BuildPipeline\PostprocessBuildPlayer.cs:87)
UnityEditor.BuildPipeline:BuildPlayerInternalNoCheck(String[], String, String, BuildTargetGroup, BuildTarget, BuildOptions, Boolean)
UnityEditor.DefaultBuildMethods:BuildPlayer(BuildPlayerOptions) (at C:\buildslave\unity\build\Editor\Mono\BuildPlayerWindowBuildMethods.cs:164)
UnityEditor.BuildPlayerWindow:CallBuildMethods(Boolean, BuildOptions) (at C:\buildslave\unity\build\Editor\Mono\BuildPlayerWindowBuildMethods.cs:88)
UnityEditor.BuildPlayerWindow:GUIBuildButtons(IBuildWindowExtension, Boolean, Boolean, Boolean, BuildPlatform) (at C:\buildslave\unity\build\Editor\Mono\BuildPlayerWindow.cs:882)
UnityEditor.BuildPlayerWindow:ShowBuildTargetSettings() (at C:\buildslave\unity\build\Editor\Mono\BuildPlayerWindow.cs:812)
UnityEditor.BuildPlayerWindow:OnGUI() (at C:\buildslave\unity\build\Editor\Mono\BuildPlayerWindow.cs:426)
System.Reflection.MonoMethod:InternalInvoke(Object, Object[], Exception&)
System.Reflection.MonoMethod:Invoke(Object, BindingFlags, Binder, Object[], CultureInfo) (at /Users/builduser/buildslave/mono/build/mcs/class/corlib/System.Reflection/MonoMethod.cs:222)
System.Reflection.MethodBase:Invoke(Object, Object[]) (at /Users/builduser/buildslave/mono/build/mcs/class/corlib/System.Reflection/MethodBase.cs:115)
UnityEditor.HostView:Invoke(String, Object) (at C:\buildslave\unity\build\Editor\Mono\HostView.cs:295)
UnityEditor.HostView:Invoke(String) (at C:\buildslave\unity\build\Editor\Mono\HostView.cs:288)
UnityEditor.HostView:OldOnGUI() (at C:\buildslave\unity\build\Editor\Mono\HostView.cs:107)
UnityEngine.Experimental.UIElements.IMGUIContainer:DoOnGUI(Event) (at C:\buildslave\unity\build\Runtime\UIElements\Managed\IMGUIContainer.cs:183)
UnityEngine.Experimental.UIElements.IMGUIContainer:HandleIMGUIEvent(Event) (at C:\buildslave\unity\build\Runtime\UIElements\Managed\IMGUIContainer.cs:339)
UnityEngine.Experimental.UIElements.IMGUIContainer:HandleEvent(EventBase) (at C:\buildslave\unity\build\Runtime\UIElements\Managed\IMGUIContainer.cs:318)
UnityEngine.Experimental.UIElements.EventDispatcher:DispatchEvent(EventBase, IPanel) (at C:\buildslave\unity\build\Runtime\UIElements\Managed\EventDispatcher.cs:250)
UnityEngine.Experimental.UIElements.UIElementsUtility:DoDispatch(BaseVisualElementPanel) (at C:\buildslave\unity\build\Runtime\UIElements\Managed\UIElementsUtility.cs:256)
UnityEngine.Experimental.UIElements.UIElementsUtility:ProcessEvent(Int32, IntPtr) (at C:\buildslave\unity\build\Runtime\UIElements\Managed\UIElementsUtility.cs:78)
UnityEngine.GUIUtility:ProcessEvent(Int32, IntPtr) (at C:\buildslave\unity\build\Runtime\IMGUI\Managed\GUIUtility.cs:175)
 
(Filename: /Users/builduser/buildslave/mono/build/mcs/class/corlib/System.Reflection/MonoMethod.cs Line: 222)

 Mapping new ns http://schemas.android.com/sdk/android/repo/repository2/02 to old ns http://schemas.android.com/sdk/android/repo/repository2/01
UnityEngine.DebugLogHandler:Internal_Log(LogType, String, Object)
UnityEngine.DebugLogHandler:LogFormat(LogType, Object, String, Object[])
UnityEngine.Logger:Log(LogType, Object)
UnityEngine.Debug:LogWarning(Object)
UnityEditor.Android.AndroidSDKTools:DetectErrorsAndWarnings(String, String)
UnityEditor.Android.AndroidSDKTools:RunAndroidSdkTool(String, String, Boolean, WaitingForProcessToExit, String)
UnityEditor.Android.AndroidSDKTools:ListTargetPlatforms(WaitingForProcessToExit)
UnityEditor.Android.AndroidSDKTools:GetTopAndroidPlatformAvailable(WaitingForProcessToExit)
UnityEditor.Android.PostProcessor.Tasks.SDKPlatformDetector:GetVersion(AndroidSDKTools)
UnityEditor.Android.PostProcessor.Tasks.SDKComponentDetector:Detect(AndroidSDKTools, Version, ProgressHandler)
UnityEditor.Android.PostProcessor.Tasks.CheckAndroidSDK:EnsureSDKComponentVersion(Version, SDKComponentDetector)
UnityEditor.Android.PostProcessor.Tasks.CheckAndroidSDK:EnsureSDKComponentVersion(Int32, SDKComponentDetector)
UnityEditor.Android.PostProcessor.Tasks.CheckAndroidSDK:Execute(PostProcessorContext)
UnityEditor.Android.PostProcessor.PostProcessRunner:RunAllTasks(PostProcessorContext)
UnityEditor.Android.PostProcessAndroidPlayer:PrepareForBuild(BuildOptions, BuildTarget)
UnityEditor.Android.AndroidBuildPostprocessor:PrepareForBuild(BuildOptions, BuildTarget)
UnityEditor.PostprocessBuildPlayer:PrepareForBuild(BuildOptions, BuildTargetGroup, BuildTarget) (at C:\buildslave\unity\build\Editor\Mono\BuildPipeline\PostprocessBuildPlayer.cs:87)
UnityEditor.BuildPipeline:BuildPlayerInternalNoCheck(String[], String, String, BuildTargetGroup, BuildTarget, BuildOptions, Boolean)
UnityEditor.DefaultBuildMethods:BuildPlayer(BuildPlayerOptions) (at C:\buildslave\unity\build\Editor\Mono\BuildPlayerWindowBuildMethods.cs:164)
UnityEditor.BuildPlayerWindow:CallBuildMethods(Boolean, BuildOptions) (at C:\buildslave\unity\build\Editor\Mono\BuildPlayerWindowBuildMethods.cs:88)
UnityEditor.BuildPlayerWindow:GUIBuildButtons(IBuildWindowExtension, Boolean, Boolean, Boolean, BuildPlatform) (at C:\buildslave\unity\build\Editor\Mono\BuildPlayerWindow.cs:882)
UnityEditor.BuildPlayerWindow:ShowBuildTargetSettings() (at C:\buildslave\unity\build\Editor\Mono\BuildPlayerWindow.cs:812)
UnityEditor.BuildPlayerWindow:OnGUI() (at C:\buildslave\unity\build\Editor\Mono\BuildPlayerWindow.cs:426)
System.Reflection.MonoMethod:InternalInvoke(Object, Object[], Exception&)
System.Reflection.MonoMethod:Invoke(Object, BindingFlags, Binder, Object[], CultureInfo) (at /Users/builduser/buildslave/mono/build/mcs/class/corlib/System.Reflection/MonoMethod.cs:222)
System.Reflection.MethodBase:Invoke(Object, Object[]) (at /Users/builduser/buildslave/mono/build/mcs/class/corlib/System.Reflection/MethodBase.cs:115)
UnityEditor.HostView:Invoke(String, Object) (at C:\buildslave\unity\build\Editor\Mono\HostView.cs:295)
UnityEditor.HostView:Invoke(String) (at C:\buildslave\unity\build\Editor\Mono\HostView.cs:288)
UnityEditor.HostView:OldOnGUI() (at C:\buildslave\unity\build\Editor\Mono\HostView.cs:107)
UnityEngine.Experimental.UIElements.IMGUIContainer:DoOnGUI(Event) (at C:\buildslave\unity\build\Runtime\UIElements\Managed\IMGUIContainer.cs:183)
UnityEngine.Experimental.UIElements.IMGUIContainer:HandleIMGUIEvent(Event) (at C:\buildslave\unity\build\Runtime\UIElements\Managed\IMGUIContainer.cs:339)
UnityEngine.Experimental.UIElements.IMGUIContainer:HandleEvent(EventBase) (at C:\buildslave\unity\build\Runtime\UIElements\Managed\IMGUIContainer.cs:318)
UnityEngine.Experimental.UIElements.EventDispatcher:DispatchEvent(EventBase, IPanel) (at C:\buildslave\unity\build\Runtime\UIElements\Managed\EventDispatcher.cs:250)
UnityEngine.Experimental.UIElements.UIElementsUtility:DoDispatch(BaseVisualElementPanel) (at C:\buildslave\unity\build\Runtime\UIElements\Managed\UIElementsUtility.cs:256)
UnityEngine.Experimental.UIElements.UIElementsUtility:ProcessEvent(Int32, IntPtr) (at C:\buildslave\unity\build\Runtime\UIElements\Managed\UIElementsUtility.cs:78)
UnityEngine.GUIUtility:ProcessEvent(Int32, IntPtr) (at C:\buildslave\unity\build\Runtime\IMGUI\Managed\GUIUtility.cs:175)
 
(Filename: /Users/builduser/buildslave/mono/build/mcs/class/corlib/System.Reflection/MonoMethod.cs Line: 222)

 Mapping new ns http://schemas.android.com/sdk/android/repo/repository2/03 to old ns http://schemas.android.com/sdk/android/repo/repository2/01
UnityEngine.DebugLogHandler:Internal_Log(LogType, String, Object)
UnityEngine.DebugLogHandler:LogFormat(LogType, Object, String, Object[])
UnityEngine.Logger:Log(LogType, Object)
UnityEngine.Debug:LogWarning(Object)
UnityEditor.Android.AndroidSDKTools:DetectErrorsAndWarnings(String, String)
UnityEditor.Android.AndroidSDKTools:RunAndroidSdkTool(String, String, Boolean, WaitingForProcessToExit, String)
UnityEditor.Android.AndroidSDKTools:ListTargetPlatforms(WaitingForProcessToExit)
UnityEditor.Android.AndroidSDKTools:GetTopAndroidPlatformAvailable(WaitingForProcessToExit)
UnityEditor.Android.PostProcessor.Tasks.SDKPlatformDetector:GetVersion(AndroidSDKTools)
UnityEditor.Android.PostProcessor.Tasks.SDKComponentDetector:Detect(AndroidSDKTools, Version, ProgressHandler)
UnityEditor.Android.PostProcessor.Tasks.CheckAndroidSDK:EnsureSDKComponentVersion(Version, SDKComponentDetector)
UnityEditor.Android.PostProcessor.Tasks.CheckAndroidSDK:EnsureSDKComponentVersion(Int32, SDKComponentDetector)
UnityEditor.Android.PostProcessor.Tasks.CheckAndroidSDK:Execute(PostProcessorContext)
UnityEditor.Android.PostProcessor.PostProcessRunner:RunAllTasks(PostProcessorContext)
UnityEditor.Android.PostProcessAndroidPlayer:PrepareForBuild(BuildOptions, BuildTarget)
UnityEditor.Android.AndroidBuildPostprocessor:PrepareForBuild(BuildOptions, BuildTarget)
UnityEditor.PostprocessBuildPlayer:PrepareForBuild(BuildOptions, BuildTargetGroup, BuildTarget) (at C:\buildslave\unity\build\Editor\Mono\BuildPipeline\PostprocessBuildPlayer.cs:87)
UnityEditor.BuildPipeline:BuildPlayerInternalNoCheck(String[], String, String, BuildTargetGroup, BuildTarget, BuildOptions, Boolean)
UnityEditor.DefaultBuildMethods:BuildPlayer(BuildPlayerOptions) (at C:\buildslave\unity\build\Editor\Mono\BuildPlayerWindowBuildMethods.cs:164)
UnityEditor.BuildPlayerWindow:CallBuildMethods(Boolean, BuildOptions) (at C:\buildslave\unity\build\Editor\Mono\BuildPlayerWindowBuildMethods.cs:88)
UnityEditor.BuildPlayerWindow:GUIBuildButtons(IBuildWindowExtension, Boolean, Boolean, Boolean, BuildPlatform) (at C:\buildslave\unity\build\Editor\Mono\BuildPlayerWindow.cs:882)
UnityEditor.BuildPlayerWindow:ShowBuildTargetSettings() (at C:\buildslave\unity\build\Editor\Mono\BuildPlayerWindow.cs:812)
UnityEditor.BuildPlayerWindow:OnGUI() (at C:\buildslave\unity\build\Editor\Mono\BuildPlayerWindow.cs:426)
System.Reflection.MonoMethod:InternalInvoke(Object, Object[], Exception&)
System.Reflection.MonoMethod:Invoke(Object, BindingFlags, Binder, Object[], CultureInfo) (at /Users/builduser/buildslave/mono/build/mcs/class/corlib/System.Reflection/MonoMethod.cs:222)
System.Reflection.MethodBase:Invoke(Object, Object[]) (at /Users/builduser/buildslave/mono/build/mcs/class/corlib/System.Reflection/MethodBase.cs:115)
UnityEditor.HostView:Invoke(String, Object) (at C:\buildslave\unity\build\Editor\Mono\HostView.cs:295)
UnityEditor.HostView:Invoke(String) (at C:\buildslave\unity\build\Editor\Mono\HostView.cs:288)
UnityEditor.HostView:OldOnGUI() (at C:\buildslave\unity\build\Editor\Mono\HostView.cs:107)
UnityEngine.Experimental.UIElements.IMGUIContainer:DoOnGUI(Event) (at C:\buildslave\unity\build\Runtime\UIElements\Managed\IMGUIContainer.cs:183)
UnityEngine.Experimental.UIElements.IMGUIContainer:HandleIMGUIEvent(Event) (at C:\buildslave\unity\build\Runtime\UIElements\Managed\IMGUIContainer.cs:339)
UnityEngine.Experimental.UIElements.IMGUIContainer:HandleEvent(EventBase) (at C:\buildslave\unity\build\Runtime\UIElements\Managed\IMGUIContainer.cs:318)
UnityEngine.Experimental.UIElements.EventDispatcher:DispatchEvent(EventBase, IPanel) (at C:\buildslave\unity\build\Runtime\UIElements\Managed\EventDispatcher.cs:250)
UnityEngine.Experimental.UIElements.UIElementsUtility:DoDispatch(BaseVisualElementPanel) (at C:\buildslave\unity\build\Runtime\UIElements\Managed\UIElementsUtility.cs:256)
UnityEngine.Experimental.UIElements.UIElementsUtility:ProcessEvent(Int32, IntPtr) (at C:\buildslave\unity\build\Runtime\UIElements\Managed\UIElementsUtility.cs:78)
UnityEngine.GUIUtility:ProcessEvent(Int32, IntPtr) (at C:\buildslave\unity\build\Runtime\IMGUI\Managed\GUIUtility.cs:175)
 
(Filename: /Users/builduser/buildslave/mono/build/mcs/class/corlib/System.Reflection/MonoMethod.cs Line: 222)

 Mapping new ns http://schemas.android.com/sdk/android/repo/addon2/02 to old ns http://schemas.android.com/sdk/android/repo/addon2/01
UnityEngine.DebugLogHandler:Internal_Log(LogType, String, Object)
UnityEngine.DebugLogHandler:LogFormat(LogType, Object, String, Object[])
UnityEngine.Logger:Log(LogType, Object)
UnityEngine.Debug:LogWarning(Object)
UnityEditor.Android.AndroidSDKTools:DetectErrorsAndWarnings(String, String)
UnityEditor.Android.AndroidSDKTools:RunAndroidSdkTool(String, String, Boolean, WaitingForProcessToExit, String)
UnityEditor.Android.AndroidSDKTools:ListTargetPlatforms(WaitingForProcessToExit)
UnityEditor.Android.AndroidSDKTools:GetTopAndroidPlatformAvailable(WaitingForProcessToExit)
UnityEditor.Android.PostProcessor.Tasks.SDKPlatformDetector:GetVersion(AndroidSDKTools)
UnityEditor.Android.PostProcessor.Tasks.SDKComponentDetector:Detect(AndroidSDKTools, Version, ProgressHandler)
UnityEditor.Android.PostProcessor.Tasks.CheckAndroidSDK:EnsureSDKComponentVersion(Version, SDKComponentDetector)
UnityEditor.Android.PostProcessor.Tasks.CheckAndroidSDK:EnsureSDKComponentVersion(Int32, SDKComponentDetector)
UnityEditor.Android.PostProcessor.Tasks.CheckAndroidSDK:Execute(PostProcessorContext)
UnityEditor.Android.PostProcessor.PostProcessRunner:RunAllTasks(PostProcessorContext)
UnityEditor.Android.PostProcessAndroidPlayer:PrepareForBuild(BuildOptions, BuildTarget)
UnityEditor.Android.AndroidBuildPostprocessor:PrepareForBuild(BuildOptions, BuildTarget)
UnityEditor.PostprocessBuildPlayer:PrepareForBuild(BuildOptions, BuildTargetGroup, BuildTarget) (at C:\buildslave\unity\build\Editor\Mono\BuildPipeline\PostprocessBuildPlayer.cs:87)
UnityEditor.BuildPipeline:BuildPlayerInternalNoCheck(String[], String, String, BuildTargetGroup, BuildTarget, BuildOptions, Boolean)
UnityEditor.DefaultBuildMethods:BuildPlayer(BuildPlayerOptions) (at C:\buildslave\unity\build\Editor\Mono\BuildPlayerWindowBuildMethods.cs:164)
UnityEditor.BuildPlayerWindow:CallBuildMethods(Boolean, BuildOptions) (at C:\buildslave\unity\build\Editor\Mono\BuildPlayerWindowBuildMethods.cs:88)
UnityEditor.BuildPlayerWindow:GUIBuildButtons(IBuildWindowExtension, Boolean, Boolean, Boolean, BuildPlatform) (at C:\buildslave\unity\build\Editor\Mono\BuildPlayerWindow.cs:882)
UnityEditor.BuildPlayerWindow:ShowBuildTargetSettings() (at C:\buildslave\unity\build\Editor\Mono\BuildPlayerWindow.cs:812)
UnityEditor.BuildPlayerWindow:OnGUI() (at C:\buildslave\unity\build\Editor\Mono\BuildPlayerWindow.cs:426)
System.Reflection.MonoMethod:InternalInvoke(Object, Object[], Exception&)
System.Reflection.MonoMethod:Invoke(Object, BindingFlags, Binder, Object[], CultureInfo) (at /Users/builduser/buildslave/mono/build/mcs/class/corlib/System.Reflection/MonoMethod.cs:222)
System.Reflection.MethodBase:Invoke(Object, Object[]) (at /Users/builduser/buildslave/mono/build/mcs/class/corlib/System.Reflection/MethodBase.cs:115)
UnityEditor.HostView:Invoke(String, Object) (at C:\buildslave\unity\build\Editor\Mono\HostView.cs:295)
UnityEditor.HostView:Invoke(String) (at C:\buildslave\unity\build\Editor\Mono\HostView.cs:288)
UnityEditor.HostView:OldOnGUI() (at C:\buildslave\unity\build\Editor\Mono\HostView.cs:107)
UnityEngine.Experimental.UIElements.IMGUIContainer:DoOnGUI(Event) (at C:\buildslave\unity\build\Runtime\UIElements\Managed\IMGUIContainer.cs:183)
UnityEngine.Experimental.UIElements.IMGUIContainer:HandleIMGUIEvent(Event) (at C:\buildslave\unity\build\Runtime\UIElements\Managed\IMGUIContainer.cs:339)
UnityEngine.Experimental.UIElements.IMGUIContainer:HandleEvent(EventBase) (at C:\buildslave\unity\build\Runtime\UIElements\Managed\IMGUIContainer.cs:318)
UnityEngine.Experimental.UIElements.EventDispatcher:DispatchEvent(EventBase, IPanel) (at C:\buildslave\unity\build\Runtime\UIElements\Managed\EventDispatcher.cs:250)
UnityEngine.Experimental.UIElements.UIElementsUtility:DoDispatch(BaseVisualElementPanel) (at C:\buildslave\unity\build\Runtime\UIElements\Managed\UIElementsUtility.cs:256)
UnityEngine.Experimental.UIElements.UIElementsUtility:ProcessEvent(Int32, IntPtr) (at C:\buildslave\unity\build\Runtime\UIElements\Managed\UIElementsUtility.cs:78)
UnityEngine.GUIUtility:ProcessEvent(Int32, IntPtr) (at C:\buildslave\unity\build\Runtime\IMGUI\Managed\GUIUtility.cs:175)
 
(Filename: /Users/builduser/buildslave/mono/build/mcs/class/corlib/System.Reflection/MonoMethod.cs Line: 222)

 Mapping new ns http://schemas.android.com/sdk/android/repo/addon2/03 to old ns http://schemas.android.com/sdk/android/repo/addon2/01
UnityEngine.DebugLogHandler:Internal_Log(LogType, String, Object)
UnityEngine.DebugLogHandler:LogFormat(LogType, Object, String, Object[])
UnityEngine.Logger:Log(LogType, Object)
UnityEngine.Debug:LogWarning(Object)
UnityEditor.Android.AndroidSDKTools:DetectErrorsAndWarnings(String, String)
UnityEditor.Android.AndroidSDKTools:RunAndroidSdkTool(String, String, Boolean, WaitingForProcessToExit, String)
UnityEditor.Android.AndroidSDKTools:ListTargetPlatforms(WaitingForProcessToExit)
UnityEditor.Android.AndroidSDKTools:GetTopAndroidPlatformAvailable(WaitingForProcessToExit)
UnityEditor.Android.PostProcessor.Tasks.SDKPlatformDetector:GetVersion(AndroidSDKTools)
UnityEditor.Android.PostProcessor.Tasks.SDKComponentDetector:Detect(AndroidSDKTools, Version, ProgressHandler)
UnityEditor.Android.PostProcessor.Tasks.CheckAndroidSDK:EnsureSDKComponentVersion(Version, SDKComponentDetector)
UnityEditor.Android.PostProcessor.Tasks.CheckAndroidSDK:EnsureSDKComponentVersion(Int32, SDKComponentDetector)
UnityEditor.Android.PostProcessor.Tasks.CheckAndroidSDK:Execute(PostProcessorContext)
UnityEditor.Android.PostProcessor.PostProcessRunner:RunAllTasks(PostProcessorContext)
UnityEditor.Android.PostProcessAndroidPlayer:PrepareForBuild(BuildOptions, BuildTarget)
UnityEditor.Android.AndroidBuildPostprocessor:PrepareForBuild(BuildOptions, BuildTarget)
UnityEditor.PostprocessBuildPlayer:PrepareForBuild(BuildOptions, BuildTargetGroup, BuildTarget) (at C:\buildslave\unity\build\Editor\Mono\BuildPipeline\PostprocessBuildPlayer.cs:87)
UnityEditor.BuildPipeline:BuildPlayerInternalNoCheck(String[], String, String, BuildTargetGroup, BuildTarget, BuildOptions, Boolean)
UnityEditor.DefaultBuildMethods:BuildPlayer(BuildPlayerOptions) (at C:\buildslave\unity\build\Editor\Mono\BuildPlayerWindowBuildMethods.cs:164)
UnityEditor.BuildPlayerWindow:CallBuildMethods(Boolean, BuildOptions) (at C:\buildslave\unity\build\Editor\Mono\BuildPlayerWindowBuildMethods.cs:88)
UnityEditor.BuildPlayerWindow:GUIBuildButtons(IBuildWindowExtension, Boolean, Boolean, Boolean, BuildPlatform) (at C:\buildslave\unity\build\Editor\Mono\BuildPlayerWindow.cs:882)
UnityEditor.BuildPlayerWindow:ShowBuildTargetSettings() (at C:\buildslave\unity\build\Editor\Mono\BuildPlayerWindow.cs:812)
UnityEditor.BuildPlayerWindow:OnGUI() (at C:\buildslave\unity\build\Editor\Mono\BuildPlayerWindow.cs:426)
System.Reflection.MonoMethod:InternalInvoke(Object, Object[], Exception&)
System.Reflection.MonoMethod:Invoke(Object, BindingFlags, Binder, Object[], CultureInfo) (at /Users/builduser/buildslave/mono/build/mcs/class/corlib/System.Reflection/MonoMethod.cs:222)
System.Reflection.MethodBase:Invoke(Object, Object[]) (at /Users/builduser/buildslave/mono/build/mcs/class/corlib/System.Reflection/MethodBase.cs:115)
UnityEditor.HostView:Invoke(String, Object) (at C:\buildslave\unity\build\Editor\Mono\HostView.cs:295)
UnityEditor.HostView:Invoke(String) (at C:\buildslave\unity\build\Editor\Mono\HostView.cs:288)
UnityEditor.HostView:OldOnGUI() (at C:\buildslave\unity\build\Editor\Mono\HostView.cs:107)
UnityEngine.Experimental.UIElements.IMGUIContainer:DoOnGUI(Event) (at C:\buildslave\unity\build\Runtime\UIElements\Managed\IMGUIContainer.cs:183)
UnityEngine.Experimental.UIElements.IMGUIContainer:HandleIMGUIEvent(Event) (at C:\buildslave\unity\build\Runtime\UIElements\Managed\IMGUIContainer.cs:339)
UnityEngine.Experimental.UIElements.IMGUIContainer:HandleEvent(EventBase) (at C:\buildslave\unity\build\Runtime\UIElements\Managed\IMGUIContainer.cs:318)
UnityEngine.Experimental.UIElements.EventDispatcher:DispatchEvent(EventBase, IPanel) (at C:\buildslave\unity\build\Runtime\UIElements\Managed\EventDispatcher.cs:250)
UnityEngine.Experimental.UIElements.UIElementsUtility:DoDispatch(BaseVisualElementPanel) (at C:\buildslave\unity\build\Runtime\UIElements\Managed\UIElementsUtility.cs:256)
UnityEngine.Experimental.UIElements.UIElementsUtility:ProcessEvent(Int32, IntPtr) (at C:\buildslave\unity\build\Runtime\UIElements\Managed\UIElementsUtility.cs:78)
UnityEngine.GUIUtility:ProcessEvent(Int32, IntPtr) (at C:\buildslave\unity\build\Runtime\IMGUI\Managed\GUIUtility.cs:175)
 
(Filename: /Users/builduser/buildslave/mono/build/mcs/class/corlib/System.Reflection/MonoMethod.cs Line: 222)

 Mapping new ns http://schemas.android.com/sdk/android/repo/sys-img2/04 to old ns http://schemas.android.com/sdk/android/repo/sys-img2/01
UnityEngine.DebugLogHandler:Internal_Log(LogType, String, Object)
UnityEngine.DebugLogHandler:LogFormat(LogType, Object, String, Object[])
UnityEngine.Logger:Log(LogType, Object)
UnityEngine.Debug:LogWarning(Object)
UnityEditor.Android.AndroidSDKTools:DetectErrorsAndWarnings(String, String)
UnityEditor.Android.AndroidSDKTools:RunAndroidSdkTool(String, String, Boolean, WaitingForProcessToExit, String)
UnityEditor.Android.AndroidSDKTools:ListTargetPlatforms(WaitingForProcessToExit)
UnityEditor.Android.AndroidSDKTools:GetTopAndroidPlatformAvailable(WaitingForProcessToExit)
UnityEditor.Android.PostProcessor.Tasks.SDKPlatformDetector:GetVersion(AndroidSDKTools)
UnityEditor.Android.PostProcessor.Tasks.SDKComponentDetector:Detect(AndroidSDKTools, Version, ProgressHandler)
UnityEditor.Android.PostProcessor.Tasks.CheckAndroidSDK:EnsureSDKComponentVersion(Version, SDKComponentDetector)
UnityEditor.Android.PostProcessor.Tasks.CheckAndroidSDK:EnsureSDKComponentVersion(Int32, SDKComponentDetector)
UnityEditor.Android.PostProcessor.Tasks.CheckAndroidSDK:Execute(PostProcessorContext)
UnityEditor.Android.PostProcessor.PostProcessRunner:RunAllTasks(PostProcessorContext)
UnityEditor.Android.PostProcessAndroidPlayer:PrepareForBuild(BuildOptions, BuildTarget)
UnityEditor.Android.AndroidBuildPostprocessor:PrepareForBuild(BuildOptions, BuildTarget)
UnityEditor.PostprocessBuildPlayer:PrepareForBuild(BuildOptions, BuildTargetGroup, BuildTarget) (at C:\buildslave\unity\build\Editor\Mono\BuildPipeline\PostprocessBuildPlayer.cs:87)
UnityEditor.BuildPipeline:BuildPlayerInternalNoCheck(String[], String, String, BuildTargetGroup, BuildTarget, BuildOptions, Boolean)
UnityEditor.DefaultBuildMethods:BuildPlayer(BuildPlayerOptions) (at C:\buildslave\unity\build\Editor\Mono\BuildPlayerWindowBuildMethods.cs:164)
UnityEditor.BuildPlayerWindow:CallBuildMethods(Boolean, BuildOptions) (at C:\buildslave\unity\build\Editor\Mono\BuildPlayerWindowBuildMethods.cs:88)
UnityEditor.BuildPlayerWindow:GUIBuildButtons(IBuildWindowExtension, Boolean, Boolean, Boolean, BuildPlatform) (at C:\buildslave\unity\build\Editor\Mono\BuildPlayerWindow.cs:882)
UnityEditor.BuildPlayerWindow:ShowBuildTargetSettings() (at C:\buildslave\unity\build\Editor\Mono\BuildPlayerWindow.cs:812)
UnityEditor.BuildPlayerWindow:OnGUI() (at C:\buildslave\unity\build\Editor\Mono\BuildPlayerWindow.cs:426)
System.Reflection.MonoMethod:InternalInvoke(Object, Object[], Exception&)
System.Reflection.MonoMethod:Invoke(Object, BindingFlags, Binder, Object[], CultureInfo) (at /Users/builduser/buildslave/mono/build/mcs/class/corlib/System.Reflection/MonoMethod.cs:222)
System.Reflection.MethodBase:Invoke(Object, Object[]) (at /Users/builduser/buildslave/mono/build/mcs/class/corlib/System.Reflection/MethodBase.cs:115)
UnityEditor.HostView:Invoke(String, Object) (at C:\buildslave\unity\build\Editor\Mono\HostView.cs:295)
UnityEditor.HostView:Invoke(String) (at C:\buildslave\unity\build\Editor\Mono\HostView.cs:288)
UnityEditor.HostView:OldOnGUI() (at C:\buildslave\unity\build\Editor\Mono\HostView.cs:107)
UnityEngine.Experimental.UIElements.IMGUIContainer:DoOnGUI(Event) (at C:\buildslave\unity\build\Runtime\UIElements\Managed\IMGUIContainer.cs:183)
UnityEngine.Experimental.UIElements.IMGUIContainer:HandleIMGUIEvent(Event) (at C:\buildslave\unity\build\Runtime\UIElements\Managed\IMGUIContainer.cs:339)
UnityEngine.Experimental.UIElements.IMGUIContainer:HandleEvent(EventBase) (at C:\buildslave\unity\build\Runtime\UIElements\Managed\IMGUIContainer.cs:318)
UnityEngine.Experimental.UIElements.EventDispatcher:DispatchEvent(EventBase, IPanel) (at C:\buildslave\unity\build\Runtime\UIElements\Managed\EventDispatcher.cs:250)
UnityEngine.Experimental.UIElements.UIElementsUtility:DoDispatch(BaseVisualElementPanel) (at C:\buildslave\unity\build\Runtime\UIElements\Managed\UIElementsUtility.cs:256)
UnityEngine.Experimental.UIElements.UIElementsUtility:ProcessEvent(Int32, IntPtr) (at C:\buildslave\unity\build\Runtime\UIElements\Managed\UIElementsUtility.cs:78)
UnityEngine.GUIUtility:ProcessEvent(Int32, IntPtr) (at C:\buildslave\unity\build\Runtime\IMGUI\Managed\GUIUtility.cs:175)
 
(Filename: /Users/builduser/buildslave/mono/build/mcs/class/corlib/System.Reflection/MonoMethod.cs Line: 222)

 Mapping new ns http://schemas.android.com/sdk/android/repo/sys-img2/03 to old ns http://schemas.android.com/sdk/android/repo/sys-img2/01
UnityEngine.DebugLogHandler:Internal_Log(LogType, String, Object)
UnityEngine.DebugLogHandler:LogFormat(LogType, Object, String, Object[])
UnityEngine.Logger:Log(LogType, Object)
UnityEngine.Debug:LogWarning(Object)
UnityEditor.Android.AndroidSDKTools:DetectErrorsAndWarnings(String, String)
UnityEditor.Android.AndroidSDKTools:RunAndroidSdkTool(String, String, Boolean, WaitingForProcessToExit, String)
UnityEditor.Android.AndroidSDKTools:ListTargetPlatforms(WaitingForProcessToExit)
UnityEditor.Android.AndroidSDKTools:GetTopAndroidPlatformAvailable(WaitingForProcessToExit)
UnityEditor.Android.PostProcessor.Tasks.SDKPlatformDetector:GetVersion(AndroidSDKTools)
UnityEditor.Android.PostProcessor.Tasks.SDKComponentDetector:Detect(AndroidSDKTools, Version, ProgressHandler)
UnityEditor.Android.PostProcessor.Tasks.CheckAndroidSDK:EnsureSDKComponentVersion(Version, SDKComponentDetector)
UnityEditor.Android.PostProcessor.Tasks.CheckAndroidSDK:EnsureSDKComponentVersion(Int32, SDKComponentDetector)
UnityEditor.Android.PostProcessor.Tasks.CheckAndroidSDK:Execute(PostProcessorContext)
UnityEditor.Android.PostProcessor.PostProcessRunner:RunAllTasks(PostProcessorContext)
UnityEditor.Android.PostProcessAndroidPlayer:PrepareForBuild(BuildOptions, BuildTarget)
UnityEditor.Android.AndroidBuildPostprocessor:PrepareForBuild(BuildOptions, BuildTarget)
UnityEditor.PostprocessBuildPlayer:PrepareForBuild(BuildOptions, BuildTargetGroup, BuildTarget) (at C:\buildslave\unity\build\Editor\Mono\BuildPipeline\PostprocessBuildPlayer.cs:87)
UnityEditor.BuildPipeline:BuildPlayerInternalNoCheck(String[], String, String, BuildTargetGroup, BuildTarget, BuildOptions, Boolean)
UnityEditor.DefaultBuildMethods:BuildPlayer(BuildPlayerOptions) (at C:\buildslave\unity\build\Editor\Mono\BuildPlayerWindowBuildMethods.cs:164)
UnityEditor.BuildPlayerWindow:CallBuildMethods(Boolean, BuildOptions) (at C:\buildslave\unity\build\Editor\Mono\BuildPlayerWindowBuildMethods.cs:88)
UnityEditor.BuildPlayerWindow:GUIBuildButtons(IBuildWindowExtension, Boolean, Boolean, Boolean, BuildPlatform) (at C:\buildslave\unity\build\Editor\Mono\BuildPlayerWindow.cs:882)
UnityEditor.BuildPlayerWindow:ShowBuildTargetSettings() (at C:\buildslave\unity\build\Editor\Mono\BuildPlayerWindow.cs:812)
UnityEditor.BuildPlayerWindow:OnGUI() (at C:\buildslave\unity\build\Editor\Mono\BuildPlayerWindow.cs:426)
System.Reflection.MonoMethod:InternalInvoke(Object, Object[], Exception&)
System.Reflection.MonoMethod:Invoke(Object, BindingFlags, Binder, Object[], CultureInfo) (at /Users/builduser/buildslave/mono/build/mcs/class/corlib/System.Reflection/MonoMethod.cs:222)
System.Reflection.MethodBase:Invoke(Object, Object[]) (at /Users/builduser/buildslave/mono/build/mcs/class/corlib/System.Reflection/MethodBase.cs:115)
UnityEditor.HostView:Invoke(String, Object) (at C:\buildslave\unity\build\Editor\Mono\HostView.cs:295)
UnityEditor.HostView:Invoke(String) (at C:\buildslave\unity\build\Editor\Mono\HostView.cs:288)
UnityEditor.HostView:OldOnGUI() (at C:\buildslave\unity\build\Editor\Mono\HostView.cs:107)
UnityEngine.Experimental.UIElements.IMGUIContainer:DoOnGUI(Event) (at C:\buildslave\unity\build\Runtime\UIElements\Managed\IMGUIContainer.cs:183)
UnityEngine.Experimental.UIElements.IMGUIContainer:HandleIMGUIEvent(Event) (at C:\buildslave\unity\build\Runtime\UIElements\Managed\IMGUIContainer.cs:339)
UnityEngine.Experimental.UIElements.IMGUIContainer:HandleEvent(EventBase) (at C:\buildslave\unity\build\Runtime\UIElements\Managed\IMGUIContainer.cs:318)
UnityEngine.Experimental.UIElements.EventDispatcher:DispatchEvent(EventBase, IPanel) (at C:\buildslave\unity\build\Runtime\UIElements\Managed\EventDispatcher.cs:250)
UnityEngine.Experimental.UIElements.UIElementsUtility:DoDispatch(BaseVisualElementPanel) (at C:\buildslave\unity\build\Runtime\UIElements\Managed\UIElementsUtility.cs:256)
UnityEngine.Experimental.UIElements.UIElementsUtility:ProcessEvent(Int32, IntPtr) (at C:\buildslave\unity\build\Runtime\UIElements\Managed\UIElementsUtility.cs:78)
UnityEngine.GUIUtility:ProcessEvent(Int32, IntPtr) (at C:\buildslave\unity\build\Runtime\IMGUI\Managed\GUIUtility.cs:175)
 
(Filename: /Users/builduser/buildslave/mono/build/mcs/class/corlib/System.Reflection/MonoMethod.cs Line: 222)

 Mapping new ns http://schemas.android.com/sdk/android/repo/sys-img2/02 to old ns http://schemas.android.com/sdk/android/repo/sys-img2/01
UnityEngine.DebugLogHandler:Internal_Log(LogType, String, Object)
UnityEngine.DebugLogHandler:LogFormat(LogType, Object, String, Object[])
UnityEngine.Logger:Log(LogType, Object)
UnityEngine.Debug:LogWarning(Object)
UnityEditor.Android.AndroidSDKTools:DetectErrorsAndWarnings(String, String)
UnityEditor.Android.AndroidSDKTools:RunAndroidSdkTool(String, String, Boolean, WaitingForProcessToExit, String)
UnityEditor.Android.AndroidSDKTools:ListTargetPlatforms(WaitingForProcessToExit)
UnityEditor.Android.AndroidSDKTools:GetTopAndroidPlatformAvailable(WaitingForProcessToExit)
UnityEditor.Android.PostProcessor.Tasks.SDKPlatformDetector:GetVersion(AndroidSDKTools)
UnityEditor.Android.PostProcessor.Tasks.SDKComponentDetector:Detect(AndroidSDKTools, Version, ProgressHandler)
UnityEditor.Android.PostProcessor.Tasks.CheckAndroidSDK:EnsureSDKComponentVersion(Version, SDKComponentDetector)
UnityEditor.Android.PostProcessor.Tasks.CheckAndroidSDK:EnsureSDKComponentVersion(Int32, SDKComponentDetector)
UnityEditor.Android.PostProcessor.Tasks.CheckAndroidSDK:Execute(PostProcessorContext)
UnityEditor.Android.PostProcessor.PostProcessRunner:RunAllTasks(PostProcessorContext)
UnityEditor.Android.PostProcessAndroidPlayer:PrepareForBuild(BuildOptions, BuildTarget)
UnityEditor.Android.AndroidBuildPostprocessor:PrepareForBuild(BuildOptions, BuildTarget)
UnityEditor.PostprocessBuildPlayer:PrepareForBuild(BuildOptions, BuildTargetGroup, BuildTarget) (at C:\buildslave\unity\build\Editor\Mono\BuildPipeline\PostprocessBuildPlayer.cs:87)
UnityEditor.BuildPipeline:BuildPlayerInternalNoCheck(String[], String, String, BuildTargetGroup, BuildTarget, BuildOptions, Boolean)
UnityEditor.DefaultBuildMethods:BuildPlayer(BuildPlayerOptions) (at C:\buildslave\unity\build\Editor\Mono\BuildPlayerWindowBuildMethods.cs:164)
UnityEditor.BuildPlayerWindow:CallBuildMethods(Boolean, BuildOptions) (at C:\buildslave\unity\build\Editor\Mono\BuildPlayerWindowBuildMethods.cs:88)
UnityEditor.BuildPlayerWindow:GUIBuildButtons(IBuildWindowExtension, Boolean, Boolean, Boolean, BuildPlatform) (at C:\buildslave\unity\build\Editor\Mono\BuildPlayerWindow.cs:882)
UnityEditor.BuildPlayerWindow:ShowBuildTargetSettings() (at C:\buildslave\unity\build\Editor\Mono\BuildPlayerWindow.cs:812)
UnityEditor.BuildPlayerWindow:OnGUI() (at C:\buildslave\unity\build\Editor\Mono\BuildPlayerWindow.cs:426)
System.Reflection.MonoMethod:InternalInvoke(Object, Object[], Exception&)
System.Reflection.MonoMethod:Invoke(Object, BindingFlags, Binder, Object[], CultureInfo) (at /Users/builduser/buildslave/mono/build/mcs/class/corlib/System.Reflection/MonoMethod.cs:222)
System.Reflection.MethodBase:Invoke(Object, Object[]) (at /Users/builduser/buildslave/mono/build/mcs/class/corlib/System.Reflection/MethodBase.cs:115)
UnityEditor.HostView:Invoke(String, Object) (at C:\buildslave\unity\build\Editor\Mono\HostView.cs:295)
UnityEditor.HostView:Invoke(String) (at C:\buildslave\unity\build\Editor\Mono\HostView.cs:288)
UnityEditor.HostView:OldOnGUI() (at C:\buildslave\unity\build\Editor\Mono\HostView.cs:107)
UnityEngine.Experimental.UIElements.IMGUIContainer:DoOnGUI(Event) (at C:\buildslave\unity\build\Runtime\UIElements\Managed\IMGUIContainer.cs:183)
UnityEngine.Experimental.UIElements.IMGUIContainer:HandleIMGUIEvent(Event) (at C:\buildslave\unity\build\Runtime\UIElements\Managed\IMGUIContainer.cs:339)
UnityEngine.Experimental.UIElements.IMGUIContainer:HandleEvent(EventBase) (at C:\buildslave\unity\build\Runtime\UIElements\Managed\IMGUIContainer.cs:318)
UnityEngine.Experimental.UIElements.EventDispatcher:DispatchEvent(EventBase, IPanel) (at C:\buildslave\unity\build\Runtime\UIElements\Managed\EventDispatcher.cs:250)
UnityEngine.Experimental.UIElements.UIElementsUtility:DoDispatch(BaseVisualElementPanel) (at C:\buildslave\unity\build\Runtime\UIElements\Managed\UIElementsUtility.cs:256)
UnityEngine.Experimental.UIElements.UIElementsUtility:ProcessEvent(Int32, IntPtr) (at C:\buildslave\unity\build\Runtime\UIElements\Managed\UIElementsUtility.cs:78)
UnityEngine.GUIUtility:ProcessEvent(Int32, IntPtr) (at C:\buildslave\unity\build\Runtime\IMGUI\Managed\GUIUtility.cs:175)
 
(Filename: /Users/builduser/buildslave/mono/build/mcs/class/corlib/System.Reflection/MonoMethod.cs Line: 222)

 Mapping new ns http://schemas.android.com/repository/android/common/02 to old ns http://schemas.android.com/repository/android/common/01
UnityEngine.DebugLogHandler:Internal_Log(LogType, String, Object)
UnityEngine.DebugLogHandler:LogFormat(LogType, Object, String, Object[])
UnityEngine.Logger:Log(LogType, Object)
UnityEngine.Debug:LogWarning(Object)
UnityEditor.Android.AndroidSDKTools:DetectErrorsAndWarnings(String, String)
UnityEditor.Android.AndroidSDKTools:RunAndroidSdkTool(String, String, Boolean, WaitingForProcessToExit, String)
UnityEditor.Android.AndroidSDKTools:ListTargetPlatforms(WaitingForProcessToExit)
UnityEditor.Android.AndroidSDKTools:GetTopAndroidPlatformAvailable(WaitingForProcessToExit)
UnityEditor.Android.PostProcessor.Tasks.SDKPlatformDetector:GetVersion(AndroidSDKTools)
UnityEditor.Android.PostProcessor.Tasks.SDKComponentDetector:Detect(AndroidSDKTools, Version, ProgressHandler)
UnityEditor.Android.PostProcessor.Tasks.CheckAndroidSDK:EnsureSDKComponentVersion(Version, SDKComponentDetector)
UnityEditor.Android.PostProcessor.Tasks.CheckAndroidSDK:EnsureSDKComponentVersion(Int32, SDKComponentDetector)
UnityEditor.Android.PostProcessor.Tasks.CheckAndroidSDK:Execute(PostProcessorContext)
UnityEditor.Android.PostProcessor.PostProcessRunner:RunAllTasks(PostProcessorContext)
UnityEditor.Android.PostProcessAndroidPlayer:PrepareForBuild(BuildOptions, BuildTarget)
UnityEditor.Android.AndroidBuildPostprocessor:PrepareForBuild(BuildOptions, BuildTarget)
UnityEditor.PostprocessBuildPlayer:PrepareForBuild(BuildOptions, BuildTargetGroup, BuildTarget) (at C:\buildslave\unity\build\Editor\Mono\BuildPipeline\PostprocessBuildPlayer.cs:87)
UnityEditor.BuildPipeline:BuildPlayerInternalNoCheck(String[], String, String, BuildTargetGroup, BuildTarget, BuildOptions, Boolean)
UnityEditor.DefaultBuildMethods:BuildPlayer(BuildPlayerOptions) (at C:\buildslave\unity\build\Editor\Mono\BuildPlayerWindowBuildMethods.cs:164)
UnityEditor.BuildPlayerWindow:CallBuildMethods(Boolean, BuildOptions) (at C:\buildslave\unity\build\Editor\Mono\BuildPlayerWindowBuildMethods.cs:88)
UnityEditor.BuildPlayerWindow:GUIBuildButtons(IBuildWindowExtension, Boolean, Boolean, Boolean, BuildPlatform) (at C:\buildslave\unity\build\Editor\Mono\BuildPlayerWindow.cs:882)
UnityEditor.BuildPlayerWindow:ShowBuildTargetSettings() (at C:\buildslave\unity\build\Editor\Mono\BuildPlayerWindow.cs:812)
UnityEditor.BuildPlayerWindow:OnGUI() (at C:\buildslave\unity\build\Editor\Mono\BuildPlayerWindow.cs:426)
System.Reflection.MonoMethod:InternalInvoke(Object, Object[], Exception&)
System.Reflection.MonoMethod:Invoke(Object, BindingFlags, Binder, Object[], CultureInfo) (at /Users/builduser/buildslave/mono/build/mcs/class/corlib/System.Reflection/MonoMethod.cs:222)
System.Reflection.MethodBase:Invoke(Object, Object[]) (at /Users/builduser/buildslave/mono/build/mcs/class/corlib/System.Reflection/MethodBase.cs:115)
UnityEditor.HostView:Invoke(String, Object) (at C:\buildslave\unity\build\Editor\Mono\HostView.cs:295)
UnityEditor.HostView:Invoke(String) (at C:\buildslave\unity\build\Editor\Mono\HostView.cs:288)
UnityEditor.HostView:OldOnGUI() (at C:\buildslave\unity\build\Editor\Mono\HostView.cs:107)
UnityEngine.Experimental.UIElements.IMGUIContainer:DoOnGUI(Event) (at C:\buildslave\unity\build\Runtime\UIElements\Managed\IMGUIContainer.cs:183)
UnityEngine.Experimental.UIElements.IMGUIContainer:HandleIMGUIEvent(Event) (at C:\buildslave\unity\build\Runtime\UIElements\Managed\IMGUIContainer.cs:339)
UnityEngine.Experimental.UIElements.IMGUIContainer:HandleEvent(EventBase) (at C:\buildslave\unity\build\Runtime\UIElements\Managed\IMGUIContainer.cs:318)
UnityEngine.Experimental.UIElements.EventDispatcher:DispatchEvent(EventBase, IPanel) (at C:\buildslave\unity\build\Runtime\UIElements\Managed\EventDispatcher.cs:250)
UnityEngine.Experimental.UIElements.UIElementsUtility:DoDispatch(BaseVisualElementPanel) (at C:\buildslave\unity\build\Runtime\UIElements\Managed\UIElementsUtility.cs:256)
UnityEngine.Experimental.UIElements.UIElementsUtility:ProcessEvent(Int32, IntPtr) (at C:\buildslave\unity\build\Runtime\UIElements\Managed\UIElementsUtility.cs:78)
UnityEngine.GUIUtility:ProcessEvent(Int32, IntPtr) (at C:\buildslave\unity\build\Runtime\IMGUI\Managed\GUIUtility.cs:175)
 
(Filename: /Users/builduser/buildslave/mono/build/mcs/class/corlib/System.Reflection/MonoMethod.cs Line: 222)

 Mapping new ns http://schemas.android.com/repository/android/generic/02 to old ns http://schemas.android.com/repository/android/generic/01
UnityEngine.DebugLogHandler:Internal_Log(LogType, String, Object)
UnityEngine.DebugLogHandler:LogFormat(LogType, Object, String, Object[])
UnityEngine.Logger:Log(LogType, Object)
UnityEngine.Debug:LogWarning(Object)
UnityEditor.Android.AndroidSDKTools:DetectErrorsAndWarnings(String, String)
UnityEditor.Android.AndroidSDKTools:RunAndroidSdkTool(String, String, Boolean, WaitingForProcessToExit, String)
UnityEditor.Android.AndroidSDKTools:ListTargetPlatforms(WaitingForProcessToExit)
UnityEditor.Android.AndroidSDKTools:GetTopAndroidPlatformAvailable(WaitingForProcessToExit)
UnityEditor.Android.PostProcessor.Tasks.SDKPlatformDetector:GetVersion(AndroidSDKTools)
UnityEditor.Android.PostProcessor.Tasks.SDKComponentDetector:Detect(AndroidSDKTools, Version, ProgressHandler)
UnityEditor.Android.PostProcessor.Tasks.CheckAndroidSDK:EnsureSDKComponentVersion(Version, SDKComponentDetector)
UnityEditor.Android.PostProcessor.Tasks.CheckAndroidSDK:EnsureSDKComponentVersion(Int32, SDKComponentDetector)
UnityEditor.Android.PostProcessor.Tasks.CheckAndroidSDK:Execute(PostProcessorContext)
UnityEditor.Android.PostProcessor.PostProcessRunner:RunAllTasks(PostProcessorContext)
UnityEditor.Android.PostProcessAndroidPlayer:PrepareForBuild(BuildOptions, BuildTarget)
UnityEditor.Android.AndroidBuildPostprocessor:PrepareForBuild(BuildOptions, BuildTarget)
UnityEditor.PostprocessBuildPlayer:PrepareForBuild(BuildOptions, BuildTargetGroup, BuildTarget) (at C:\buildslave\unity\build\Editor\Mono\BuildPipeline\PostprocessBuildPlayer.cs:87)
UnityEditor.BuildPipeline:BuildPlayerInternalNoCheck(String[], String, String, BuildTargetGroup, BuildTarget, BuildOptions, Boolean)
UnityEditor.DefaultBuildMethods:BuildPlayer(BuildPlayerOptions) (at C:\buildslave\unity\build\Editor\Mono\BuildPlayerWindowBuildMethods.cs:164)
UnityEditor.BuildPlayerWindow:CallBuildMethods(Boolean, BuildOptions) (at C:\buildslave\unity\build\Editor\Mono\BuildPlayerWindowBuildMethods.cs:88)
UnityEditor.BuildPlayerWindow:GUIBuildButtons(IBuildWindowExtension, Boolean, Boolean, Boolean, BuildPlatform) (at C:\buildslave\unity\build\Editor\Mono\BuildPlayerWindow.cs:882)
UnityEditor.BuildPlayerWindow:ShowBuildTargetSettings() (at C:\buildslave\unity\build\Editor\Mono\BuildPlayerWindow.cs:812)
UnityEditor.BuildPlayerWindow:OnGUI() (at C:\buildslave\unity\build\Editor\Mono\BuildPlayerWindow.cs:426)
System.Reflection.MonoMethod:InternalInvoke(Object, Object[], Exception&)
System.Reflection.MonoMethod:Invoke(Object, BindingFlags, Binder, Object[], CultureInfo) (at /Users/builduser/buildslave/mono/build/mcs/class/corlib/System.Reflection/MonoMethod.cs:222)
System.Reflection.MethodBase:Invoke(Object, Object[]) (at /Users/builduser/buildslave/mono/build/mcs/class/corlib/System.Reflection/MethodBase.cs:115)
UnityEditor.HostView:Invoke(String, Object) (at C:\buildslave\unity\build\Editor\Mono\HostView.cs:295)
UnityEditor.HostView:Invoke(String) (at C:\buildslave\unity\build\Editor\Mono\HostView.cs:288)
UnityEditor.HostView:OldOnGUI() (at C:\buildslave\unity\build\Editor\Mono\HostView.cs:107)
UnityEngine.Experimental.UIElements.IMGUIContainer:DoOnGUI(Event) (at C:\buildslave\unity\build\Runtime\UIElements\Managed\IMGUIContainer.cs:183)
UnityEngine.Experimental.UIElements.IMGUIContainer:HandleIMGUIEvent(Event) (at C:\buildslave\unity\build\Runtime\UIElements\Managed\IMGUIContainer.cs:339)
UnityEngine.Experimental.UIElements.IMGUIContainer:HandleEvent(EventBase) (at C:\buildslave\unity\build\Runtime\UIElements\Managed\IMGUIContainer.cs:318)
UnityEngine.Experimental.UIElements.EventDispatcher:DispatchEvent(EventBase, IPanel) (at C:\buildslave\unity\build\Runtime\UIElements\Managed\EventDispatcher.cs:250)
UnityEngine.Experimental.UIElements.UIElementsUtility:DoDispatch(BaseVisualElementPanel) (at C:\buildslave\unity\build\Runtime\UIElements\Managed\UIElementsUtility.cs:256)
UnityEngine.Experimental.UIElements.UIElementsUtility:ProcessEvent(Int32, IntPtr) (at C:\buildslave\unity\build\Runtime\UIElements\Managed\UIElementsUtility.cs:78)
UnityEngine.GUIUtility:ProcessEvent(Int32, IntPtr) (at C:\buildslave\unity\build\Runtime\IMGUI\Managed\GUIUtility.cs:175)
 
(Filename: /Users/builduser/buildslave/mono/build/mcs/class/corlib/System.Reflection/MonoMethod.cs Line: 222)

 Mapping new ns http://schemas.android.com/sdk/android/repo/addon2/02 to old ns http://schemas.android.com/sdk/android/repo/addon2/01
UnityEngine.DebugLogHandler:Internal_Log(LogType, String, Object)
UnityEngine.DebugLogHandler:LogFormat(LogType, Object, String, Object[])
UnityEngine.Logger:Log(LogType, Object)
UnityEngine.Debug:LogWarning(Object)
UnityEditor.Android.AndroidSDKTools:DetectErrorsAndWarnings(String, String)
UnityEditor.Android.AndroidSDKTools:RunAndroidSdkTool(String, String, Boolean, WaitingForProcessToExit, String)
UnityEditor.Android.AndroidSDKTools:ListTargetPlatforms(WaitingForProcessToExit)
UnityEditor.Android.AndroidSDKTools:GetTopAndroidPlatformAvailable(WaitingForProcessToExit)
UnityEditor.Android.PostProcessor.Tasks.SDKPlatformDetector:GetVersion(AndroidSDKTools)
UnityEditor.Android.PostProcessor.Tasks.SDKComponentDetector:Detect(AndroidSDKTools, Version, ProgressHandler)
UnityEditor.Android.PostProcessor.Tasks.CheckAndroidSDK:EnsureSDKComponentVersion(Version, SDKComponentDetector)
UnityEditor.Android.PostProcessor.Tasks.CheckAndroidSDK:EnsureSDKComponentVersion(Int32, SDKComponentDetector)
UnityEditor.Android.PostProcessor.Tasks.CheckAndroidSDK:Execute(PostProcessorContext)
UnityEditor.Android.PostProcessor.PostProcessRunner:RunAllTasks(PostProcessorContext)
UnityEditor.Android.PostProcessAndroidPlayer:PrepareForBuild(BuildOptions, BuildTarget)
UnityEditor.Android.AndroidBuildPostprocessor:PrepareForBuild(BuildOptions, BuildTarget)
UnityEditor.PostprocessBuildPlayer:PrepareForBuild(BuildOptions, BuildTargetGroup, BuildTarget) (at C:\buildslave\unity\build\Editor\Mono\BuildPipeline\PostprocessBuildPlayer.cs:87)
UnityEditor.BuildPipeline:BuildPlayerInternalNoCheck(String[], String, String, BuildTargetGroup, BuildTarget, BuildOptions, Boolean)
UnityEditor.DefaultBuildMethods:BuildPlayer(BuildPlayerOptions) (at C:\buildslave\unity\build\Editor\Mono\BuildPlayerWindowBuildMethods.cs:164)
UnityEditor.BuildPlayerWindow:CallBuildMethods(Boolean, BuildOptions) (at C:\buildslave\unity\build\Editor\Mono\BuildPlayerWindowBuildMethods.cs:88)
UnityEditor.BuildPlayerWindow:GUIBuildButtons(IBuildWindowExtension, Boolean, Boolean, Boolean, BuildPlatform) (at C:\buildslave\unity\build\Editor\Mono\BuildPlayerWindow.cs:882)
UnityEditor.BuildPlayerWindow:ShowBuildTargetSettings() (at C:\buildslave\unity\build\Editor\Mono\BuildPlayerWindow.cs:812)
UnityEditor.BuildPlayerWindow:OnGUI() (at C:\buildslave\unity\build\Editor\Mono\BuildPlayerWindow.cs:426)
System.Reflection.MonoMethod:InternalInvoke(Object, Object[], Exception&)
System.Reflection.MonoMethod:Invoke(Object, BindingFlags, Binder, Object[], CultureInfo) (at /Users/builduser/buildslave/mono/build/mcs/class/corlib/System.Reflection/MonoMethod.cs:222)
System.Reflection.MethodBase:Invoke(Object, Object[]) (at /Users/builduser/buildslave/mono/build/mcs/class/corlib/System.Reflection/MethodBase.cs:115)
UnityEditor.HostView:Invoke(String, Object) (at C:\buildslave\unity\build\Editor\Mono\HostView.cs:295)
UnityEditor.HostView:Invoke(String) (at C:\buildslave\unity\build\Editor\Mono\HostView.cs:288)
UnityEditor.HostView:OldOnGUI() (at C:\buildslave\unity\build\Editor\Mono\HostView.cs:107)
UnityEngine.Experimental.UIElements.IMGUIContainer:DoOnGUI(Event) (at C:\buildslave\unity\build\Runtime\UIElements\Managed\IMGUIContainer.cs:183)
UnityEngine.Experimental.UIElements.IMGUIContainer:HandleIMGUIEvent(Event) (at C:\buildslave\unity\build\Runtime\UIElements\Managed\IMGUIContainer.cs:339)
UnityEngine.Experimental.UIElements.IMGUIContainer:HandleEvent(EventBase) (at C:\buildslave\unity\build\Runtime\UIElements\Managed\IMGUIContainer.cs:318)
UnityEngine.Experimental.UIElements.EventDispatcher:DispatchEvent(EventBase, IPanel) (at C:\buildslave\unity\build\Runtime\UIElements\Managed\EventDispatcher.cs:250)
UnityEngine.Experimental.UIElements.UIElementsUtility:DoDispatch(BaseVisualElementPanel) (at C:\buildslave\unity\build\Runtime\UIElements\Managed\UIElementsUtility.cs:256)
UnityEngine.Experimental.UIElements.UIElementsUtility:ProcessEvent(Int32, IntPtr) (at C:\buildslave\unity\build\Runtime\UIElements\Managed\UIElementsUtility.cs:78)
UnityEngine.GUIUtility:ProcessEvent(Int32, IntPtr) (at C:\buildslave\unity\build\Runtime\IMGUI\Managed\GUIUtility.cs:175)
 
(Filename: /Users/builduser/buildslave/mono/build/mcs/class/corlib/System.Reflection/MonoMethod.cs Line: 222)

 Mapping new ns http://schemas.android.com/sdk/android/repo/addon2/03 to old ns http://schemas.android.com/sdk/android/repo/addon2/01
UnityEngine.DebugLogHandler:Internal_Log(LogType, String, Object)
UnityEngine.DebugLogHandler:LogFormat(LogType, Object, String, Object[])
UnityEngine.Logger:Log(LogType, Object)
UnityEngine.Debug:LogWarning(Object)
UnityEditor.Android.AndroidSDKTools:DetectErrorsAndWarnings(String, String)
UnityEditor.Android.AndroidSDKTools:RunAndroidSdkTool(String, String, Boolean, WaitingForProcessToExit, String)
UnityEditor.Android.AndroidSDKTools:ListTargetPlatforms(WaitingForProcessToExit)
UnityEditor.Android.AndroidSDKTools:GetTopAndroidPlatformAvailable(WaitingForProcessToExit)
UnityEditor.Android.PostProcessor.Tasks.SDKPlatformDetector:GetVersion(AndroidSDKTools)
UnityEditor.Android.PostProcessor.Tasks.SDKComponentDetector:Detect(AndroidSDKTools, Version, ProgressHandler)
UnityEditor.Android.PostProcessor.Tasks.CheckAndroidSDK:EnsureSDKComponentVersion(Version, SDKComponentDetector)
UnityEditor.Android.PostProcessor.Tasks.CheckAndroidSDK:EnsureSDKComponentVersion(Int32, SDKComponentDetector)
UnityEditor.Android.PostProcessor.Tasks.CheckAndroidSDK:Execute(PostProcessorContext)
UnityEditor.Android.PostProcessor.PostProcessRunner:RunAllTasks(PostProcessorContext)
UnityEditor.Android.PostProcessAndroidPlayer:PrepareForBuild(BuildOptions, BuildTarget)
UnityEditor.Android.AndroidBuildPostprocessor:PrepareForBuild(BuildOptions, BuildTarget)
UnityEditor.PostprocessBuildPlayer:PrepareForBuild(BuildOptions, BuildTargetGroup, BuildTarget) (at C:\buildslave\unity\build\Editor\Mono\BuildPipeline\PostprocessBuildPlayer.cs:87)
UnityEditor.BuildPipeline:BuildPlayerInternalNoCheck(String[], String, String, BuildTargetGroup, BuildTarget, BuildOptions, Boolean)
UnityEditor.DefaultBuildMethods:BuildPlayer(BuildPlayerOptions) (at C:\buildslave\unity\build\Editor\Mono\BuildPlayerWindowBuildMethods.cs:164)
UnityEditor.BuildPlayerWindow:CallBuildMethods(Boolean, BuildOptions) (at C:\buildslave\unity\build\Editor\Mono\BuildPlayerWindowBuildMethods.cs:88)
UnityEditor.BuildPlayerWindow:GUIBuildButtons(IBuildWindowExtension, Boolean, Boolean, Boolean, BuildPlatform) (at C:\buildslave\unity\build\Editor\Mono\BuildPlayerWindow.cs:882)
UnityEditor.BuildPlayerWindow:ShowBuildTargetSettings() (at C:\buildslave\unity\build\Editor\Mono\BuildPlayerWindow.cs:812)
UnityEditor.BuildPlayerWindow:OnGUI() (at C:\buildslave\unity\build\Editor\Mono\BuildPlayerWindow.cs:426)
System.Reflection.MonoMethod:InternalInvoke(Object, Object[], Exception&)
System.Reflection.MonoMethod:Invoke(Object, BindingFlags, Binder, Object[], CultureInfo) (at /Users/builduser/buildslave/mono/build/mcs/class/corlib/System.Reflection/MonoMethod.cs:222)
System.Reflection.MethodBase:Invoke(Object, Object[]) (at /Users/builduser/buildslave/mono/build/mcs/class/corlib/System.Reflection/MethodBase.cs:115)
UnityEditor.HostView:Invoke(String, Object) (at C:\buildslave\unity\build\Editor\Mono\HostView.cs:295)
UnityEditor.HostView:Invoke(String) (at C:\buildslave\unity\build\Editor\Mono\HostView.cs:288)
UnityEditor.HostView:OldOnGUI() (at C:\buildslave\unity\build\Editor\Mono\HostView.cs:107)
UnityEngine.Experimental.UIElements.IMGUIContainer:DoOnGUI(Event) (at C:\buildslave\unity\build\Runtime\UIElements\Managed\IMGUIContainer.cs:183)
UnityEngine.Experimental.UIElements.IMGUIContainer:HandleIMGUIEvent(Event) (at C:\buildslave\unity\build\Runtime\UIElements\Managed\IMGUIContainer.cs:339)
UnityEngine.Experimental.UIElements.IMGUIContainer:HandleEvent(EventBase) (at C:\buildslave\unity\build\Runtime\UIElements\Managed\IMGUIContainer.cs:318)
UnityEngine.Experimental.UIElements.EventDispatcher:DispatchEvent(EventBase, IPanel) (at C:\buildslave\unity\build\Runtime\UIElements\Managed\EventDispatcher.cs:250)
UnityEngine.Experimental.UIElements.UIElementsUtility:DoDispatch(BaseVisualElementPanel) (at C:\buildslave\unity\build\Runtime\UIElements\Managed\UIElementsUtility.cs:256)
UnityEngine.Experimental.UIElements.UIElementsUtility:ProcessEvent(Int32, IntPtr) (at C:\buildslave\unity\build\Runtime\UIElements\Managed\UIElementsUtility.cs:78)
UnityEngine.GUIUtility:ProcessEvent(Int32, IntPtr) (at C:\buildslave\unity\build\Runtime\IMGUI\Managed\GUIUtility.cs:175)
 
(Filename: /Users/builduser/buildslave/mono/build/mcs/class/corlib/System.Reflection/MonoMethod.cs Line: 222)

 Mapping new ns http://schemas.android.com/sdk/android/repo/repository2/02 to old ns http://schemas.android.com/sdk/android/repo/repository2/01
UnityEngine.DebugLogHandler:Internal_Log(LogType, String, Object)
UnityEngine.DebugLogHandler:LogFormat(LogType, Object, String, Object[])
UnityEngine.Logger:Log(LogType, Object)
UnityEngine.Debug:LogWarning(Object)
UnityEditor.Android.AndroidSDKTools:DetectErrorsAndWarnings(String, String)
UnityEditor.Android.AndroidSDKTools:RunAndroidSdkTool(String, String, Boolean, WaitingForProcessToExit, String)
UnityEditor.Android.AndroidSDKTools:ListTargetPlatforms(WaitingForProcessToExit)
UnityEditor.Android.AndroidSDKTools:GetTopAndroidPlatformAvailable(WaitingForProcessToExit)
UnityEditor.Android.PostProcessor.Tasks.SDKPlatformDetector:GetVersion(AndroidSDKTools)
UnityEditor.Android.PostProcessor.Tasks.SDKComponentDetector:Detect(AndroidSDKTools, Version, ProgressHandler)
UnityEditor.Android.PostProcessor.Tasks.CheckAndroidSDK:EnsureSDKComponentVersion(Version, SDKComponentDetector)
UnityEditor.Android.PostProcessor.Tasks.CheckAndroidSDK:EnsureSDKComponentVersion(Int32, SDKComponentDetector)
UnityEditor.Android.PostProcessor.Tasks.CheckAndroidSDK:Execute(PostProcessorContext)
UnityEditor.Android.PostProcessor.PostProcessRunner:RunAllTasks(PostProcessorContext)
UnityEditor.Android.PostProcessAndroidPlayer:PrepareForBuild(BuildOptions, BuildTarget)
UnityEditor.Android.AndroidBuildPostprocessor:PrepareForBuild(BuildOptions, BuildTarget)
UnityEditor.PostprocessBuildPlayer:PrepareForBuild(BuildOptions, BuildTargetGroup, BuildTarget) (at C:\buildslave\unity\build\Editor\Mono\BuildPipeline\PostprocessBuildPlayer.cs:87)
UnityEditor.BuildPipeline:BuildPlayerInternalNoCheck(String[], String, String, BuildTargetGroup, BuildTarget, BuildOptions, Boolean)
UnityEditor.DefaultBuildMethods:BuildPlayer(BuildPlayerOptions) (at C:\buildslave\unity\build\Editor\Mono\BuildPlayerWindowBuildMethods.cs:164)
UnityEditor.BuildPlayerWindow:CallBuildMethods(Boolean, BuildOptions) (at C:\buildslave\unity\build\Editor\Mono\BuildPlayerWindowBuildMethods.cs:88)
UnityEditor.BuildPlayerWindow:GUIBuildButtons(IBuildWindowExtension, Boolean, Boolean, Boolean, BuildPlatform) (at C:\buildslave\unity\build\Editor\Mono\BuildPlayerWindow.cs:882)
UnityEditor.BuildPlayerWindow:ShowBuildTargetSettings() (at C:\buildslave\unity\build\Editor\Mono\BuildPlayerWindow.cs:812)
UnityEditor.BuildPlayerWindow:OnGUI() (at C:\buildslave\unity\build\Editor\Mono\BuildPlayerWindow.cs:426)
System.Reflection.MonoMethod:InternalInvoke(Object, Object[], Exception&)
System.Reflection.MonoMethod:Invoke(Object, BindingFlags, Binder, Object[], CultureInfo) (at /Users/builduser/buildslave/mono/build/mcs/class/corlib/System.Reflection/MonoMethod.cs:222)
System.Reflection.MethodBase:Invoke(Object, Object[]) (at /Users/builduser/buildslave/mono/build/mcs/class/corlib/System.Reflection/MethodBase.cs:115)
UnityEditor.HostView:Invoke(String, Object) (at C:\buildslave\unity\build\Editor\Mono\HostView.cs:295)
UnityEditor.HostView:Invoke(String) (at C:\buildslave\unity\build\Editor\Mono\HostView.cs:288)
UnityEditor.HostView:OldOnGUI() (at C:\buildslave\unity\build\Editor\Mono\HostView.cs:107)
UnityEngine.Experimental.UIElements.IMGUIContainer:DoOnGUI(Event) (at C:\buildslave\unity\build\Runtime\UIElements\Managed\IMGUIContainer.cs:183)
UnityEngine.Experimental.UIElements.IMGUIContainer:HandleIMGUIEvent(Event) (at C:\buildslave\unity\build\Runtime\UIElements\Managed\IMGUIContainer.cs:339)
UnityEngine.Experimental.UIElements.IMGUIContainer:HandleEvent(EventBase) (at C:\buildslave\unity\build\Runtime\UIElements\Managed\IMGUIContainer.cs:318)
UnityEngine.Experimental.UIElements.EventDispatcher:DispatchEvent(EventBase, IPanel) (at C:\buildslave\unity\build\Runtime\UIElements\Managed\EventDispatcher.cs:250)
UnityEngine.Experimental.UIElements.UIElementsUtility:DoDispatch(BaseVisualElementPanel) (at C:\buildslave\unity\build\Runtime\UIElements\Managed\UIElementsUtility.cs:256)
UnityEngine.Experimental.UIElements.UIElementsUtility:ProcessEvent(Int32, IntPtr) (at C:\buildslave\unity\build\Runtime\UIElements\Managed\UIElementsUtility.cs:78)
UnityEngine.GUIUtility:ProcessEvent(Int32, IntPtr) (at C:\buildslave\unity\build\Runtime\IMGUI\Managed\GUIUtility.cs:175)
 
(Filename: /Users/builduser/buildslave/mono/build/mcs/class/corlib/System.Reflection/MonoMethod.cs Line: 222)

 Mapping new ns http://schemas.android.com/sdk/android/repo/repository2/03 to old ns http://schemas.android.com/sdk/android/repo/repository2/01
UnityEngine.DebugLogHandler:Internal_Log(LogType, String, Object)
UnityEngine.DebugLogHandler:LogFormat(LogType, Object, String, Object[])
UnityEngine.Logger:Log(LogType, Object)
UnityEngine.Debug:LogWarning(Object)
UnityEditor.Android.AndroidSDKTools:DetectErrorsAndWarnings(String, String)
UnityEditor.Android.AndroidSDKTools:RunAndroidSdkTool(String, String, Boolean, WaitingForProcessToExit, String)
UnityEditor.Android.AndroidSDKTools:ListTargetPlatforms(WaitingForProcessToExit)
UnityEditor.Android.AndroidSDKTools:GetTopAndroidPlatformAvailable(WaitingForProcessToExit)
UnityEditor.Android.PostProcessor.Tasks.SDKPlatformDetector:GetVersion(AndroidSDKTools)
UnityEditor.Android.PostProcessor.Tasks.SDKComponentDetector:Detect(AndroidSDKTools, Version, ProgressHandler)
UnityEditor.Android.PostProcessor.Tasks.CheckAndroidSDK:EnsureSDKComponentVersion(Version, SDKComponentDetector)
UnityEditor.Android.PostProcessor.Tasks.CheckAndroidSDK:EnsureSDKComponentVersion(Int32, SDKComponentDetector)
UnityEditor.Android.PostProcessor.Tasks.CheckAndroidSDK:Execute(PostProcessorContext)
UnityEditor.Android.PostProcessor.PostProcessRunner:RunAllTasks(PostProcessorContext)
UnityEditor.Android.PostProcessAndroidPlayer:PrepareForBuild(BuildOptions, BuildTarget)
UnityEditor.Android.AndroidBuildPostprocessor:PrepareForBuild(BuildOptions, BuildTarget)
UnityEditor.PostprocessBuildPlayer:PrepareForBuild(BuildOptions, BuildTargetGroup, BuildTarget) (at C:\buildslave\unity\build\Editor\Mono\BuildPipeline\PostprocessBuildPlayer.cs:87)
UnityEditor.BuildPipeline:BuildPlayerInternalNoCheck(String[], String, String, BuildTargetGroup, BuildTarget, BuildOptions, Boolean)
UnityEditor.DefaultBuildMethods:BuildPlayer(BuildPlayerOptions) (at C:\buildslave\unity\build\Editor\Mono\BuildPlayerWindowBuildMethods.cs:164)
UnityEditor.BuildPlayerWindow:CallBuildMethods(Boolean, BuildOptions) (at C:\buildslave\unity\build\Editor\Mono\BuildPlayerWindowBuildMethods.cs:88)
UnityEditor.BuildPlayerWindow:GUIBuildButtons(IBuildWindowExtension, Boolean, Boolean, Boolean, BuildPlatform) (at C:\buildslave\unity\build\Editor\Mono\BuildPlayerWindow.cs:882)
UnityEditor.BuildPlayerWindow:ShowBuildTargetSettings() (at C:\buildslave\unity\build\Editor\Mono\BuildPlayerWindow.cs:812)
UnityEditor.BuildPlayerWindow:OnGUI() (at C:\buildslave\unity\build\Editor\Mono\BuildPlayerWindow.cs:426)
System.Reflection.MonoMethod:InternalInvoke(Object, Object[], Exception&)
System.Reflection.MonoMethod:Invoke(Object, BindingFlags, Binder, Object[], CultureInfo) (at /Users/builduser/buildslave/mono/build/mcs/class/corlib/System.Reflection/MonoMethod.cs:222)
System.Reflection.MethodBase:Invoke(Object, Object[]) (at /Users/builduser/buildslave/mono/build/mcs/class/corlib/System.Reflection/MethodBase.cs:115)
UnityEditor.HostView:Invoke(String, Object) (at C:\buildslave\unity\build\Editor\Mono\HostView.cs:295)
UnityEditor.HostView:Invoke(String) (at C:\buildslave\unity\build\Editor\Mono\HostView.cs:288)
UnityEditor.HostView:OldOnGUI() (at C:\buildslave\unity\build\Editor\Mono\HostView.cs:107)
UnityEngine.Experimental.UIElements.IMGUIContainer:DoOnGUI(Event) (at C:\buildslave\unity\build\Runtime\UIElements\Managed\IMGUIContainer.cs:183)
UnityEngine.Experimental.UIElements.IMGUIContainer:HandleIMGUIEvent(Event) (at C:\buildslave\unity\build\Runtime\UIElements\Managed\IMGUIContainer.cs:339)
UnityEngine.Experimental.UIElements.IMGUIContainer:HandleEvent(EventBase) (at C:\buildslave\unity\build\Runtime\UIElements\Managed\IMGUIContainer.cs:318)
UnityEngine.Experimental.UIElements.EventDispatcher:DispatchEvent(EventBase, IPanel) (at C:\buildslave\unity\build\Runtime\UIElements\Managed\EventDispatcher.cs:250)
UnityEngine.Experimental.UIElements.UIElementsUtility:DoDispatch(BaseVisualElementPanel) (at C:\buildslave\unity\build\Runtime\UIElements\Managed\UIElementsUtility.cs:256)
UnityEngine.Experimental.UIElements.UIElementsUtility:ProcessEvent(Int32, IntPtr) (at C:\buildslave\unity\build\Runtime\UIElements\Managed\UIElementsUtility.cs:78)
UnityEngine.GUIUtility:ProcessEvent(Int32, IntPtr) (at C:\buildslave\unity\build\Runtime\IMGUI\Managed\GUIUtility.cs:175)
 
(Filename: /Users/builduser/buildslave/mono/build/mcs/class/corlib/System.Reflection/MonoMethod.cs Line: 222)

 Mapping new ns http://schemas.android.com/sdk/android/repo/sys-img2/04 to old ns http://schemas.android.com/sdk/android/repo/sys-img2/01
UnityEngine.DebugLogHandler:Internal_Log(LogType, String, Object)
UnityEngine.DebugLogHandler:LogFormat(LogType, Object, String, Object[])
UnityEngine.Logger:Log(LogType, Object)
UnityEngine.Debug:LogWarning(Object)
UnityEditor.Android.AndroidSDKTools:DetectErrorsAndWarnings(String, String)
UnityEditor.Android.AndroidSDKTools:RunAndroidSdkTool(String, String, Boolean, WaitingForProcessToExit, String)
UnityEditor.Android.AndroidSDKTools:ListTargetPlatforms(WaitingForProcessToExit)
UnityEditor.Android.AndroidSDKTools:GetTopAndroidPlatformAvailable(WaitingForProcessToExit)
UnityEditor.Android.PostProcessor.Tasks.SDKPlatformDetector:GetVersion(AndroidSDKTools)
UnityEditor.Android.PostProcessor.Tasks.SDKComponentDetector:Detect(AndroidSDKTools, Version, ProgressHandler)
UnityEditor.Android.PostProcessor.Tasks.CheckAndroidSDK:EnsureSDKComponentVersion(Version, SDKComponentDetector)
UnityEditor.Android.PostProcessor.Tasks.CheckAndroidSDK:EnsureSDKComponentVersion(Int32, SDKComponentDetector)
UnityEditor.Android.PostProcessor.Tasks.CheckAndroidSDK:Execute(PostProcessorContext)
UnityEditor.Android.PostProcessor.PostProcessRunner:RunAllTasks(PostProcessorContext)
UnityEditor.Android.PostProcessAndroidPlayer:PrepareForBuild(BuildOptions, BuildTarget)
UnityEditor.Android.AndroidBuildPostprocessor:PrepareForBuild(BuildOptions, BuildTarget)
UnityEditor.PostprocessBuildPlayer:PrepareForBuild(BuildOptions, BuildTargetGroup, BuildTarget) (at C:\buildslave\unity\build\Editor\Mono\BuildPipeline\PostprocessBuildPlayer.cs:87)
UnityEditor.BuildPipeline:BuildPlayerInternalNoCheck(String[], String, String, BuildTargetGroup, BuildTarget, BuildOptions, Boolean)
UnityEditor.DefaultBuildMethods:BuildPlayer(BuildPlayerOptions) (at C:\buildslave\unity\build\Editor\Mono\BuildPlayerWindowBuildMethods.cs:164)
UnityEditor.BuildPlayerWindow:CallBuildMethods(Boolean, BuildOptions) (at C:\buildslave\unity\build\Editor\Mono\BuildPlayerWindowBuildMethods.cs:88)
UnityEditor.BuildPlayerWindow:GUIBuildButtons(IBuildWindowExtension, Boolean, Boolean, Boolean, BuildPlatform) (at C:\buildslave\unity\build\Editor\Mono\BuildPlayerWindow.cs:882)
UnityEditor.BuildPlayerWindow:ShowBuildTargetSettings() (at C:\buildslave\unity\build\Editor\Mono\BuildPlayerWindow.cs:812)
UnityEditor.BuildPlayerWindow:OnGUI() (at C:\buildslave\unity\build\Editor\Mono\BuildPlayerWindow.cs:426)
System.Reflection.MonoMethod:InternalInvoke(Object, Object[], Exception&)
System.Reflection.MonoMethod:Invoke(Object, BindingFlags, Binder, Object[], CultureInfo) (at /Users/builduser/buildslave/mono/build/mcs/class/corlib/System.Reflection/MonoMethod.cs:222)
System.Reflection.MethodBase:Invoke(Object, Object[]) (at /Users/builduser/buildslave/mono/build/mcs/class/corlib/System.Reflection/MethodBase.cs:115)
UnityEditor.HostView:Invoke(String, Object) (at C:\buildslave\unity\build\Editor\Mono\HostView.cs:295)
UnityEditor.HostView:Invoke(String) (at C:\buildslave\unity\build\Editor\Mono\HostView.cs:288)
UnityEditor.HostView:OldOnGUI() (at C:\buildslave\unity\build\Editor\Mono\HostView.cs:107)
UnityEngine.Experimental.UIElements.IMGUIContainer:DoOnGUI(Event) (at C:\buildslave\unity\build\Runtime\UIElements\Managed\IMGUIContainer.cs:183)
UnityEngine.Experimental.UIElements.IMGUIContainer:HandleIMGUIEvent(Event) (at C:\buildslave\unity\build\Runtime\UIElements\Managed\IMGUIContainer.cs:339)
UnityEngine.Experimental.UIElements.IMGUIContainer:HandleEvent(EventBase) (at C:\buildslave\unity\build\Runtime\UIElements\Managed\IMGUIContainer.cs:318)
UnityEngine.Experimental.UIElements.EventDispatcher:DispatchEvent(EventBase, IPanel) (at C:\buildslave\unity\build\Runtime\UIElements\Managed\EventDispatcher.cs:250)
UnityEngine.Experimental.UIElements.UIElementsUtility:DoDispatch(BaseVisualElementPanel) (at C:\buildslave\unity\build\Runtime\UIElements\Managed\UIElementsUtility.cs:256)
UnityEngine.Experimental.UIElements.UIElementsUtility:ProcessEvent(Int32, IntPtr) (at C:\buildslave\unity\build\Runtime\UIElements\Managed\UIElementsUtility.cs:78)
UnityEngine.GUIUtility:ProcessEvent(Int32, IntPtr) (at C:\buildslave\unity\build\Runtime\IMGUI\Managed\GUIUtility.cs:175)
 
(Filename: /Users/builduser/buildslave/mono/build/mcs/class/corlib/System.Reflection/MonoMethod.cs Line: 222)

 Mapping new ns http://schemas.android.com/sdk/android/repo/sys-img2/03 to old ns http://schemas.android.com/sdk/android/repo/sys-img2/01
UnityEngine.DebugLogHandler:Internal_Log(LogType, String, Object)
UnityEngine.DebugLogHandler:LogFormat(LogType, Object, String, Object[])
UnityEngine.Logger:Log(LogType, Object)
UnityEngine.Debug:LogWarning(Object)
UnityEditor.Android.AndroidSDKTools:DetectErrorsAndWarnings(String, String)
UnityEditor.Android.AndroidSDKTools:RunAndroidSdkTool(String, String, Boolean, WaitingForProcessToExit, String)
UnityEditor.Android.AndroidSDKTools:ListTargetPlatforms(WaitingForProcessToExit)
UnityEditor.Android.AndroidSDKTools:GetTopAndroidPlatformAvailable(WaitingForProcessToExit)
UnityEditor.Android.PostProcessor.Tasks.SDKPlatformDetector:GetVersion(AndroidSDKTools)
UnityEditor.Android.PostProcessor.Tasks.SDKComponentDetector:Detect(AndroidSDKTools, Version, ProgressHandler)
UnityEditor.Android.PostProcessor.Tasks.CheckAndroidSDK:EnsureSDKComponentVersion(Version, SDKComponentDetector)
UnityEditor.Android.PostProcessor.Tasks.CheckAndroidSDK:EnsureSDKComponentVersion(Int32, SDKComponentDetector)
UnityEditor.Android.PostProcessor.Tasks.CheckAndroidSDK:Execute(PostProcessorContext)
UnityEditor.Android.PostProcessor.PostProcessRunner:RunAllTasks(PostProcessorContext)
UnityEditor.Android.PostProcessAndroidPlayer:PrepareForBuild(BuildOptions, BuildTarget)
UnityEditor.Android.AndroidBuildPostprocessor:PrepareForBuild(BuildOptions, BuildTarget)
UnityEditor.PostprocessBuildPlayer:PrepareForBuild(BuildOptions, BuildTargetGroup, BuildTarget) (at C:\buildslave\unity\build\Editor\Mono\BuildPipeline\PostprocessBuildPlayer.cs:87)
UnityEditor.BuildPipeline:BuildPlayerInternalNoCheck(String[], String, String, BuildTargetGroup, BuildTarget, BuildOptions, Boolean)
UnityEditor.DefaultBuildMethods:BuildPlayer(BuildPlayerOptions) (at C:\buildslave\unity\build\Editor\Mono\BuildPlayerWindowBuildMethods.cs:164)
UnityEditor.BuildPlayerWindow:CallBuildMethods(Boolean, BuildOptions) (at C:\buildslave\unity\build\Editor\Mono\BuildPlayerWindowBuildMethods.cs:88)
UnityEditor.BuildPlayerWindow:GUIBuildButtons(IBuildWindowExtension, Boolean, Boolean, Boolean, BuildPlatform) (at C:\buildslave\unity\build\Editor\Mono\BuildPlayerWindow.cs:882)
UnityEditor.BuildPlayerWindow:ShowBuildTargetSettings() (at C:\buildslave\unity\build\Editor\Mono\BuildPlayerWindow.cs:812)
UnityEditor.BuildPlayerWindow:OnGUI() (at C:\buildslave\unity\build\Editor\Mono\BuildPlayerWindow.cs:426)
System.Reflection.MonoMethod:InternalInvoke(Object, Object[], Exception&)
System.Reflection.MonoMethod:Invoke(Object, BindingFlags, Binder, Object[], CultureInfo) (at /Users/builduser/buildslave/mono/build/mcs/class/corlib/System.Reflection/MonoMethod.cs:222)
System.Reflection.MethodBase:Invoke(Object, Object[]) (at /Users/builduser/buildslave/mono/build/mcs/class/corlib/System.Reflection/MethodBase.cs:115)
UnityEditor.HostView:Invoke(String, Object) (at C:\buildslave\unity\build\Editor\Mono\HostView.cs:295)
UnityEditor.HostView:Invoke(String) (at C:\buildslave\unity\build\Editor\Mono\HostView.cs:288)
UnityEditor.HostView:OldOnGUI() (at C:\buildslave\unity\build\Editor\Mono\HostView.cs:107)
UnityEngine.Experimental.UIElements.IMGUIContainer:DoOnGUI(Event) (at C:\buildslave\unity\build\Runtime\UIElements\Managed\IMGUIContainer.cs:183)
UnityEngine.Experimental.UIElements.IMGUIContainer:HandleIMGUIEvent(Event) (at C:\buildslave\unity\build\Runtime\UIElements\Managed\IMGUIContainer.cs:339)
UnityEngine.Experimental.UIElements.IMGUIContainer:HandleEvent(EventBase) (at C:\buildslave\unity\build\Runtime\UIElements\Managed\IMGUIContainer.cs:318)
UnityEngine.Experimental.UIElements.EventDispatcher:DispatchEvent(EventBase, IPanel) (at C:\buildslave\unity\build\Runtime\UIElements\Managed\EventDispatcher.cs:250)
UnityEngine.Experimental.UIElements.UIElementsUtility:DoDispatch(BaseVisualElementPanel) (at C:\buildslave\unity\build\Runtime\UIElements\Managed\UIElementsUtility.cs:256)
UnityEngine.Experimental.UIElements.UIElementsUtility:ProcessEvent(Int32, IntPtr) (at C:\buildslave\unity\build\Runtime\UIElements\Managed\UIElementsUtility.cs:78)
UnityEngine.GUIUtility:ProcessEvent(Int32, IntPtr) (at C:\buildslave\unity\build\Runtime\IMGUI\Managed\GUIUtility.cs:175)
 
(Filename: /Users/builduser/buildslave/mono/build/mcs/class/corlib/System.Reflection/MonoMethod.cs Line: 222)

 Mapping new ns http://schemas.android.com/sdk/android/repo/sys-img2/02 to old ns http://schemas.android.com/sdk/android/repo/sys-img2/01
UnityEngine.DebugLogHandler:Internal_Log(LogType, String, Object)
UnityEngine.DebugLogHandler:LogFormat(LogType, Object, String, Object[])
UnityEngine.Logger:Log(LogType, Object)
UnityEngine.Debug:LogWarning(Object)
UnityEditor.Android.AndroidSDKTools:DetectErrorsAndWarnings(String, String)
UnityEditor.Android.AndroidSDKTools:RunAndroidSdkTool(String, String, Boolean, WaitingForProcessToExit, String)
UnityEditor.Android.AndroidSDKTools:ListTargetPlatforms(WaitingForProcessToExit)
UnityEditor.Android.AndroidSDKTools:GetTopAndroidPlatformAvailable(WaitingForProcessToExit)
UnityEditor.Android.PostProcessor.Tasks.SDKPlatformDetector:GetVersion(AndroidSDKTools)
UnityEditor.Android.PostProcessor.Tasks.SDKComponentDetector:Detect(AndroidSDKTools, Version, ProgressHandler)
UnityEditor.Android.PostProcessor.Tasks.CheckAndroidSDK:EnsureSDKComponentVersion(Version, SDKComponentDetector)
UnityEditor.Android.PostProcessor.Tasks.CheckAndroidSDK:EnsureSDKComponentVersion(Int32, SDKComponentDetector)
UnityEditor.Android.PostProcessor.Tasks.CheckAndroidSDK:Execute(PostProcessorContext)
UnityEditor.Android.PostProcessor.PostProcessRunner:RunAllTasks(PostProcessorContext)
UnityEditor.Android.PostProcessAndroidPlayer:PrepareForBuild(BuildOptions, BuildTarget)
UnityEditor.Android.AndroidBuildPostprocessor:PrepareForBuild(BuildOptions, BuildTarget)
UnityEditor.PostprocessBuildPlayer:PrepareForBuild(BuildOptions, BuildTargetGroup, BuildTarget) (at C:\buildslave\unity\build\Editor\Mono\BuildPipeline\PostprocessBuildPlayer.cs:87)
UnityEditor.BuildPipeline:BuildPlayerInternalNoCheck(String[], String, String, BuildTargetGroup, BuildTarget, BuildOptions, Boolean)
UnityEditor.DefaultBuildMethods:BuildPlayer(BuildPlayerOptions) (at C:\buildslave\unity\build\Editor\Mono\BuildPlayerWindowBuildMethods.cs:164)
UnityEditor.BuildPlayerWindow:CallBuildMethods(Boolean, BuildOptions) (at C:\buildslave\unity\build\Editor\Mono\BuildPlayerWindowBuildMethods.cs:88)
UnityEditor.BuildPlayerWindow:GUIBuildButtons(IBuildWindowExtension, Boolean, Boolean, Boolean, BuildPlatform) (at C:\buildslave\unity\build\Editor\Mono\BuildPlayerWindow.cs:882)
UnityEditor.BuildPlayerWindow:ShowBuildTargetSettings() (at C:\buildslave\unity\build\Editor\Mono\BuildPlayerWindow.cs:812)
UnityEditor.BuildPlayerWindow:OnGUI() (at C:\buildslave\unity\build\Editor\Mono\BuildPlayerWindow.cs:426)
System.Reflection.MonoMethod:InternalInvoke(Object, Object[], Exception&)
System.Reflection.MonoMethod:Invoke(Object, BindingFlags, Binder, Object[], CultureInfo) (at /Users/builduser/buildslave/mono/build/mcs/class/corlib/System.Reflection/MonoMethod.cs:222)
System.Reflection.MethodBase:Invoke(Object, Object[]) (at /Users/builduser/buildslave/mono/build/mcs/class/corlib/System.Reflection/MethodBase.cs:115)
UnityEditor.HostView:Invoke(String, Object) (at C:\buildslave\unity\build\Editor\Mono\HostView.cs:295)
UnityEditor.HostView:Invoke(String) (at C:\buildslave\unity\build\Editor\Mono\HostView.cs:288)
UnityEditor.HostView:OldOnGUI() (at C:\buildslave\unity\build\Editor\Mono\HostView.cs:107)
UnityEngine.Experimental.UIElements.IMGUIContainer:DoOnGUI(Event) (at C:\buildslave\unity\build\Runtime\UIElements\Managed\IMGUIContainer.cs:183)
UnityEngine.Experimental.UIElements.IMGUIContainer:HandleIMGUIEvent(Event) (at C:\buildslave\unity\build\Runtime\UIElements\Managed\IMGUIContainer.cs:339)
UnityEngine.Experimental.UIElements.IMGUIContainer:HandleEvent(EventBase) (at C:\buildslave\unity\build\Runtime\UIElements\Managed\IMGUIContainer.cs:318)
UnityEngine.Experimental.UIElements.EventDispatcher:DispatchEvent(EventBase, IPanel) (at C:\buildslave\unity\build\Runtime\UIElements\Managed\EventDispatcher.cs:250)
UnityEngine.Experimental.UIElements.UIElementsUtility:DoDispatch(BaseVisualElementPanel) (at C:\buildslave\unity\build\Runtime\UIElements\Managed\UIElementsUtility.cs:256)
UnityEngine.Experimental.UIElements.UIElementsUtility:ProcessEvent(Int32, IntPtr) (at C:\buildslave\unity\build\Runtime\UIElements\Managed\UIElementsUtility.cs:78)
UnityEngine.GUIUtility:ProcessEvent(Int32, IntPtr) (at C:\buildslave\unity\build\Runtime\IMGUI\Managed\GUIUtility.cs:175)
 
(Filename: /Users/builduser/buildslave/mono/build/mcs/class/corlib/System.Reflection/MonoMethod.cs Line: 222)

 Mapping new ns http://schemas.android.com/repository/android/common/02 to old ns http://schemas.android.com/repository/android/common/01
UnityEngine.DebugLogHandler:Internal_Log(LogType, String, Object)
UnityEngine.DebugLogHandler:LogFormat(LogType, Object, String, Object[])
UnityEngine.Logger:Log(LogType, Object)
UnityEngine.Debug:LogWarning(Object)
UnityEditor.Android.AndroidSDKTools:DetectErrorsAndWarnings(String, String)
UnityEditor.Android.AndroidSDKTools:RunAndroidSdkTool(String, String, Boolean, WaitingForProcessToExit, String)
UnityEditor.Android.AndroidSDKTools:ListTargetPlatforms(WaitingForProcessToExit)
UnityEditor.Android.AndroidSDKTools:GetTopAndroidPlatformAvailable(WaitingForProcessToExit)
UnityEditor.Android.PostProcessor.Tasks.SDKPlatformDetector:GetVersion(AndroidSDKTools)
UnityEditor.Android.PostProcessor.Tasks.SDKComponentDetector:Detect(AndroidSDKTools, Version, ProgressHandler)
UnityEditor.Android.PostProcessor.Tasks.CheckAndroidSDK:EnsureSDKComponentVersion(Version, SDKComponentDetector)
UnityEditor.Android.PostProcessor.Tasks.CheckAndroidSDK:EnsureSDKComponentVersion(Int32, SDKComponentDetector)
UnityEditor.Android.PostProcessor.Tasks.CheckAndroidSDK:Execute(PostProcessorContext)
UnityEditor.Android.PostProcessor.PostProcessRunner:RunAllTasks(PostProcessorContext)
UnityEditor.Android.PostProcessAndroidPlayer:PrepareForBuild(BuildOptions, BuildTarget)
UnityEditor.Android.AndroidBuildPostprocessor:PrepareForBuild(BuildOptions, BuildTarget)
UnityEditor.PostprocessBuildPlayer:PrepareForBuild(BuildOptions, BuildTargetGroup, BuildTarget) (at C:\buildslave\unity\build\Editor\Mono\BuildPipeline\PostprocessBuildPlayer.cs:87)
UnityEditor.BuildPipeline:BuildPlayerInternalNoCheck(String[], String, String, BuildTargetGroup, BuildTarget, BuildOptions, Boolean)
UnityEditor.DefaultBuildMethods:BuildPlayer(BuildPlayerOptions) (at C:\buildslave\unity\build\Editor\Mono\BuildPlayerWindowBuildMethods.cs:164)
UnityEditor.BuildPlayerWindow:CallBuildMethods(Boolean, BuildOptions) (at C:\buildslave\unity\build\Editor\Mono\BuildPlayerWindowBuildMethods.cs:88)
UnityEditor.BuildPlayerWindow:GUIBuildButtons(IBuildWindowExtension, Boolean, Boolean, Boolean, BuildPlatform) (at C:\buildslave\unity\build\Editor\Mono\BuildPlayerWindow.cs:882)
UnityEditor.BuildPlayerWindow:ShowBuildTargetSettings() (at C:\buildslave\unity\build\Editor\Mono\BuildPlayerWindow.cs:812)
UnityEditor.BuildPlayerWindow:OnGUI() (at C:\buildslave\unity\build\Editor\Mono\BuildPlayerWindow.cs:426)
System.Reflection.MonoMethod:InternalInvoke(Object, Object[], Exception&)
System.Reflection.MonoMethod:Invoke(Object, BindingFlags, Binder, Object[], CultureInfo) (at /Users/builduser/buildslave/mono/build/mcs/class/corlib/System.Reflection/MonoMethod.cs:222)
System.Reflection.MethodBase:Invoke(Object, Object[]) (at /Users/builduser/buildslave/mono/build/mcs/class/corlib/System.Reflection/MethodBase.cs:115)
UnityEditor.HostView:Invoke(String, Object) (at C:\buildslave\unity\build\Editor\Mono\HostView.cs:295)
UnityEditor.HostView:Invoke(String) (at C:\buildslave\unity\build\Editor\Mono\HostView.cs:288)
UnityEditor.HostView:OldOnGUI() (at C:\buildslave\unity\build\Editor\Mono\HostView.cs:107)
UnityEngine.Experimental.UIElements.IMGUIContainer:DoOnGUI(Event) (at C:\buildslave\unity\build\Runtime\UIElements\Managed\IMGUIContainer.cs:183)
UnityEngine.Experimental.UIElements.IMGUIContainer:HandleIMGUIEvent(Event) (at C:\buildslave\unity\build\Runtime\UIElements\Managed\IMGUIContainer.cs:339)
UnityEngine.Experimental.UIElements.IMGUIContainer:HandleEvent(EventBase) (at C:\buildslave\unity\build\Runtime\UIElements\Managed\IMGUIContainer.cs:318)
UnityEngine.Experimental.UIElements.EventDispatcher:DispatchEvent(EventBase, IPanel) (at C:\buildslave\unity\build\Runtime\UIElements\Managed\EventDispatcher.cs:250)
UnityEngine.Experimental.UIElements.UIElementsUtility:DoDispatch(BaseVisualElementPanel) (at C:\buildslave\unity\build\Runtime\UIElements\Managed\UIElementsUtility.cs:256)
UnityEngine.Experimental.UIElements.UIElementsUtility:ProcessEvent(Int32, IntPtr) (at C:\buildslave\unity\build\Runtime\UIElements\Managed\UIElementsUtility.cs:78)
UnityEngine.GUIUtility:ProcessEvent(Int32, IntPtr) (at C:\buildslave\unity\build\Runtime\IMGUI\Managed\GUIUtility.cs:175)
 
(Filename: /Users/builduser/buildslave/mono/build/mcs/class/corlib/System.Reflection/MonoMethod.cs Line: 222)

 Mapping new ns http://schemas.android.com/repository/android/generic/02 to old ns http://schemas.android.com/repository/android/generic/01
UnityEngine.DebugLogHandler:Internal_Log(LogType, String, Object)
UnityEngine.DebugLogHandler:LogFormat(LogType, Object, String, Object[])
UnityEngine.Logger:Log(LogType, Object)
UnityEngine.Debug:LogWarning(Object)
UnityEditor.Android.AndroidSDKTools:DetectErrorsAndWarnings(String, String)
UnityEditor.Android.AndroidSDKTools:RunAndroidSdkTool(String, String, Boolean, WaitingForProcessToExit, String)
UnityEditor.Android.AndroidSDKTools:ListTargetPlatforms(WaitingForProcessToExit)
UnityEditor.Android.AndroidSDKTools:GetTopAndroidPlatformAvailable(WaitingForProcessToExit)
UnityEditor.Android.PostProcessor.Tasks.SDKPlatformDetector:GetVersion(AndroidSDKTools)
UnityEditor.Android.PostProcessor.Tasks.SDKComponentDetector:Detect(AndroidSDKTools, Version, ProgressHandler)
UnityEditor.Android.PostProcessor.Tasks.CheckAndroidSDK:EnsureSDKComponentVersion(Version, SDKComponentDetector)
UnityEditor.Android.PostProcessor.Tasks.CheckAndroidSDK:EnsureSDKComponentVersion(Int32, SDKComponentDetector)
UnityEditor.Android.PostProcessor.Tasks.CheckAndroidSDK:Execute(PostProcessorContext)
UnityEditor.Android.PostProcessor.PostProcessRunner:RunAllTasks(PostProcessorContext)
UnityEditor.Android.PostProcessAndroidPlayer:PrepareForBuild(BuildOptions, BuildTarget)
UnityEditor.Android.AndroidBuildPostprocessor:PrepareForBuild(BuildOptions, BuildTarget)
UnityEditor.PostprocessBuildPlayer:PrepareForBuild(BuildOptions, BuildTargetGroup, BuildTarget) (at C:\buildslave\unity\build\Editor\Mono\BuildPipeline\PostprocessBuildPlayer.cs:87)
UnityEditor.BuildPipeline:BuildPlayerInternalNoCheck(String[], String, String, BuildTargetGroup, BuildTarget, BuildOptions, Boolean)
UnityEditor.DefaultBuildMethods:BuildPlayer(BuildPlayerOptions) (at C:\buildslave\unity\build\Editor\Mono\BuildPlayerWindowBuildMethods.cs:164)
UnityEditor.BuildPlayerWindow:CallBuildMethods(Boolean, BuildOptions) (at C:\buildslave\unity\build\Editor\Mono\BuildPlayerWindowBuildMethods.cs:88)
UnityEditor.BuildPlayerWindow:GUIBuildButtons(IBuildWindowExtension, Boolean, Boolean, Boolean, BuildPlatform) (at C:\buildslave\unity\build\Editor\Mono\BuildPlayerWindow.cs:882)
UnityEditor.BuildPlayerWindow:ShowBuildTargetSettings() (at C:\buildslave\unity\build\Editor\Mono\BuildPlayerWindow.cs:812)
UnityEditor.BuildPlayerWindow:OnGUI() (at C:\buildslave\unity\build\Editor\Mono\BuildPlayerWindow.cs:426)
System.Reflection.MonoMethod:InternalInvoke(Object, Object[], Exception&)
System.Reflection.MonoMethod:Invoke(Object, BindingFlags, Binder, Object[], CultureInfo) (at /Users/builduser/buildslave/mono/build/mcs/class/corlib/System.Reflection/MonoMethod.cs:222)
System.Reflection.MethodBase:Invoke(Object, Object[]) (at /Users/builduser/buildslave/mono/build/mcs/class/corlib/System.Reflection/MethodBase.cs:115)
UnityEditor.HostView:Invoke(String, Object) (at C:\buildslave\unity\build\Editor\Mono\HostView.cs:295)
UnityEditor.HostView:Invoke(String) (at C:\buildslave\unity\build\Editor\Mono\HostView.cs:288)
UnityEditor.HostView:OldOnGUI() (at C:\buildslave\unity\build\Editor\Mono\HostView.cs:107)
UnityEngine.Experimental.UIElements.IMGUIContainer:DoOnGUI(Event) (at C:\buildslave\unity\build\Runtime\UIElements\Managed\IMGUIContainer.cs:183)
UnityEngine.Experimental.UIElements.IMGUIContainer:HandleIMGUIEvent(Event) (at C:\buildslave\unity\build\Runtime\UIElements\Managed\IMGUIContainer.cs:339)
UnityEngine.Experimental.UIElements.IMGUIContainer:HandleEvent(EventBase) (at C:\buildslave\unity\build\Runtime\UIElements\Managed\IMGUIContainer.cs:318)
UnityEngine.Experimental.UIElements.EventDispatcher:DispatchEvent(EventBase, IPanel) (at C:\buildslave\unity\build\Runtime\UIElements\Managed\EventDispatcher.cs:250)
UnityEngine.Experimental.UIElements.UIElementsUtility:DoDispatch(BaseVisualElementPanel) (at C:\buildslave\unity\build\Runtime\UIElements\Managed\UIElementsUtility.cs:256)
UnityEngine.Experimental.UIElements.UIElementsUtility:ProcessEvent(Int32, IntPtr) (at C:\buildslave\unity\build\Runtime\UIElements\Managed\UIElementsUtility.cs:78)
UnityEngine.GUIUtility:ProcessEvent(Int32, IntPtr) (at C:\buildslave\unity\build\Runtime\IMGUI\Managed\GUIUtility.cs:175)
 
(Filename: /Users/builduser/buildslave/mono/build/mcs/class/corlib/System.Reflection/MonoMethod.cs Line: 222)

 Mapping new ns http://schemas.android.com/sdk/android/repo/addon2/02 to old ns http://schemas.android.com/sdk/android/repo/addon2/01
UnityEngine.DebugLogHandler:Internal_Log(LogType, String, Object)
UnityEngine.DebugLogHandler:LogFormat(LogType, Object, String, Object[])
UnityEngine.Logger:Log(LogType, Object)
UnityEngine.Debug:LogWarning(Object)
UnityEditor.Android.AndroidSDKTools:DetectErrorsAndWarnings(String, String)
UnityEditor.Android.AndroidSDKTools:RunAndroidSdkTool(String, String, Boolean, WaitingForProcessToExit, String)
UnityEditor.Android.AndroidSDKTools:ListTargetPlatforms(WaitingForProcessToExit)
UnityEditor.Android.AndroidSDKTools:GetTopAndroidPlatformAvailable(WaitingForProcessToExit)
UnityEditor.Android.PostProcessor.Tasks.SDKPlatformDetector:GetVersion(AndroidSDKTools)
UnityEditor.Android.PostProcessor.Tasks.SDKComponentDetector:Detect(AndroidSDKTools, Version, ProgressHandler)
UnityEditor.Android.PostProcessor.Tasks.CheckAndroidSDK:EnsureSDKComponentVersion(Version, SDKComponentDetector)
UnityEditor.Android.PostProcessor.Tasks.CheckAndroidSDK:EnsureSDKComponentVersion(Int32, SDKComponentDetector)
UnityEditor.Android.PostProcessor.Tasks.CheckAndroidSDK:Execute(PostProcessorContext)
UnityEditor.Android.PostProcessor.PostProcessRunner:RunAllTasks(PostProcessorContext)
UnityEditor.Android.PostProcessAndroidPlayer:PrepareForBuild(BuildOptions, BuildTarget)
UnityEditor.Android.AndroidBuildPostprocessor:PrepareForBuild(BuildOptions, BuildTarget)
UnityEditor.PostprocessBuildPlayer:PrepareForBuild(BuildOptions, BuildTargetGroup, BuildTarget) (at C:\buildslave\unity\build\Editor\Mono\BuildPipeline\PostprocessBuildPlayer.cs:87)
UnityEditor.BuildPipeline:BuildPlayerInternalNoCheck(String[], String, String, BuildTargetGroup, BuildTarget, BuildOptions, Boolean)
UnityEditor.DefaultBuildMethods:BuildPlayer(BuildPlayerOptions) (at C:\buildslave\unity\build\Editor\Mono\BuildPlayerWindowBuildMethods.cs:164)
UnityEditor.BuildPlayerWindow:CallBuildMethods(Boolean, BuildOptions) (at C:\buildslave\unity\build\Editor\Mono\BuildPlayerWindowBuildMethods.cs:88)
UnityEditor.BuildPlayerWindow:GUIBuildButtons(IBuildWindowExtension, Boolean, Boolean, Boolean, BuildPlatform) (at C:\buildslave\unity\build\Editor\Mono\BuildPlayerWindow.cs:882)
UnityEditor.BuildPlayerWindow:ShowBuildTargetSettings() (at C:\buildslave\unity\build\Editor\Mono\BuildPlayerWindow.cs:812)
UnityEditor.BuildPlayerWindow:OnGUI() (at C:\buildslave\unity\build\Editor\Mono\BuildPlayerWindow.cs:426)
System.Reflection.MonoMethod:InternalInvoke(Object, Object[], Exception&)
System.Reflection.MonoMethod:Invoke(Object, BindingFlags, Binder, Object[], CultureInfo) (at /Users/builduser/buildslave/mono/build/mcs/class/corlib/System.Reflection/MonoMethod.cs:222)
System.Reflection.MethodBase:Invoke(Object, Object[]) (at /Users/builduser/buildslave/mono/build/mcs/class/corlib/System.Reflection/MethodBase.cs:115)
UnityEditor.HostView:Invoke(String, Object) (at C:\buildslave\unity\build\Editor\Mono\HostView.cs:295)
UnityEditor.HostView:Invoke(String) (at C:\buildslave\unity\build\Editor\Mono\HostView.cs:288)
UnityEditor.HostView:OldOnGUI() (at C:\buildslave\unity\build\Editor\Mono\HostView.cs:107)
UnityEngine.Experimental.UIElements.IMGUIContainer:DoOnGUI(Event) (at C:\buildslave\unity\build\Runtime\UIElements\Managed\IMGUIContainer.cs:183)
UnityEngine.Experimental.UIElements.IMGUIContainer:HandleIMGUIEvent(Event) (at C:\buildslave\unity\build\Runtime\UIElements\Managed\IMGUIContainer.cs:339)
UnityEngine.Experimental.UIElements.IMGUIContainer:HandleEvent(EventBase) (at C:\buildslave\unity\build\Runtime\UIElements\Managed\IMGUIContainer.cs:318)
UnityEngine.Experimental.UIElements.EventDispatcher:DispatchEvent(EventBase, IPanel) (at C:\buildslave\unity\build\Runtime\UIElements\Managed\EventDispatcher.cs:250)
UnityEngine.Experimental.UIElements.UIElementsUtility:DoDispatch(BaseVisualElementPanel) (at C:\buildslave\unity\build\Runtime\UIElements\Managed\UIElementsUtility.cs:256)
UnityEngine.Experimental.UIElements.UIElementsUtility:ProcessEvent(Int32, IntPtr) (at C:\buildslave\unity\build\Runtime\UIElements\Managed\UIElementsUtility.cs:78)
UnityEngine.GUIUtility:ProcessEvent(Int32, IntPtr) (at C:\buildslave\unity\build\Runtime\IMGUI\Managed\GUIUtility.cs:175)
 
(Filename: /Users/builduser/buildslave/mono/build/mcs/class/corlib/System.Reflection/MonoMethod.cs Line: 222)

 Mapping new ns http://schemas.android.com/sdk/android/repo/addon2/03 to old ns http://schemas.android.com/sdk/android/repo/addon2/01
UnityEngine.DebugLogHandler:Internal_Log(LogType, String, Object)
UnityEngine.DebugLogHandler:LogFormat(LogType, Object, String, Object[])
UnityEngine.Logger:Log(LogType, Object)
UnityEngine.Debug:LogWarning(Object)
UnityEditor.Android.AndroidSDKTools:DetectErrorsAndWarnings(String, String)
UnityEditor.Android.AndroidSDKTools:RunAndroidSdkTool(String, String, Boolean, WaitingForProcessToExit, String)
UnityEditor.Android.AndroidSDKTools:ListTargetPlatforms(WaitingForProcessToExit)
UnityEditor.Android.AndroidSDKTools:GetTopAndroidPlatformAvailable(WaitingForProcessToExit)
UnityEditor.Android.PostProcessor.Tasks.SDKPlatformDetector:GetVersion(AndroidSDKTools)
UnityEditor.Android.PostProcessor.Tasks.SDKComponentDetector:Detect(AndroidSDKTools, Version, ProgressHandler)
UnityEditor.Android.PostProcessor.Tasks.CheckAndroidSDK:EnsureSDKComponentVersion(Version, SDKComponentDetector)
UnityEditor.Android.PostProcessor.Tasks.CheckAndroidSDK:EnsureSDKComponentVersion(Int32, SDKComponentDetector)
UnityEditor.Android.PostProcessor.Tasks.CheckAndroidSDK:Execute(PostProcessorContext)
UnityEditor.Android.PostProcessor.PostProcessRunner:RunAllTasks(PostProcessorContext)
UnityEditor.Android.PostProcessAndroidPlayer:PrepareForBuild(BuildOptions, BuildTarget)
UnityEditor.Android.AndroidBuildPostprocessor:PrepareForBuild(BuildOptions, BuildTarget)
UnityEditor.PostprocessBuildPlayer:PrepareForBuild(BuildOptions, BuildTargetGroup, BuildTarget) (at C:\buildslave\unity\build\Editor\Mono\BuildPipeline\PostprocessBuildPlayer.cs:87)
UnityEditor.BuildPipeline:BuildPlayerInternalNoCheck(String[], String, String, BuildTargetGroup, BuildTarget, BuildOptions, Boolean)
UnityEditor.DefaultBuildMethods:BuildPlayer(BuildPlayerOptions) (at C:\buildslave\unity\build\Editor\Mono\BuildPlayerWindowBuildMethods.cs:164)
UnityEditor.BuildPlayerWindow:CallBuildMethods(Boolean, BuildOptions) (at C:\buildslave\unity\build\Editor\Mono\BuildPlayerWindowBuildMethods.cs:88)
UnityEditor.BuildPlayerWindow:GUIBuildButtons(IBuildWindowExtension, Boolean, Boolean, Boolean, BuildPlatform) (at C:\buildslave\unity\build\Editor\Mono\BuildPlayerWindow.cs:882)
UnityEditor.BuildPlayerWindow:ShowBuildTargetSettings() (at C:\buildslave\unity\build\Editor\Mono\BuildPlayerWindow.cs:812)
UnityEditor.BuildPlayerWindow:OnGUI() (at C:\buildslave\unity\build\Editor\Mono\BuildPlayerWindow.cs:426)
System.Reflection.MonoMethod:InternalInvoke(Object, Object[], Exception&)
System.Reflection.MonoMethod:Invoke(Object, BindingFlags, Binder, Object[], CultureInfo) (at /Users/builduser/buildslave/mono/build/mcs/class/corlib/System.Reflection/MonoMethod.cs:222)
System.Reflection.MethodBase:Invoke(Object, Object[]) (at /Users/builduser/buildslave/mono/build/mcs/class/corlib/System.Reflection/MethodBase.cs:115)
UnityEditor.HostView:Invoke(String, Object) (at C:\buildslave\unity\build\Editor\Mono\HostView.cs:295)
UnityEditor.HostView:Invoke(String) (at C:\buildslave\unity\build\Editor\Mono\HostView.cs:288)
UnityEditor.HostView:OldOnGUI() (at C:\buildslave\unity\build\Editor\Mono\HostView.cs:107)
UnityEngine.Experimental.UIElements.IMGUIContainer:DoOnGUI(Event) (at C:\buildslave\unity\build\Runtime\UIElements\Managed\IMGUIContainer.cs:183)
UnityEngine.Experimental.UIElements.IMGUIContainer:HandleIMGUIEvent(Event) (at C:\buildslave\unity\build\Runtime\UIElements\Managed\IMGUIContainer.cs:339)
UnityEngine.Experimental.UIElements.IMGUIContainer:HandleEvent(EventBase) (at C:\buildslave\unity\build\Runtime\UIElements\Managed\IMGUIContainer.cs:318)
UnityEngine.Experimental.UIElements.EventDispatcher:DispatchEvent(EventBase, IPanel) (at C:\buildslave\unity\build\Runtime\UIElements\Managed\EventDispatcher.cs:250)
UnityEngine.Experimental.UIElements.UIElementsUtility:DoDispatch(BaseVisualElementPanel) (at C:\buildslave\unity\build\Runtime\UIElements\Managed\UIElementsUtility.cs:256)
UnityEngine.Experimental.UIElements.UIElementsUtility:ProcessEvent(Int32, IntPtr) (at C:\buildslave\unity\build\Runtime\UIElements\Managed\UIElementsUtility.cs:78)
UnityEngine.GUIUtility:ProcessEvent(Int32, IntPtr) (at C:\buildslave\unity\build\Runtime\IMGUI\Managed\GUIUtility.cs:175)
 
(Filename: /Users/builduser/buildslave/mono/build/mcs/class/corlib/System.Reflection/MonoMethod.cs Line: 222)

 Mapping new ns http://schemas.android.com/sdk/android/repo/repository2/02 to old ns http://schemas.android.com/sdk/android/repo/repository2/01
UnityEngine.DebugLogHandler:Internal_Log(LogType, String, Object)
UnityEngine.DebugLogHandler:LogFormat(LogType, Object, String, Object[])
UnityEngine.Logger:Log(LogType, Object)
UnityEngine.Debug:LogWarning(Object)
UnityEditor.Android.AndroidSDKTools:DetectErrorsAndWarnings(String, String)
UnityEditor.Android.AndroidSDKTools:RunAndroidSdkTool(String, String, Boolean, WaitingForProcessToExit, String)
UnityEditor.Android.AndroidSDKTools:ListTargetPlatforms(WaitingForProcessToExit)
UnityEditor.Android.AndroidSDKTools:GetTopAndroidPlatformAvailable(WaitingForProcessToExit)
UnityEditor.Android.PostProcessor.Tasks.SDKPlatformDetector:GetVersion(AndroidSDKTools)
UnityEditor.Android.PostProcessor.Tasks.SDKComponentDetector:Detect(AndroidSDKTools, Version, ProgressHandler)
UnityEditor.Android.PostProcessor.Tasks.CheckAndroidSDK:EnsureSDKComponentVersion(Version, SDKComponentDetector)
UnityEditor.Android.PostProcessor.Tasks.CheckAndroidSDK:EnsureSDKComponentVersion(Int32, SDKComponentDetector)
UnityEditor.Android.PostProcessor.Tasks.CheckAndroidSDK:Execute(PostProcessorContext)
UnityEditor.Android.PostProcessor.PostProcessRunner:RunAllTasks(PostProcessorContext)
UnityEditor.Android.PostProcessAndroidPlayer:PrepareForBuild(BuildOptions, BuildTarget)
UnityEditor.Android.AndroidBuildPostprocessor:PrepareForBuild(BuildOptions, BuildTarget)
UnityEditor.PostprocessBuildPlayer:PrepareForBuild(BuildOptions, BuildTargetGroup, BuildTarget) (at C:\buildslave\unity\build\Editor\Mono\BuildPipeline\PostprocessBuildPlayer.cs:87)
UnityEditor.BuildPipeline:BuildPlayerInternalNoCheck(String[], String, String, BuildTargetGroup, BuildTarget, BuildOptions, Boolean)
UnityEditor.DefaultBuildMethods:BuildPlayer(BuildPlayerOptions) (at C:\buildslave\unity\build\Editor\Mono\BuildPlayerWindowBuildMethods.cs:164)
UnityEditor.BuildPlayerWindow:CallBuildMethods(Boolean, BuildOptions) (at C:\buildslave\unity\build\Editor\Mono\BuildPlayerWindowBuildMethods.cs:88)
UnityEditor.BuildPlayerWindow:GUIBuildButtons(IBuildWindowExtension, Boolean, Boolean, Boolean, BuildPlatform) (at C:\buildslave\unity\build\Editor\Mono\BuildPlayerWindow.cs:882)
UnityEditor.BuildPlayerWindow:ShowBuildTargetSettings() (at C:\buildslave\unity\build\Editor\Mono\BuildPlayerWindow.cs:812)
UnityEditor.BuildPlayerWindow:OnGUI() (at C:\buildslave\unity\build\Editor\Mono\BuildPlayerWindow.cs:426)
System.Reflection.MonoMethod:InternalInvoke(Object, Object[], Exception&)
System.Reflection.MonoMethod:Invoke(Object, BindingFlags, Binder, Object[], CultureInfo) (at /Users/builduser/buildslave/mono/build/mcs/class/corlib/System.Reflection/MonoMethod.cs:222)
System.Reflection.MethodBase:Invoke(Object, Object[]) (at /Users/builduser/buildslave/mono/build/mcs/class/corlib/System.Reflection/MethodBase.cs:115)
UnityEditor.HostView:Invoke(String, Object) (at C:\buildslave\unity\build\Editor\Mono\HostView.cs:295)
UnityEditor.HostView:Invoke(String) (at C:\buildslave\unity\build\Editor\Mono\HostView.cs:288)
UnityEditor.HostView:OldOnGUI() (at C:\buildslave\unity\build\Editor\Mono\HostView.cs:107)
UnityEngine.Experimental.UIElements.IMGUIContainer:DoOnGUI(Event) (at C:\buildslave\unity\build\Runtime\UIElements\Managed\IMGUIContainer.cs:183)
UnityEngine.Experimental.UIElements.IMGUIContainer:HandleIMGUIEvent(Event) (at C:\buildslave\unity\build\Runtime\UIElements\Managed\IMGUIContainer.cs:339)
UnityEngine.Experimental.UIElements.IMGUIContainer:HandleEvent(EventBase) (at C:\buildslave\unity\build\Runtime\UIElements\Managed\IMGUIContainer.cs:318)
UnityEngine.Experimental.UIElements.EventDispatcher:DispatchEvent(EventBase, IPanel) (at C:\buildslave\unity\build\Runtime\UIElements\Managed\EventDispatcher.cs:250)
UnityEngine.Experimental.UIElements.UIElementsUtility:DoDispatch(BaseVisualElementPanel) (at C:\buildslave\unity\build\Runtime\UIElements\Managed\UIElementsUtility.cs:256)
UnityEngine.Experimental.UIElements.UIElementsUtility:ProcessEvent(Int32, IntPtr) (at C:\buildslave\unity\build\Runtime\UIElements\Managed\UIElementsUtility.cs:78)
UnityEngine.GUIUtility:ProcessEvent(Int32, IntPtr) (at C:\buildslave\unity\build\Runtime\IMGUI\Managed\GUIUtility.cs:175)
 
(Filename: /Users/builduser/buildslave/mono/build/mcs/class/corlib/System.Reflection/MonoMethod.cs Line: 222)

 Mapping new ns http://schemas.android.com/sdk/android/repo/repository2/03 to old ns http://schemas.android.com/sdk/android/repo/repository2/01
UnityEngine.DebugLogHandler:Internal_Log(LogType, String, Object)
UnityEngine.DebugLogHandler:LogFormat(LogType, Object, String, Object[])
UnityEngine.Logger:Log(LogType, Object)
UnityEngine.Debug:LogWarning(Object)
UnityEditor.Android.AndroidSDKTools:DetectErrorsAndWarnings(String, String)
UnityEditor.Android.AndroidSDKTools:RunAndroidSdkTool(String, String, Boolean, WaitingForProcessToExit, String)
UnityEditor.Android.AndroidSDKTools:ListTargetPlatforms(WaitingForProcessToExit)
UnityEditor.Android.AndroidSDKTools:GetTopAndroidPlatformAvailable(WaitingForProcessToExit)
UnityEditor.Android.PostProcessor.Tasks.SDKPlatformDetector:GetVersion(AndroidSDKTools)
UnityEditor.Android.PostProcessor.Tasks.SDKComponentDetector:Detect(AndroidSDKTools, Version, ProgressHandler)
UnityEditor.Android.PostProcessor.Tasks.CheckAndroidSDK:EnsureSDKComponentVersion(Version, SDKComponentDetector)
UnityEditor.Android.PostProcessor.Tasks.CheckAndroidSDK:EnsureSDKComponentVersion(Int32, SDKComponentDetector)
UnityEditor.Android.PostProcessor.Tasks.CheckAndroidSDK:Execute(PostProcessorContext)
UnityEditor.Android.PostProcessor.PostProcessRunner:RunAllTasks(PostProcessorContext)
UnityEditor.Android.PostProcessAndroidPlayer:PrepareForBuild(BuildOptions, BuildTarget)
UnityEditor.Android.AndroidBuildPostprocessor:PrepareForBuild(BuildOptions, BuildTarget)
UnityEditor.PostprocessBuildPlayer:PrepareForBuild(BuildOptions, BuildTargetGroup, BuildTarget) (at C:\buildslave\unity\build\Editor\Mono\BuildPipeline\PostprocessBuildPlayer.cs:87)
UnityEditor.BuildPipeline:BuildPlayerInternalNoCheck(String[], String, String, BuildTargetGroup, BuildTarget, BuildOptions, Boolean)
UnityEditor.DefaultBuildMethods:BuildPlayer(BuildPlayerOptions) (at C:\buildslave\unity\build\Editor\Mono\BuildPlayerWindowBuildMethods.cs:164)
UnityEditor.BuildPlayerWindow:CallBuildMethods(Boolean, BuildOptions) (at C:\buildslave\unity\build\Editor\Mono\BuildPlayerWindowBuildMethods.cs:88)
UnityEditor.BuildPlayerWindow:GUIBuildButtons(IBuildWindowExtension, Boolean, Boolean, Boolean, BuildPlatform) (at C:\buildslave\unity\build\Editor\Mono\BuildPlayerWindow.cs:882)
UnityEditor.BuildPlayerWindow:ShowBuildTargetSettings() (at C:\buildslave\unity\build\Editor\Mono\BuildPlayerWindow.cs:812)
UnityEditor.BuildPlayerWindow:OnGUI() (at C:\buildslave\unity\build\Editor\Mono\BuildPlayerWindow.cs:426)
System.Reflection.MonoMethod:InternalInvoke(Object, Object[], Exception&)
System.Reflection.MonoMethod:Invoke(Object, BindingFlags, Binder, Object[], CultureInfo) (at /Users/builduser/buildslave/mono/build/mcs/class/corlib/System.Reflection/MonoMethod.cs:222)
System.Reflection.MethodBase:Invoke(Object, Object[]) (at /Users/builduser/buildslave/mono/build/mcs/class/corlib/System.Reflection/MethodBase.cs:115)
UnityEditor.HostView:Invoke(String, Object) (at C:\buildslave\unity\build\Editor\Mono\HostView.cs:295)
UnityEditor.HostView:Invoke(String) (at C:\buildslave\unity\build\Editor\Mono\HostView.cs:288)
UnityEditor.HostView:OldOnGUI() (at C:\buildslave\unity\build\Editor\Mono\HostView.cs:107)
UnityEngine.Experimental.UIElements.IMGUIContainer:DoOnGUI(Event) (at C:\buildslave\unity\build\Runtime\UIElements\Managed\IMGUIContainer.cs:183)
UnityEngine.Experimental.UIElements.IMGUIContainer:HandleIMGUIEvent(Event) (at C:\buildslave\unity\build\Runtime\UIElements\Managed\IMGUIContainer.cs:339)
UnityEngine.Experimental.UIElements.IMGUIContainer:HandleEvent(EventBase) (at C:\buildslave\unity\build\Runtime\UIElements\Managed\IMGUIContainer.cs:318)
UnityEngine.Experimental.UIElements.EventDispatcher:DispatchEvent(EventBase, IPanel) (at C:\buildslave\unity\build\Runtime\UIElements\Managed\EventDispatcher.cs:250)
UnityEngine.Experimental.UIElements.UIElementsUtility:DoDispatch(BaseVisualElementPanel) (at C:\buildslave\unity\build\Runtime\UIElements\Managed\UIElementsUtility.cs:256)
UnityEngine.Experimental.UIElements.UIElementsUtility:ProcessEvent(Int32, IntPtr) (at C:\buildslave\unity\build\Runtime\UIElements\Managed\UIElementsUtility.cs:78)
UnityEngine.GUIUtility:ProcessEvent(Int32, IntPtr) (at C:\buildslave\unity\build\Runtime\IMGUI\Managed\GUIUtility.cs:175)
 
(Filename: /Users/builduser/buildslave/mono/build/mcs/class/corlib/System.Reflection/MonoMethod.cs Line: 222)

 Mapping new ns http://schemas.android.com/sdk/android/repo/sys-img2/04 to old ns http://schemas.android.com/sdk/android/repo/sys-img2/01
UnityEngine.DebugLogHandler:Internal_Log(LogType, String, Object)
UnityEngine.DebugLogHandler:LogFormat(LogType, Object, String, Object[])
UnityEngine.Logger:Log(LogType, Object)
UnityEngine.Debug:LogWarning(Object)
UnityEditor.Android.AndroidSDKTools:DetectErrorsAndWarnings(String, String)
UnityEditor.Android.AndroidSDKTools:RunAndroidSdkTool(String, String, Boolean, WaitingForProcessToExit, String)
UnityEditor.Android.AndroidSDKTools:ListTargetPlatforms(WaitingForProcessToExit)
UnityEditor.Android.AndroidSDKTools:GetTopAndroidPlatformAvailable(WaitingForProcessToExit)
UnityEditor.Android.PostProcessor.Tasks.SDKPlatformDetector:GetVersion(AndroidSDKTools)
UnityEditor.Android.PostProcessor.Tasks.SDKComponentDetector:Detect(AndroidSDKTools, Version, ProgressHandler)
UnityEditor.Android.PostProcessor.Tasks.CheckAndroidSDK:EnsureSDKComponentVersion(Version, SDKComponentDetector)
UnityEditor.Android.PostProcessor.Tasks.CheckAndroidSDK:EnsureSDKComponentVersion(Int32, SDKComponentDetector)
UnityEditor.Android.PostProcessor.Tasks.CheckAndroidSDK:Execute(PostProcessorContext)
UnityEditor.Android.PostProcessor.PostProcessRunner:RunAllTasks(PostProcessorContext)
UnityEditor.Android.PostProcessAndroidPlayer:PrepareForBuild(BuildOptions, BuildTarget)
UnityEditor.Android.AndroidBuildPostprocessor:PrepareForBuild(BuildOptions, BuildTarget)
UnityEditor.PostprocessBuildPlayer:PrepareForBuild(BuildOptions, BuildTargetGroup, BuildTarget) (at C:\buildslave\unity\build\Editor\Mono\BuildPipeline\PostprocessBuildPlayer.cs:87)
UnityEditor.BuildPipeline:BuildPlayerInternalNoCheck(String[], String, String, BuildTargetGroup, BuildTarget, BuildOptions, Boolean)
UnityEditor.DefaultBuildMethods:BuildPlayer(BuildPlayerOptions) (at C:\buildslave\unity\build\Editor\Mono\BuildPlayerWindowBuildMethods.cs:164)
UnityEditor.BuildPlayerWindow:CallBuildMethods(Boolean, BuildOptions) (at C:\buildslave\unity\build\Editor\Mono\BuildPlayerWindowBuildMethods.cs:88)
UnityEditor.BuildPlayerWindow:GUIBuildButtons(IBuildWindowExtension, Boolean, Boolean, Boolean, BuildPlatform) (at C:\buildslave\unity\build\Editor\Mono\BuildPlayerWindow.cs:882)
UnityEditor.BuildPlayerWindow:ShowBuildTargetSettings() (at C:\buildslave\unity\build\Editor\Mono\BuildPlayerWindow.cs:812)
UnityEditor.BuildPlayerWindow:OnGUI() (at C:\buildslave\unity\build\Editor\Mono\BuildPlayerWindow.cs:426)
System.Reflection.MonoMethod:InternalInvoke(Object, Object[], Exception&)
System.Reflection.MonoMethod:Invoke(Object, BindingFlags, Binder, Object[], CultureInfo) (at /Users/builduser/buildslave/mono/build/mcs/class/corlib/System.Reflection/MonoMethod.cs:222)
System.Reflection.MethodBase:Invoke(Object, Object[]) (at /Users/builduser/buildslave/mono/build/mcs/class/corlib/System.Reflection/MethodBase.cs:115)
UnityEditor.HostView:Invoke(String, Object) (at C:\buildslave\unity\build\Editor\Mono\HostView.cs:295)
UnityEditor.HostView:Invoke(String) (at C:\buildslave\unity\build\Editor\Mono\HostView.cs:288)
UnityEditor.HostView:OldOnGUI() (at C:\buildslave\unity\build\Editor\Mono\HostView.cs:107)
UnityEngine.Experimental.UIElements.IMGUIContainer:DoOnGUI(Event) (at C:\buildslave\unity\build\Runtime\UIElements\Managed\IMGUIContainer.cs:183)
UnityEngine.Experimental.UIElements.IMGUIContainer:HandleIMGUIEvent(Event) (at C:\buildslave\unity\build\Runtime\UIElements\Managed\IMGUIContainer.cs:339)
UnityEngine.Experimental.UIElements.IMGUIContainer:HandleEvent(EventBase) (at C:\buildslave\unity\build\Runtime\UIElements\Managed\IMGUIContainer.cs:318)
UnityEngine.Experimental.UIElements.EventDispatcher:DispatchEvent(EventBase, IPanel) (at C:\buildslave\unity\build\Runtime\UIElements\Managed\EventDispatcher.cs:250)
UnityEngine.Experimental.UIElements.UIElementsUtility:DoDispatch(BaseVisualElementPanel) (at C:\buildslave\unity\build\Runtime\UIElements\Managed\UIElementsUtility.cs:256)
UnityEngine.Experimental.UIElements.UIElementsUtility:ProcessEvent(Int32, IntPtr) (at C:\buildslave\unity\build\Runtime\UIElements\Managed\UIElementsUtility.cs:78)
UnityEngine.GUIUtility:ProcessEvent(Int32, IntPtr) (at C:\buildslave\unity\build\Runtime\IMGUI\Managed\GUIUtility.cs:175)
 
(Filename: /Users/builduser/buildslave/mono/build/mcs/class/corlib/System.Reflection/MonoMethod.cs Line: 222)

 Mapping new ns http://schemas.android.com/sdk/android/repo/sys-img2/03 to old ns http://schemas.android.com/sdk/android/repo/sys-img2/01
UnityEngine.DebugLogHandler:Internal_Log(LogType, String, Object)
UnityEngine.DebugLogHandler:LogFormat(LogType, Object, String, Object[])
UnityEngine.Logger:Log(LogType, Object)
UnityEngine.Debug:LogWarning(Object)
UnityEditor.Android.AndroidSDKTools:DetectErrorsAndWarnings(String, String)
UnityEditor.Android.AndroidSDKTools:RunAndroidSdkTool(String, String, Boolean, WaitingForProcessToExit, String)
UnityEditor.Android.AndroidSDKTools:ListTargetPlatforms(WaitingForProcessToExit)
UnityEditor.Android.AndroidSDKTools:GetTopAndroidPlatformAvailable(WaitingForProcessToExit)
UnityEditor.Android.PostProcessor.Tasks.SDKPlatformDetector:GetVersion(AndroidSDKTools)
UnityEditor.Android.PostProcessor.Tasks.SDKComponentDetector:Detect(AndroidSDKTools, Version, ProgressHandler)
UnityEditor.Android.PostProcessor.Tasks.CheckAndroidSDK:EnsureSDKComponentVersion(Version, SDKComponentDetector)
UnityEditor.Android.PostProcessor.Tasks.CheckAndroidSDK:EnsureSDKComponentVersion(Int32, SDKComponentDetector)
UnityEditor.Android.PostProcessor.Tasks.CheckAndroidSDK:Execute(PostProcessorContext)
UnityEditor.Android.PostProcessor.PostProcessRunner:RunAllTasks(PostProcessorContext)
UnityEditor.Android.PostProcessAndroidPlayer:PrepareForBuild(BuildOptions, BuildTarget)
UnityEditor.Android.AndroidBuildPostprocessor:PrepareForBuild(BuildOptions, BuildTarget)
UnityEditor.PostprocessBuildPlayer:PrepareForBuild(BuildOptions, BuildTargetGroup, BuildTarget) (at C:\buildslave\unity\build\Editor\Mono\BuildPipeline\PostprocessBuildPlayer.cs:87)
UnityEditor.BuildPipeline:BuildPlayerInternalNoCheck(String[], String, String, BuildTargetGroup, BuildTarget, BuildOptions, Boolean)
UnityEditor.DefaultBuildMethods:BuildPlayer(BuildPlayerOptions) (at C:\buildslave\unity\build\Editor\Mono\BuildPlayerWindowBuildMethods.cs:164)
UnityEditor.BuildPlayerWindow:CallBuildMethods(Boolean, BuildOptions) (at C:\buildslave\unity\build\Editor\Mono\BuildPlayerWindowBuildMethods.cs:88)
UnityEditor.BuildPlayerWindow:GUIBuildButtons(IBuildWindowExtension, Boolean, Boolean, Boolean, BuildPlatform) (at C:\buildslave\unity\build\Editor\Mono\BuildPlayerWindow.cs:882)
UnityEditor.BuildPlayerWindow:ShowBuildTargetSettings() (at C:\buildslave\unity\build\Editor\Mono\BuildPlayerWindow.cs:812)
UnityEditor.BuildPlayerWindow:OnGUI() (at C:\buildslave\unity\build\Editor\Mono\BuildPlayerWindow.cs:426)
System.Reflection.MonoMethod:InternalInvoke(Object, Object[], Exception&)
System.Reflection.MonoMethod:Invoke(Object, BindingFlags, Binder, Object[], CultureInfo) (at /Users/builduser/buildslave/mono/build/mcs/class/corlib/System.Reflection/MonoMethod.cs:222)
System.Reflection.MethodBase:Invoke(Object, Object[]) (at /Users/builduser/buildslave/mono/build/mcs/class/corlib/System.Reflection/MethodBase.cs:115)
UnityEditor.HostView:Invoke(String, Object) (at C:\buildslave\unity\build\Editor\Mono\HostView.cs:295)
UnityEditor.HostView:Invoke(String) (at C:\buildslave\unity\build\Editor\Mono\HostView.cs:288)
UnityEditor.HostView:OldOnGUI() (at C:\buildslave\unity\build\Editor\Mono\HostView.cs:107)
UnityEngine.Experimental.UIElements.IMGUIContainer:DoOnGUI(Event) (at C:\buildslave\unity\build\Runtime\UIElements\Managed\IMGUIContainer.cs:183)
UnityEngine.Experimental.UIElements.IMGUIContainer:HandleIMGUIEvent(Event) (at C:\buildslave\unity\build\Runtime\UIElements\Managed\IMGUIContainer.cs:339)
UnityEngine.Experimental.UIElements.IMGUIContainer:HandleEvent(EventBase) (at C:\buildslave\unity\build\Runtime\UIElements\Managed\IMGUIContainer.cs:318)
UnityEngine.Experimental.UIElements.EventDispatcher:DispatchEvent(EventBase, IPanel) (at C:\buildslave\unity\build\Runtime\UIElements\Managed\EventDispatcher.cs:250)
UnityEngine.Experimental.UIElements.UIElementsUtility:DoDispatch(BaseVisualElementPanel) (at C:\buildslave\unity\build\Runtime\UIElements\Managed\UIElementsUtility.cs:256)
UnityEngine.Experimental.UIElements.UIElementsUtility:ProcessEvent(Int32, IntPtr) (at C:\buildslave\unity\build\Runtime\UIElements\Managed\UIElementsUtility.cs:78)
UnityEngine.GUIUtility:ProcessEvent(Int32, IntPtr) (at C:\buildslave\unity\build\Runtime\IMGUI\Managed\GUIUtility.cs:175)
 
(Filename: /Users/builduser/buildslave/mono/build/mcs/class/corlib/System.Reflection/MonoMethod.cs Line: 222)

 Mapping new ns http://schemas.android.com/sdk/android/repo/sys-img2/02 to old ns http://schemas.android.com/sdk/android/repo/sys-img2/01
UnityEngine.DebugLogHandler:Internal_Log(LogType, String, Object)
UnityEngine.DebugLogHandler:LogFormat(LogType, Object, String, Object[])
UnityEngine.Logger:Log(LogType, Object)
UnityEngine.Debug:LogWarning(Object)
UnityEditor.Android.AndroidSDKTools:DetectErrorsAndWarnings(String, String)
UnityEditor.Android.AndroidSDKTools:RunAndroidSdkTool(String, String, Boolean, WaitingForProcessToExit, String)
UnityEditor.Android.AndroidSDKTools:ListTargetPlatforms(WaitingForProcessToExit)
UnityEditor.Android.AndroidSDKTools:GetTopAndroidPlatformAvailable(WaitingForProcessToExit)
UnityEditor.Android.PostProcessor.Tasks.SDKPlatformDetector:GetVersion(AndroidSDKTools)
UnityEditor.Android.PostProcessor.Tasks.SDKComponentDetector:Detect(AndroidSDKTools, Version, ProgressHandler)
UnityEditor.Android.PostProcessor.Tasks.CheckAndroidSDK:EnsureSDKComponentVersion(Version, SDKComponentDetector)
UnityEditor.Android.PostProcessor.Tasks.CheckAndroidSDK:EnsureSDKComponentVersion(Int32, SDKComponentDetector)
UnityEditor.Android.PostProcessor.Tasks.CheckAndroidSDK:Execute(PostProcessorContext)
UnityEditor.Android.PostProcessor.PostProcessRunner:RunAllTasks(PostProcessorContext)
UnityEditor.Android.PostProcessAndroidPlayer:PrepareForBuild(BuildOptions, BuildTarget)
UnityEditor.Android.AndroidBuildPostprocessor:PrepareForBuild(BuildOptions, BuildTarget)
UnityEditor.PostprocessBuildPlayer:PrepareForBuild(BuildOptions, BuildTargetGroup, BuildTarget) (at C:\buildslave\unity\build\Editor\Mono\BuildPipeline\PostprocessBuildPlayer.cs:87)
UnityEditor.BuildPipeline:BuildPlayerInternalNoCheck(String[], String, String, BuildTargetGroup, BuildTarget, BuildOptions, Boolean)
UnityEditor.DefaultBuildMethods:BuildPlayer(BuildPlayerOptions) (at C:\buildslave\unity\build\Editor\Mono\BuildPlayerWindowBuildMethods.cs:164)
UnityEditor.BuildPlayerWindow:CallBuildMethods(Boolean, BuildOptions) (at C:\buildslave\unity\build\Editor\Mono\BuildPlayerWindowBuildMethods.cs:88)
UnityEditor.BuildPlayerWindow:GUIBuildButtons(IBuildWindowExtension, Boolean, Boolean, Boolean, BuildPlatform) (at C:\buildslave\unity\build\Editor\Mono\BuildPlayerWindow.cs:882)
UnityEditor.BuildPlayerWindow:ShowBuildTargetSettings() (at C:\buildslave\unity\build\Editor\Mono\BuildPlayerWindow.cs:812)
UnityEditor.BuildPlayerWindow:OnGUI() (at C:\buildslave\unity\build\Editor\Mono\BuildPlayerWindow.cs:426)
System.Reflection.MonoMethod:InternalInvoke(Object, Object[], Exception&)
System.Reflection.MonoMethod:Invoke(Object, BindingFlags, Binder, Object[], CultureInfo) (at /Users/builduser/buildslave/mono/build/mcs/class/corlib/System.Reflection/MonoMethod.cs:222)
System.Reflection.MethodBase:Invoke(Object, Object[]) (at /Users/builduser/buildslave/mono/build/mcs/class/corlib/System.Reflection/MethodBase.cs:115)
UnityEditor.HostView:Invoke(String, Object) (at C:\buildslave\unity\build\Editor\Mono\HostView.cs:295)
UnityEditor.HostView:Invoke(String) (at C:\buildslave\unity\build\Editor\Mono\HostView.cs:288)
UnityEditor.HostView:OldOnGUI() (at C:\buildslave\unity\build\Editor\Mono\HostView.cs:107)
UnityEngine.Experimental.UIElements.IMGUIContainer:DoOnGUI(Event) (at C:\buildslave\unity\build\Runtime\UIElements\Managed\IMGUIContainer.cs:183)
UnityEngine.Experimental.UIElements.IMGUIContainer:HandleIMGUIEvent(Event) (at C:\buildslave\unity\build\Runtime\UIElements\Managed\IMGUIContainer.cs:339)
UnityEngine.Experimental.UIElements.IMGUIContainer:HandleEvent(EventBase) (at C:\buildslave\unity\build\Runtime\UIElements\Managed\IMGUIContainer.cs:318)
UnityEngine.Experimental.UIElements.EventDispatcher:DispatchEvent(EventBase, IPanel) (at C:\buildslave\unity\build\Runtime\UIElements\Managed\EventDispatcher.cs:250)
UnityEngine.Experimental.UIElements.UIElementsUtility:DoDispatch(BaseVisualElementPanel) (at C:\buildslave\unity\build\Runtime\UIElements\Managed\UIElementsUtility.cs:256)
UnityEngine.Experimental.UIElements.UIElementsUtility:ProcessEvent(Int32, IntPtr) (at C:\buildslave\unity\build\Runtime\UIElements\Managed\UIElementsUtility.cs:78)
UnityEngine.GUIUtility:ProcessEvent(Int32, IntPtr) (at C:\buildslave\unity\build\Runtime\IMGUI\Managed\GUIUtility.cs:175)
 
(Filename: /Users/builduser/buildslave/mono/build/mcs/class/corlib/System.Reflection/MonoMethod.cs Line: 222)

 Mapping new ns http://schemas.android.com/repository/android/common/02 to old ns http://schemas.android.com/repository/android/common/01
UnityEngine.DebugLogHandler:Internal_Log(LogType, String, Object)
UnityEngine.DebugLogHandler:LogFormat(LogType, Object, String, Object[])
UnityEngine.Logger:Log(LogType, Object)
UnityEngine.Debug:LogWarning(Object)
UnityEditor.Android.AndroidSDKTools:DetectErrorsAndWarnings(String, String)
UnityEditor.Android.AndroidSDKTools:RunAndroidSdkTool(String, String, Boolean, WaitingForProcessToExit, String)
UnityEditor.Android.AndroidSDKTools:ListTargetPlatforms(WaitingForProcessToExit)
UnityEditor.Android.AndroidSDKTools:GetTopAndroidPlatformAvailable(WaitingForProcessToExit)
UnityEditor.Android.PostProcessor.Tasks.SDKPlatformDetector:GetVersion(AndroidSDKTools)
UnityEditor.Android.PostProcessor.Tasks.SDKComponentDetector:Detect(AndroidSDKTools, Version, ProgressHandler)
UnityEditor.Android.PostProcessor.Tasks.CheckAndroidSDK:EnsureSDKComponentVersion(Version, SDKComponentDetector)
UnityEditor.Android.PostProcessor.Tasks.CheckAndroidSDK:EnsureSDKComponentVersion(Int32, SDKComponentDetector)
UnityEditor.Android.PostProcessor.Tasks.CheckAndroidSDK:Execute(PostProcessorContext)
UnityEditor.Android.PostProcessor.PostProcessRunner:RunAllTasks(PostProcessorContext)
UnityEditor.Android.PostProcessAndroidPlayer:PrepareForBuild(BuildOptions, BuildTarget)
UnityEditor.Android.AndroidBuildPostprocessor:PrepareForBuild(BuildOptions, BuildTarget)
UnityEditor.PostprocessBuildPlayer:PrepareForBuild(BuildOptions, BuildTargetGroup, BuildTarget) (at C:\buildslave\unity\build\Editor\Mono\BuildPipeline\PostprocessBuildPlayer.cs:87)
UnityEditor.BuildPipeline:BuildPlayerInternalNoCheck(String[], String, String, BuildTargetGroup, BuildTarget, BuildOptions, Boolean)
UnityEditor.DefaultBuildMethods:BuildPlayer(BuildPlayerOptions) (at C:\buildslave\unity\build\Editor\Mono\BuildPlayerWindowBuildMethods.cs:164)
UnityEditor.BuildPlayerWindow:CallBuildMethods(Boolean, BuildOptions) (at C:\buildslave\unity\build\Editor\Mono\BuildPlayerWindowBuildMethods.cs:88)
UnityEditor.BuildPlayerWindow:GUIBuildButtons(IBuildWindowExtension, Boolean, Boolean, Boolean, BuildPlatform) (at C:\buildslave\unity\build\Editor\Mono\BuildPlayerWindow.cs:882)
UnityEditor.BuildPlayerWindow:ShowBuildTargetSettings() (at C:\buildslave\unity\build\Editor\Mono\BuildPlayerWindow.cs:812)
UnityEditor.BuildPlayerWindow:OnGUI() (at C:\buildslave\unity\build\Editor\Mono\BuildPlayerWindow.cs:426)
System.Reflection.MonoMethod:InternalInvoke(Object, Object[], Exception&)
System.Reflection.MonoMethod:Invoke(Object, BindingFlags, Binder, Object[], CultureInfo) (at /Users/builduser/buildslave/mono/build/mcs/class/corlib/System.Reflection/MonoMethod.cs:222)
System.Reflection.MethodBase:Invoke(Object, Object[]) (at /Users/builduser/buildslave/mono/build/mcs/class/corlib/System.Reflection/MethodBase.cs:115)
UnityEditor.HostView:Invoke(String, Object) (at C:\buildslave\unity\build\Editor\Mono\HostView.cs:295)
UnityEditor.HostView:Invoke(String) (at C:\buildslave\unity\build\Editor\Mono\HostView.cs:288)
UnityEditor.HostView:OldOnGUI() (at C:\buildslave\unity\build\Editor\Mono\HostView.cs:107)
UnityEngine.Experimental.UIElements.IMGUIContainer:DoOnGUI(Event) (at C:\buildslave\unity\build\Runtime\UIElements\Managed\IMGUIContainer.cs:183)
UnityEngine.Experimental.UIElements.IMGUIContainer:HandleIMGUIEvent(Event) (at C:\buildslave\unity\build\Runtime\UIElements\Managed\IMGUIContainer.cs:339)
UnityEngine.Experimental.UIElements.IMGUIContainer:HandleEvent(EventBase) (at C:\buildslave\unity\build\Runtime\UIElements\Managed\IMGUIContainer.cs:318)
UnityEngine.Experimental.UIElements.EventDispatcher:DispatchEvent(EventBase, IPanel) (at C:\buildslave\unity\build\Runtime\UIElements\Managed\EventDispatcher.cs:250)
UnityEngine.Experimental.UIElements.UIElementsUtility:DoDispatch(BaseVisualElementPanel) (at C:\buildslave\unity\build\Runtime\UIElements\Managed\UIElementsUtility.cs:256)
UnityEngine.Experimental.UIElements.UIElementsUtility:ProcessEvent(Int32, IntPtr) (at C:\buildslave\unity\build\Runtime\UIElements\Managed\UIElementsUtility.cs:78)
UnityEngine.GUIUtility:ProcessEvent(Int32, IntPtr) (at C:\buildslave\unity\build\Runtime\IMGUI\Managed\GUIUtility.cs:175)
 
(Filename: /Users/builduser/buildslave/mono/build/mcs/class/corlib/System.Reflection/MonoMethod.cs Line: 222)

 Mapping new ns http://schemas.android.com/repository/android/generic/02 to old ns http://schemas.android.com/repository/android/generic/01
UnityEngine.DebugLogHandler:Internal_Log(LogType, String, Object)
UnityEngine.DebugLogHandler:LogFormat(LogType, Object, String, Object[])
UnityEngine.Logger:Log(LogType, Object)
UnityEngine.Debug:LogWarning(Object)
UnityEditor.Android.AndroidSDKTools:DetectErrorsAndWarnings(String, String)
UnityEditor.Android.AndroidSDKTools:RunAndroidSdkTool(String, String, Boolean, WaitingForProcessToExit, String)
UnityEditor.Android.AndroidSDKTools:ListTargetPlatforms(WaitingForProcessToExit)
UnityEditor.Android.AndroidSDKTools:GetTopAndroidPlatformAvailable(WaitingForProcessToExit)
UnityEditor.Android.PostProcessor.Tasks.SDKPlatformDetector:GetVersion(AndroidSDKTools)
UnityEditor.Android.PostProcessor.Tasks.SDKComponentDetector:Detect(AndroidSDKTools, Version, ProgressHandler)
UnityEditor.Android.PostProcessor.Tasks.CheckAndroidSDK:EnsureSDKComponentVersion(Version, SDKComponentDetector)
UnityEditor.Android.PostProcessor.Tasks.CheckAndroidSDK:EnsureSDKComponentVersion(Int32, SDKComponentDetector)
UnityEditor.Android.PostProcessor.Tasks.CheckAndroidSDK:Execute(PostProcessorContext)
UnityEditor.Android.PostProcessor.PostProcessRunner:RunAllTasks(PostProcessorContext)
UnityEditor.Android.PostProcessAndroidPlayer:PrepareForBuild(BuildOptions, BuildTarget)
UnityEditor.Android.AndroidBuildPostprocessor:PrepareForBuild(BuildOptions, BuildTarget)
UnityEditor.PostprocessBuildPlayer:PrepareForBuild(BuildOptions, BuildTargetGroup, BuildTarget) (at C:\buildslave\unity\build\Editor\Mono\BuildPipeline\PostprocessBuildPlayer.cs:87)
UnityEditor.BuildPipeline:BuildPlayerInternalNoCheck(String[], String, String, BuildTargetGroup, BuildTarget, BuildOptions, Boolean)
UnityEditor.DefaultBuildMethods:BuildPlayer(BuildPlayerOptions) (at C:\buildslave\unity\build\Editor\Mono\BuildPlayerWindowBuildMethods.cs:164)
UnityEditor.BuildPlayerWindow:CallBuildMethods(Boolean, BuildOptions) (at C:\buildslave\unity\build\Editor\Mono\BuildPlayerWindowBuildMethods.cs:88)
UnityEditor.BuildPlayerWindow:GUIBuildButtons(IBuildWindowExtension, Boolean, Boolean, Boolean, BuildPlatform) (at C:\buildslave\unity\build\Editor\Mono\BuildPlayerWindow.cs:882)
UnityEditor.BuildPlayerWindow:ShowBuildTargetSettings() (at C:\buildslave\unity\build\Editor\Mono\BuildPlayerWindow.cs:812)
UnityEditor.BuildPlayerWindow:OnGUI() (at C:\buildslave\unity\build\Editor\Mono\BuildPlayerWindow.cs:426)
System.Reflection.MonoMethod:InternalInvoke(Object, Object[], Exception&)
System.Reflection.MonoMethod:Invoke(Object, BindingFlags, Binder, Object[], CultureInfo) (at /Users/builduser/buildslave/mono/build/mcs/class/corlib/System.Reflection/MonoMethod.cs:222)
System.Reflection.MethodBase:Invoke(Object, Object[]) (at /Users/builduser/buildslave/mono/build/mcs/class/corlib/System.Reflection/MethodBase.cs:115)
UnityEditor.HostView:Invoke(String, Object) (at C:\buildslave\unity\build\Editor\Mono\HostView.cs:295)
UnityEditor.HostView:Invoke(String) (at C:\buildslave\unity\build\Editor\Mono\HostView.cs:288)
UnityEditor.HostView:OldOnGUI() (at C:\buildslave\unity\build\Editor\Mono\HostView.cs:107)
UnityEngine.Experimental.UIElements.IMGUIContainer:DoOnGUI(Event) (at C:\buildslave\unity\build\Runtime\UIElements\Managed\IMGUIContainer.cs:183)
UnityEngine.Experimental.UIElements.IMGUIContainer:HandleIMGUIEvent(Event) (at C:\buildslave\unity\build\Runtime\UIElements\Managed\IMGUIContainer.cs:339)
UnityEngine.Experimental.UIElements.IMGUIContainer:HandleEvent(EventBase) (at C:\buildslave\unity\build\Runtime\UIElements\Managed\IMGUIContainer.cs:318)
UnityEngine.Experimental.UIElements.EventDispatcher:DispatchEvent(EventBase, IPanel) (at C:\buildslave\unity\build\Runtime\UIElements\Managed\EventDispatcher.cs:250)
UnityEngine.Experimental.UIElements.UIElementsUtility:DoDispatch(BaseVisualElementPanel) (at C:\buildslave\unity\build\Runtime\UIElements\Managed\UIElementsUtility.cs:256)
UnityEngine.Experimental.UIElements.UIElementsUtility:ProcessEvent(Int32, IntPtr) (at C:\buildslave\unity\build\Runtime\UIElements\Managed\UIElementsUtility.cs:78)
UnityEngine.GUIUtility:ProcessEvent(Int32, IntPtr) (at C:\buildslave\unity\build\Runtime\IMGUI\Managed\GUIUtility.cs:175)
 
(Filename: /Users/builduser/buildslave/mono/build/mcs/class/corlib/System.Reflection/MonoMethod.cs Line: 222)

 Mapping new ns http://schemas.android.com/sdk/android/repo/addon2/02 to old ns http://schemas.android.com/sdk/android/repo/addon2/01
UnityEngine.DebugLogHandler:Internal_Log(LogType, String, Object)
UnityEngine.DebugLogHandler:LogFormat(LogType, Object, String, Object[])
UnityEngine.Logger:Log(LogType, Object)
UnityEngine.Debug:LogWarning(Object)
UnityEditor.Android.AndroidSDKTools:DetectErrorsAndWarnings(String, String)
UnityEditor.Android.AndroidSDKTools:RunAndroidSdkTool(String, String, Boolean, WaitingForProcessToExit, String)
UnityEditor.Android.AndroidSDKTools:ListTargetPlatforms(WaitingForProcessToExit)
UnityEditor.Android.AndroidSDKTools:GetTopAndroidPlatformAvailable(WaitingForProcessToExit)
UnityEditor.Android.PostProcessor.Tasks.SDKPlatformDetector:GetVersion(AndroidSDKTools)
UnityEditor.Android.PostProcessor.Tasks.SDKComponentDetector:Detect(AndroidSDKTools, Version, ProgressHandler)
UnityEditor.Android.PostProcessor.Tasks.CheckAndroidSDK:EnsureSDKComponentVersion(Version, SDKComponentDetector)
UnityEditor.Android.PostProcessor.Tasks.CheckAndroidSDK:EnsureSDKComponentVersion(Int32, SDKComponentDetector)
UnityEditor.Android.PostProcessor.Tasks.CheckAndroidSDK:Execute(PostProcessorContext)
UnityEditor.Android.PostProcessor.PostProcessRunner:RunAllTasks(PostProcessorContext)
UnityEditor.Android.PostProcessAndroidPlayer:PrepareForBuild(BuildOptions, BuildTarget)
UnityEditor.Android.AndroidBuildPostprocessor:PrepareForBuild(BuildOptions, BuildTarget)
UnityEditor.PostprocessBuildPlayer:PrepareForBuild(BuildOptions, BuildTargetGroup, BuildTarget) (at C:\buildslave\unity\build\Editor\Mono\BuildPipeline\PostprocessBuildPlayer.cs:87)
UnityEditor.BuildPipeline:BuildPlayerInternalNoCheck(String[], String, String, BuildTargetGroup, BuildTarget, BuildOptions, Boolean)
UnityEditor.DefaultBuildMethods:BuildPlayer(BuildPlayerOptions) (at C:\buildslave\unity\build\Editor\Mono\BuildPlayerWindowBuildMethods.cs:164)
UnityEditor.BuildPlayerWindow:CallBuildMethods(Boolean, BuildOptions) (at C:\buildslave\unity\build\Editor\Mono\BuildPlayerWindowBuildMethods.cs:88)
UnityEditor.BuildPlayerWindow:GUIBuildButtons(IBuildWindowExtension, Boolean, Boolean, Boolean, BuildPlatform) (at C:\buildslave\unity\build\Editor\Mono\BuildPlayerWindow.cs:882)
UnityEditor.BuildPlayerWindow:ShowBuildTargetSettings() (at C:\buildslave\unity\build\Editor\Mono\BuildPlayerWindow.cs:812)
UnityEditor.BuildPlayerWindow:OnGUI() (at C:\buildslave\unity\build\Editor\Mono\BuildPlayerWindow.cs:426)
System.Reflection.MonoMethod:InternalInvoke(Object, Object[], Exception&)
System.Reflection.MonoMethod:Invoke(Object, BindingFlags, Binder, Object[], CultureInfo) (at /Users/builduser/buildslave/mono/build/mcs/class/corlib/System.Reflection/MonoMethod.cs:222)
System.Reflection.MethodBase:Invoke(Object, Object[]) (at /Users/builduser/buildslave/mono/build/mcs/class/corlib/System.Reflection/MethodBase.cs:115)
UnityEditor.HostView:Invoke(String, Object) (at C:\buildslave\unity\build\Editor\Mono\HostView.cs:295)
UnityEditor.HostView:Invoke(String) (at C:\buildslave\unity\build\Editor\Mono\HostView.cs:288)
UnityEditor.HostView:OldOnGUI() (at C:\buildslave\unity\build\Editor\Mono\HostView.cs:107)
UnityEngine.Experimental.UIElements.IMGUIContainer:DoOnGUI(Event) (at C:\buildslave\unity\build\Runtime\UIElements\Managed\IMGUIContainer.cs:183)
UnityEngine.Experimental.UIElements.IMGUIContainer:HandleIMGUIEvent(Event) (at C:\buildslave\unity\build\Runtime\UIElements\Managed\IMGUIContainer.cs:339)
UnityEngine.Experimental.UIElements.IMGUIContainer:HandleEvent(EventBase) (at C:\buildslave\unity\build\Runtime\UIElements\Managed\IMGUIContainer.cs:318)
UnityEngine.Experimental.UIElements.EventDispatcher:DispatchEvent(EventBase, IPanel) (at C:\buildslave\unity\build\Runtime\UIElements\Managed\EventDispatcher.cs:250)
UnityEngine.Experimental.UIElements.UIElementsUtility:DoDispatch(BaseVisualElementPanel) (at C:\buildslave\unity\build\Runtime\UIElements\Managed\UIElementsUtility.cs:256)
UnityEngine.Experimental.UIElements.UIElementsUtility:ProcessEvent(Int32, IntPtr) (at C:\buildslave\unity\build\Runtime\UIElements\Managed\UIElementsUtility.cs:78)
UnityEngine.GUIUtility:ProcessEvent(Int32, IntPtr) (at C:\buildslave\unity\build\Runtime\IMGUI\Managed\GUIUtility.cs:175)
 
(Filename: /Users/builduser/buildslave/mono/build/mcs/class/corlib/System.Reflection/MonoMethod.cs Line: 222)

 Mapping new ns http://schemas.android.com/sdk/android/repo/addon2/03 to old ns http://schemas.android.com/sdk/android/repo/addon2/01
UnityEngine.DebugLogHandler:Internal_Log(LogType, String, Object)
UnityEngine.DebugLogHandler:LogFormat(LogType, Object, String, Object[])
UnityEngine.Logger:Log(LogType, Object)
UnityEngine.Debug:LogWarning(Object)
UnityEditor.Android.AndroidSDKTools:DetectErrorsAndWarnings(String, String)
UnityEditor.Android.AndroidSDKTools:RunAndroidSdkTool(String, String, Boolean, WaitingForProcessToExit, String)
UnityEditor.Android.AndroidSDKTools:ListTargetPlatforms(WaitingForProcessToExit)
UnityEditor.Android.AndroidSDKTools:GetTopAndroidPlatformAvailable(WaitingForProcessToExit)
UnityEditor.Android.PostProcessor.Tasks.SDKPlatformDetector:GetVersion(AndroidSDKTools)
UnityEditor.Android.PostProcessor.Tasks.SDKComponentDetector:Detect(AndroidSDKTools, Version, ProgressHandler)
UnityEditor.Android.PostProcessor.Tasks.CheckAndroidSDK:EnsureSDKComponentVersion(Version, SDKComponentDetector)
UnityEditor.Android.PostProcessor.Tasks.CheckAndroidSDK:EnsureSDKComponentVersion(Int32, SDKComponentDetector)
UnityEditor.Android.PostProcessor.Tasks.CheckAndroidSDK:Execute(PostProcessorContext)
UnityEditor.Android.PostProcessor.PostProcessRunner:RunAllTasks(PostProcessorContext)
UnityEditor.Android.PostProcessAndroidPlayer:PrepareForBuild(BuildOptions, BuildTarget)
UnityEditor.Android.AndroidBuildPostprocessor:PrepareForBuild(BuildOptions, BuildTarget)
UnityEditor.PostprocessBuildPlayer:PrepareForBuild(BuildOptions, BuildTargetGroup, BuildTarget) (at C:\buildslave\unity\build\Editor\Mono\BuildPipeline\PostprocessBuildPlayer.cs:87)
UnityEditor.BuildPipeline:BuildPlayerInternalNoCheck(String[], String, String, BuildTargetGroup, BuildTarget, BuildOptions, Boolean)
UnityEditor.DefaultBuildMethods:BuildPlayer(BuildPlayerOptions) (at C:\buildslave\unity\build\Editor\Mono\BuildPlayerWindowBuildMethods.cs:164)
UnityEditor.BuildPlayerWindow:CallBuildMethods(Boolean, BuildOptions) (at C:\buildslave\unity\build\Editor\Mono\BuildPlayerWindowBuildMethods.cs:88)
UnityEditor.BuildPlayerWindow:GUIBuildButtons(IBuildWindowExtension, Boolean, Boolean, Boolean, BuildPlatform) (at C:\buildslave\unity\build\Editor\Mono\BuildPlayerWindow.cs:882)
UnityEditor.BuildPlayerWindow:ShowBuildTargetSettings() (at C:\buildslave\unity\build\Editor\Mono\BuildPlayerWindow.cs:812)
UnityEditor.BuildPlayerWindow:OnGUI() (at C:\buildslave\unity\build\Editor\Mono\BuildPlayerWindow.cs:426)
System.Reflection.MonoMethod:InternalInvoke(Object, Object[], Exception&)
System.Reflection.MonoMethod:Invoke(Object, BindingFlags, Binder, Object[], CultureInfo) (at /Users/builduser/buildslave/mono/build/mcs/class/corlib/System.Reflection/MonoMethod.cs:222)
System.Reflection.MethodBase:Invoke(Object, Object[]) (at /Users/builduser/buildslave/mono/build/mcs/class/corlib/System.Reflection/MethodBase.cs:115)
UnityEditor.HostView:Invoke(String, Object) (at C:\buildslave\unity\build\Editor\Mono\HostView.cs:295)
UnityEditor.HostView:Invoke(String) (at C:\buildslave\unity\build\Editor\Mono\HostView.cs:288)
UnityEditor.HostView:OldOnGUI() (at C:\buildslave\unity\build\Editor\Mono\HostView.cs:107)
UnityEngine.Experimental.UIElements.IMGUIContainer:DoOnGUI(Event) (at C:\buildslave\unity\build\Runtime\UIElements\Managed\IMGUIContainer.cs:183)
UnityEngine.Experimental.UIElements.IMGUIContainer:HandleIMGUIEvent(Event) (at C:\buildslave\unity\build\Runtime\UIElements\Managed\IMGUIContainer.cs:339)
UnityEngine.Experimental.UIElements.IMGUIContainer:HandleEvent(EventBase) (at C:\buildslave\unity\build\Runtime\UIElements\Managed\IMGUIContainer.cs:318)
UnityEngine.Experimental.UIElements.EventDispatcher:DispatchEvent(EventBase, IPanel) (at C:\buildslave\unity\build\Runtime\UIElements\Managed\EventDispatcher.cs:250)
UnityEngine.Experimental.UIElements.UIElementsUtility:DoDispatch(BaseVisualElementPanel) (at C:\buildslave\unity\build\Runtime\UIElements\Managed\UIElementsUtility.cs:256)
UnityEngine.Experimental.UIElements.UIElementsUtility:ProcessEvent(Int32, IntPtr) (at C:\buildslave\unity\build\Runtime\UIElements\Managed\UIElementsUtility.cs:78)
UnityEngine.GUIUtility:ProcessEvent(Int32, IntPtr) (at C:\buildslave\unity\build\Runtime\IMGUI\Managed\GUIUtility.cs:175)
 
(Filename: /Users/builduser/buildslave/mono/build/mcs/class/corlib/System.Reflection/MonoMethod.cs Line: 222)

 Mapping new ns http://schemas.android.com/sdk/android/repo/repository2/02 to old ns http://schemas.android.com/sdk/android/repo/repository2/01
UnityEngine.DebugLogHandler:Internal_Log(LogType, String, Object)
UnityEngine.DebugLogHandler:LogFormat(LogType, Object, String, Object[])
UnityEngine.Logger:Log(LogType, Object)
UnityEngine.Debug:LogWarning(Object)
UnityEditor.Android.AndroidSDKTools:DetectErrorsAndWarnings(String, String)
UnityEditor.Android.AndroidSDKTools:RunAndroidSdkTool(String, String, Boolean, WaitingForProcessToExit, String)
UnityEditor.Android.AndroidSDKTools:ListTargetPlatforms(WaitingForProcessToExit)
UnityEditor.Android.AndroidSDKTools:GetTopAndroidPlatformAvailable(WaitingForProcessToExit)
UnityEditor.Android.PostProcessor.Tasks.SDKPlatformDetector:GetVersion(AndroidSDKTools)
UnityEditor.Android.PostProcessor.Tasks.SDKComponentDetector:Detect(AndroidSDKTools, Version, ProgressHandler)
UnityEditor.Android.PostProcessor.Tasks.CheckAndroidSDK:EnsureSDKComponentVersion(Version, SDKComponentDetector)
UnityEditor.Android.PostProcessor.Tasks.CheckAndroidSDK:EnsureSDKComponentVersion(Int32, SDKComponentDetector)
UnityEditor.Android.PostProcessor.Tasks.CheckAndroidSDK:Execute(PostProcessorContext)
UnityEditor.Android.PostProcessor.PostProcessRunner:RunAllTasks(PostProcessorContext)
UnityEditor.Android.PostProcessAndroidPlayer:PrepareForBuild(BuildOptions, BuildTarget)
UnityEditor.Android.AndroidBuildPostprocessor:PrepareForBuild(BuildOptions, BuildTarget)
UnityEditor.PostprocessBuildPlayer:PrepareForBuild(BuildOptions, BuildTargetGroup, BuildTarget) (at C:\buildslave\unity\build\Editor\Mono\BuildPipeline\PostprocessBuildPlayer.cs:87)
UnityEditor.BuildPipeline:BuildPlayerInternalNoCheck(String[], String, String, BuildTargetGroup, BuildTarget, BuildOptions, Boolean)
UnityEditor.DefaultBuildMethods:BuildPlayer(BuildPlayerOptions) (at C:\buildslave\unity\build\Editor\Mono\BuildPlayerWindowBuildMethods.cs:164)
UnityEditor.BuildPlayerWindow:CallBuildMethods(Boolean, BuildOptions) (at C:\buildslave\unity\build\Editor\Mono\BuildPlayerWindowBuildMethods.cs:88)
UnityEditor.BuildPlayerWindow:GUIBuildButtons(IBuildWindowExtension, Boolean, Boolean, Boolean, BuildPlatform) (at C:\buildslave\unity\build\Editor\Mono\BuildPlayerWindow.cs:882)
UnityEditor.BuildPlayerWindow:ShowBuildTargetSettings() (at C:\buildslave\unity\build\Editor\Mono\BuildPlayerWindow.cs:812)
UnityEditor.BuildPlayerWindow:OnGUI() (at C:\buildslave\unity\build\Editor\Mono\BuildPlayerWindow.cs:426)
System.Reflection.MonoMethod:InternalInvoke(Object, Object[], Exception&)
System.Reflection.MonoMethod:Invoke(Object, BindingFlags, Binder, Object[], CultureInfo) (at /Users/builduser/buildslave/mono/build/mcs/class/corlib/System.Reflection/MonoMethod.cs:222)
System.Reflection.MethodBase:Invoke(Object, Object[]) (at /Users/builduser/buildslave/mono/build/mcs/class/corlib/System.Reflection/MethodBase.cs:115)
UnityEditor.HostView:Invoke(String, Object) (at C:\buildslave\unity\build\Editor\Mono\HostView.cs:295)
UnityEditor.HostView:Invoke(String) (at C:\buildslave\unity\build\Editor\Mono\HostView.cs:288)
UnityEditor.HostView:OldOnGUI() (at C:\buildslave\unity\build\Editor\Mono\HostView.cs:107)
UnityEngine.Experimental.UIElements.IMGUIContainer:DoOnGUI(Event) (at C:\buildslave\unity\build\Runtime\UIElements\Managed\IMGUIContainer.cs:183)
UnityEngine.Experimental.UIElements.IMGUIContainer:HandleIMGUIEvent(Event) (at C:\buildslave\unity\build\Runtime\UIElements\Managed\IMGUIContainer.cs:339)
UnityEngine.Experimental.UIElements.IMGUIContainer:HandleEvent(EventBase) (at C:\buildslave\unity\build\Runtime\UIElements\Managed\IMGUIContainer.cs:318)
UnityEngine.Experimental.UIElements.EventDispatcher:DispatchEvent(EventBase, IPanel) (at C:\buildslave\unity\build\Runtime\UIElements\Managed\EventDispatcher.cs:250)
UnityEngine.Experimental.UIElements.UIElementsUtility:DoDispatch(BaseVisualElementPanel) (at C:\buildslave\unity\build\Runtime\UIElements\Managed\UIElementsUtility.cs:256)
UnityEngine.Experimental.UIElements.UIElementsUtility:ProcessEvent(Int32, IntPtr) (at C:\buildslave\unity\build\Runtime\UIElements\Managed\UIElementsUtility.cs:78)
UnityEngine.GUIUtility:ProcessEvent(Int32, IntPtr) (at C:\buildslave\unity\build\Runtime\IMGUI\Managed\GUIUtility.cs:175)
 
(Filename: /Users/builduser/buildslave/mono/build/mcs/class/corlib/System.Reflection/MonoMethod.cs Line: 222)

 Mapping new ns http://schemas.android.com/sdk/android/repo/repository2/03 to old ns http://schemas.android.com/sdk/android/repo/repository2/01
UnityEngine.DebugLogHandler:Internal_Log(LogType, String, Object)
UnityEngine.DebugLogHandler:LogFormat(LogType, Object, String, Object[])
UnityEngine.Logger:Log(LogType, Object)
UnityEngine.Debug:LogWarning(Object)
UnityEditor.Android.AndroidSDKTools:DetectErrorsAndWarnings(String, String)
UnityEditor.Android.AndroidSDKTools:RunAndroidSdkTool(String, String, Boolean, WaitingForProcessToExit, String)
UnityEditor.Android.AndroidSDKTools:ListTargetPlatforms(WaitingForProcessToExit)
UnityEditor.Android.AndroidSDKTools:GetTopAndroidPlatformAvailable(WaitingForProcessToExit)
UnityEditor.Android.PostProcessor.Tasks.SDKPlatformDetector:GetVersion(AndroidSDKTools)
UnityEditor.Android.PostProcessor.Tasks.SDKComponentDetector:Detect(AndroidSDKTools, Version, ProgressHandler)
UnityEditor.Android.PostProcessor.Tasks.CheckAndroidSDK:EnsureSDKComponentVersion(Version, SDKComponentDetector)
UnityEditor.Android.PostProcessor.Tasks.CheckAndroidSDK:EnsureSDKComponentVersion(Int32, SDKComponentDetector)
UnityEditor.Android.PostProcessor.Tasks.CheckAndroidSDK:Execute(PostProcessorContext)
UnityEditor.Android.PostProcessor.PostProcessRunner:RunAllTasks(PostProcessorContext)
UnityEditor.Android.PostProcessAndroidPlayer:PrepareForBuild(BuildOptions, BuildTarget)
UnityEditor.Android.AndroidBuildPostprocessor:PrepareForBuild(BuildOptions, BuildTarget)
UnityEditor.PostprocessBuildPlayer:PrepareForBuild(BuildOptions, BuildTargetGroup, BuildTarget) (at C:\buildslave\unity\build\Editor\Mono\BuildPipeline\PostprocessBuildPlayer.cs:87)
UnityEditor.BuildPipeline:BuildPlayerInternalNoCheck(String[], String, String, BuildTargetGroup, BuildTarget, BuildOptions, Boolean)
UnityEditor.DefaultBuildMethods:BuildPlayer(BuildPlayerOptions) (at C:\buildslave\unity\build\Editor\Mono\BuildPlayerWindowBuildMethods.cs:164)
UnityEditor.BuildPlayerWindow:CallBuildMethods(Boolean, BuildOptions) (at C:\buildslave\unity\build\Editor\Mono\BuildPlayerWindowBuildMethods.cs:88)
UnityEditor.BuildPlayerWindow:GUIBuildButtons(IBuildWindowExtension, Boolean, Boolean, Boolean, BuildPlatform) (at C:\buildslave\unity\build\Editor\Mono\BuildPlayerWindow.cs:882)
UnityEditor.BuildPlayerWindow:ShowBuildTargetSettings() (at C:\buildslave\unity\build\Editor\Mono\BuildPlayerWindow.cs:812)
UnityEditor.BuildPlayerWindow:OnGUI() (at C:\buildslave\unity\build\Editor\Mono\BuildPlayerWindow.cs:426)
System.Reflection.MonoMethod:InternalInvoke(Object, Object[], Exception&)
System.Reflection.MonoMethod:Invoke(Object, BindingFlags, Binder, Object[], CultureInfo) (at /Users/builduser/buildslave/mono/build/mcs/class/corlib/System.Reflection/MonoMethod.cs:222)
System.Reflection.MethodBase:Invoke(Object, Object[]) (at /Users/builduser/buildslave/mono/build/mcs/class/corlib/System.Reflection/MethodBase.cs:115)
UnityEditor.HostView:Invoke(String, Object) (at C:\buildslave\unity\build\Editor\Mono\HostView.cs:295)
UnityEditor.HostView:Invoke(String) (at C:\buildslave\unity\build\Editor\Mono\HostView.cs:288)
UnityEditor.HostView:OldOnGUI() (at C:\buildslave\unity\build\Editor\Mono\HostView.cs:107)
UnityEngine.Experimental.UIElements.IMGUIContainer:DoOnGUI(Event) (at C:\buildslave\unity\build\Runtime\UIElements\Managed\IMGUIContainer.cs:183)
UnityEngine.Experimental.UIElements.IMGUIContainer:HandleIMGUIEvent(Event) (at C:\buildslave\unity\build\Runtime\UIElements\Managed\IMGUIContainer.cs:339)
UnityEngine.Experimental.UIElements.IMGUIContainer:HandleEvent(EventBase) (at C:\buildslave\unity\build\Runtime\UIElements\Managed\IMGUIContainer.cs:318)
UnityEngine.Experimental.UIElements.EventDispatcher:DispatchEvent(EventBase, IPanel) (at C:\buildslave\unity\build\Runtime\UIElements\Managed\EventDispatcher.cs:250)
UnityEngine.Experimental.UIElements.UIElementsUtility:DoDispatch(BaseVisualElementPanel) (at C:\buildslave\unity\build\Runtime\UIElements\Managed\UIElementsUtility.cs:256)
UnityEngine.Experimental.UIElements.UIElementsUtility:ProcessEvent(Int32, IntPtr) (at C:\buildslave\unity\build\Runtime\UIElements\Managed\UIElementsUtility.cs:78)
UnityEngine.GUIUtility:ProcessEvent(Int32, IntPtr) (at C:\buildslave\unity\build\Runtime\IMGUI\Managed\GUIUtility.cs:175)
 
(Filename: /Users/builduser/buildslave/mono/build/mcs/class/corlib/System.Reflection/MonoMethod.cs Line: 222)

 Mapping new ns http://schemas.android.com/sdk/android/repo/sys-img2/04 to old ns http://schemas.android.com/sdk/android/repo/sys-img2/01
UnityEngine.DebugLogHandler:Internal_Log(LogType, String, Object)
UnityEngine.DebugLogHandler:LogFormat(LogType, Object, String, Object[])
UnityEngine.Logger:Log(LogType, Object)
UnityEngine.Debug:LogWarning(Object)
UnityEditor.Android.AndroidSDKTools:DetectErrorsAndWarnings(String, String)
UnityEditor.Android.AndroidSDKTools:RunAndroidSdkTool(String, String, Boolean, WaitingForProcessToExit, String)
UnityEditor.Android.AndroidSDKTools:ListTargetPlatforms(WaitingForProcessToExit)
UnityEditor.Android.AndroidSDKTools:GetTopAndroidPlatformAvailable(WaitingForProcessToExit)
UnityEditor.Android.PostProcessor.Tasks.SDKPlatformDetector:GetVersion(AndroidSDKTools)
UnityEditor.Android.PostProcessor.Tasks.SDKComponentDetector:Detect(AndroidSDKTools, Version, ProgressHandler)
UnityEditor.Android.PostProcessor.Tasks.CheckAndroidSDK:EnsureSDKComponentVersion(Version, SDKComponentDetector)
UnityEditor.Android.PostProcessor.Tasks.CheckAndroidSDK:EnsureSDKComponentVersion(Int32, SDKComponentDetector)
UnityEditor.Android.PostProcessor.Tasks.CheckAndroidSDK:Execute(PostProcessorContext)
UnityEditor.Android.PostProcessor.PostProcessRunner:RunAllTasks(PostProcessorContext)
UnityEditor.Android.PostProcessAndroidPlayer:PrepareForBuild(BuildOptions, BuildTarget)
UnityEditor.Android.AndroidBuildPostprocessor:PrepareForBuild(BuildOptions, BuildTarget)
UnityEditor.PostprocessBuildPlayer:PrepareForBuild(BuildOptions, BuildTargetGroup, BuildTarget) (at C:\buildslave\unity\build\Editor\Mono\BuildPipeline\PostprocessBuildPlayer.cs:87)
UnityEditor.BuildPipeline:BuildPlayerInternalNoCheck(String[], String, String, BuildTargetGroup, BuildTarget, BuildOptions, Boolean)
UnityEditor.DefaultBuildMethods:BuildPlayer(BuildPlayerOptions) (at C:\buildslave\unity\build\Editor\Mono\BuildPlayerWindowBuildMethods.cs:164)
UnityEditor.BuildPlayerWindow:CallBuildMethods(Boolean, BuildOptions) (at C:\buildslave\unity\build\Editor\Mono\BuildPlayerWindowBuildMethods.cs:88)
UnityEditor.BuildPlayerWindow:GUIBuildButtons(IBuildWindowExtension, Boolean, Boolean, Boolean, BuildPlatform) (at C:\buildslave\unity\build\Editor\Mono\BuildPlayerWindow.cs:882)
UnityEditor.BuildPlayerWindow:ShowBuildTargetSettings() (at C:\buildslave\unity\build\Editor\Mono\BuildPlayerWindow.cs:812)
UnityEditor.BuildPlayerWindow:OnGUI() (at C:\buildslave\unity\build\Editor\Mono\BuildPlayerWindow.cs:426)
System.Reflection.MonoMethod:InternalInvoke(Object, Object[], Exception&)
System.Reflection.MonoMethod:Invoke(Object, BindingFlags, Binder, Object[], CultureInfo) (at /Users/builduser/buildslave/mono/build/mcs/class/corlib/System.Reflection/MonoMethod.cs:222)
System.Reflection.MethodBase:Invoke(Object, Object[]) (at /Users/builduser/buildslave/mono/build/mcs/class/corlib/System.Reflection/MethodBase.cs:115)
UnityEditor.HostView:Invoke(String, Object) (at C:\buildslave\unity\build\Editor\Mono\HostView.cs:295)
UnityEditor.HostView:Invoke(String) (at C:\buildslave\unity\build\Editor\Mono\HostView.cs:288)
UnityEditor.HostView:OldOnGUI() (at C:\buildslave\unity\build\Editor\Mono\HostView.cs:107)
UnityEngine.Experimental.UIElements.IMGUIContainer:DoOnGUI(Event) (at C:\buildslave\unity\build\Runtime\UIElements\Managed\IMGUIContainer.cs:183)
UnityEngine.Experimental.UIElements.IMGUIContainer:HandleIMGUIEvent(Event) (at C:\buildslave\unity\build\Runtime\UIElements\Managed\IMGUIContainer.cs:339)
UnityEngine.Experimental.UIElements.IMGUIContainer:HandleEvent(EventBase) (at C:\buildslave\unity\build\Runtime\UIElements\Managed\IMGUIContainer.cs:318)
UnityEngine.Experimental.UIElements.EventDispatcher:DispatchEvent(EventBase, IPanel) (at C:\buildslave\unity\build\Runtime\UIElements\Managed\EventDispatcher.cs:250)
UnityEngine.Experimental.UIElements.UIElementsUtility:DoDispatch(BaseVisualElementPanel) (at C:\buildslave\unity\build\Runtime\UIElements\Managed\UIElementsUtility.cs:256)
UnityEngine.Experimental.UIElements.UIElementsUtility:ProcessEvent(Int32, IntPtr) (at C:\buildslave\unity\build\Runtime\UIElements\Managed\UIElementsUtility.cs:78)
UnityEngine.GUIUtility:ProcessEvent(Int32, IntPtr) (at C:\buildslave\unity\build\Runtime\IMGUI\Managed\GUIUtility.cs:175)
 
(Filename: /Users/builduser/buildslave/mono/build/mcs/class/corlib/System.Reflection/MonoMethod.cs Line: 222)

 Mapping new ns http://schemas.android.com/sdk/android/repo/sys-img2/03 to old ns http://schemas.android.com/sdk/android/repo/sys-img2/01
UnityEngine.DebugLogHandler:Internal_Log(LogType, String, Object)
UnityEngine.DebugLogHandler:LogFormat(LogType, Object, String, Object[])
UnityEngine.Logger:Log(LogType, Object)
UnityEngine.Debug:LogWarning(Object)
UnityEditor.Android.AndroidSDKTools:DetectErrorsAndWarnings(String, String)
UnityEditor.Android.AndroidSDKTools:RunAndroidSdkTool(String, String, Boolean, WaitingForProcessToExit, String)
UnityEditor.Android.AndroidSDKTools:ListTargetPlatforms(WaitingForProcessToExit)
UnityEditor.Android.AndroidSDKTools:GetTopAndroidPlatformAvailable(WaitingForProcessToExit)
UnityEditor.Android.PostProcessor.Tasks.SDKPlatformDetector:GetVersion(AndroidSDKTools)
UnityEditor.Android.PostProcessor.Tasks.SDKComponentDetector:Detect(AndroidSDKTools, Version, ProgressHandler)
UnityEditor.Android.PostProcessor.Tasks.CheckAndroidSDK:EnsureSDKComponentVersion(Version, SDKComponentDetector)
UnityEditor.Android.PostProcessor.Tasks.CheckAndroidSDK:EnsureSDKComponentVersion(Int32, SDKComponentDetector)
UnityEditor.Android.PostProcessor.Tasks.CheckAndroidSDK:Execute(PostProcessorContext)
UnityEditor.Android.PostProcessor.PostProcessRunner:RunAllTasks(PostProcessorContext)
UnityEditor.Android.PostProcessAndroidPlayer:PrepareForBuild(BuildOptions, BuildTarget)
UnityEditor.Android.AndroidBuildPostprocessor:PrepareForBuild(BuildOptions, BuildTarget)
UnityEditor.PostprocessBuildPlayer:PrepareForBuild(BuildOptions, BuildTargetGroup, BuildTarget) (at C:\buildslave\unity\build\Editor\Mono\BuildPipeline\PostprocessBuildPlayer.cs:87)
UnityEditor.BuildPipeline:BuildPlayerInternalNoCheck(String[], String, String, BuildTargetGroup, BuildTarget, BuildOptions, Boolean)
UnityEditor.DefaultBuildMethods:BuildPlayer(BuildPlayerOptions) (at C:\buildslave\unity\build\Editor\Mono\BuildPlayerWindowBuildMethods.cs:164)
UnityEditor.BuildPlayerWindow:CallBuildMethods(Boolean, BuildOptions) (at C:\buildslave\unity\build\Editor\Mono\BuildPlayerWindowBuildMethods.cs:88)
UnityEditor.BuildPlayerWindow:GUIBuildButtons(IBuildWindowExtension, Boolean, Boolean, Boolean, BuildPlatform) (at C:\buildslave\unity\build\Editor\Mono\BuildPlayerWindow.cs:882)
UnityEditor.BuildPlayerWindow:ShowBuildTargetSettings() (at C:\buildslave\unity\build\Editor\Mono\BuildPlayerWindow.cs:812)
UnityEditor.BuildPlayerWindow:OnGUI() (at C:\buildslave\unity\build\Editor\Mono\BuildPlayerWindow.cs:426)
System.Reflection.MonoMethod:InternalInvoke(Object, Object[], Exception&)
System.Reflection.MonoMethod:Invoke(Object, BindingFlags, Binder, Object[], CultureInfo) (at /Users/builduser/buildslave/mono/build/mcs/class/corlib/System.Reflection/MonoMethod.cs:222)
System.Reflection.MethodBase:Invoke(Object, Object[]) (at /Users/builduser/buildslave/mono/build/mcs/class/corlib/System.Reflection/MethodBase.cs:115)
UnityEditor.HostView:Invoke(String, Object) (at C:\buildslave\unity\build\Editor\Mono\HostView.cs:295)
UnityEditor.HostView:Invoke(String) (at C:\buildslave\unity\build\Editor\Mono\HostView.cs:288)
UnityEditor.HostView:OldOnGUI() (at C:\buildslave\unity\build\Editor\Mono\HostView.cs:107)
UnityEngine.Experimental.UIElements.IMGUIContainer:DoOnGUI(Event) (at C:\buildslave\unity\build\Runtime\UIElements\Managed\IMGUIContainer.cs:183)
UnityEngine.Experimental.UIElements.IMGUIContainer:HandleIMGUIEvent(Event) (at C:\buildslave\unity\build\Runtime\UIElements\Managed\IMGUIContainer.cs:339)
UnityEngine.Experimental.UIElements.IMGUIContainer:HandleEvent(EventBase) (at C:\buildslave\unity\build\Runtime\UIElements\Managed\IMGUIContainer.cs:318)
UnityEngine.Experimental.UIElements.EventDispatcher:DispatchEvent(EventBase, IPanel) (at C:\buildslave\unity\build\Runtime\UIElements\Managed\EventDispatcher.cs:250)
UnityEngine.Experimental.UIElements.UIElementsUtility:DoDispatch(BaseVisualElementPanel) (at C:\buildslave\unity\build\Runtime\UIElements\Managed\UIElementsUtility.cs:256)
UnityEngine.Experimental.UIElements.UIElementsUtility:ProcessEvent(Int32, IntPtr) (at C:\buildslave\unity\build\Runtime\UIElements\Managed\UIElementsUtility.cs:78)
UnityEngine.GUIUtility:ProcessEvent(Int32, IntPtr) (at C:\buildslave\unity\build\Runtime\IMGUI\Managed\GUIUtility.cs:175)
 
(Filename: /Users/builduser/buildslave/mono/build/mcs/class/corlib/System.Reflection/MonoMethod.cs Line: 222)

 Mapping new ns http://schemas.android.com/sdk/android/repo/sys-img2/02 to old ns http://schemas.android.com/sdk/android/repo/sys-img2/01
UnityEngine.DebugLogHandler:Internal_Log(LogType, String, Object)
UnityEngine.DebugLogHandler:LogFormat(LogType, Object, String, Object[])
UnityEngine.Logger:Log(LogType, Object)
UnityEngine.Debug:LogWarning(Object)
UnityEditor.Android.AndroidSDKTools:DetectErrorsAndWarnings(String, String)
UnityEditor.Android.AndroidSDKTools:RunAndroidSdkTool(String, String, Boolean, WaitingForProcessToExit, String)
UnityEditor.Android.AndroidSDKTools:ListTargetPlatforms(WaitingForProcessToExit)
UnityEditor.Android.AndroidSDKTools:GetTopAndroidPlatformAvailable(WaitingForProcessToExit)
UnityEditor.Android.PostProcessor.Tasks.SDKPlatformDetector:GetVersion(AndroidSDKTools)
UnityEditor.Android.PostProcessor.Tasks.SDKComponentDetector:Detect(AndroidSDKTools, Version, ProgressHandler)
UnityEditor.Android.PostProcessor.Tasks.CheckAndroidSDK:EnsureSDKComponentVersion(Version, SDKComponentDetector)
UnityEditor.Android.PostProcessor.Tasks.CheckAndroidSDK:EnsureSDKComponentVersion(Int32, SDKComponentDetector)
UnityEditor.Android.PostProcessor.Tasks.CheckAndroidSDK:Execute(PostProcessorContext)
UnityEditor.Android.PostProcessor.PostProcessRunner:RunAllTasks(PostProcessorContext)
UnityEditor.Android.PostProcessAndroidPlayer:PrepareForBuild(BuildOptions, BuildTarget)
UnityEditor.Android.AndroidBuildPostprocessor:PrepareForBuild(BuildOptions, BuildTarget)
UnityEditor.PostprocessBuildPlayer:PrepareForBuild(BuildOptions, BuildTargetGroup, BuildTarget) (at C:\buildslave\unity\build\Editor\Mono\BuildPipeline\PostprocessBuildPlayer.cs:87)
UnityEditor.BuildPipeline:BuildPlayerInternalNoCheck(String[], String, String, BuildTargetGroup, BuildTarget, BuildOptions, Boolean)
UnityEditor.DefaultBuildMethods:BuildPlayer(BuildPlayerOptions) (at C:\buildslave\unity\build\Editor\Mono\BuildPlayerWindowBuildMethods.cs:164)
UnityEditor.BuildPlayerWindow:CallBuildMethods(Boolean, BuildOptions) (at C:\buildslave\unity\build\Editor\Mono\BuildPlayerWindowBuildMethods.cs:88)
UnityEditor.BuildPlayerWindow:GUIBuildButtons(IBuildWindowExtension, Boolean, Boolean, Boolean, BuildPlatform) (at C:\buildslave\unity\build\Editor\Mono\BuildPlayerWindow.cs:882)
UnityEditor.BuildPlayerWindow:ShowBuildTargetSettings() (at C:\buildslave\unity\build\Editor\Mono\BuildPlayerWindow.cs:812)
UnityEditor.BuildPlayerWindow:OnGUI() (at C:\buildslave\unity\build\Editor\Mono\BuildPlayerWindow.cs:426)
System.Reflection.MonoMethod:InternalInvoke(Object, Object[], Exception&)
System.Reflection.MonoMethod:Invoke(Object, BindingFlags, Binder, Object[], CultureInfo) (at /Users/builduser/buildslave/mono/build/mcs/class/corlib/System.Reflection/MonoMethod.cs:222)
System.Reflection.MethodBase:Invoke(Object, Object[]) (at /Users/builduser/buildslave/mono/build/mcs/class/corlib/System.Reflection/MethodBase.cs:115)
UnityEditor.HostView:Invoke(String, Object) (at C:\buildslave\unity\build\Editor\Mono\HostView.cs:295)
UnityEditor.HostView:Invoke(String) (at C:\buildslave\unity\build\Editor\Mono\HostView.cs:288)
UnityEditor.HostView:OldOnGUI() (at C:\buildslave\unity\build\Editor\Mono\HostView.cs:107)
UnityEngine.Experimental.UIElements.IMGUIContainer:DoOnGUI(Event) (at C:\buildslave\unity\build\Runtime\UIElements\Managed\IMGUIContainer.cs:183)
UnityEngine.Experimental.UIElements.IMGUIContainer:HandleIMGUIEvent(Event) (at C:\buildslave\unity\build\Runtime\UIElements\Managed\IMGUIContainer.cs:339)
UnityEngine.Experimental.UIElements.IMGUIContainer:HandleEvent(EventBase) (at C:\buildslave\unity\build\Runtime\UIElements\Managed\IMGUIContainer.cs:318)
UnityEngine.Experimental.UIElements.EventDispatcher:DispatchEvent(EventBase, IPanel) (at C:\buildslave\unity\build\Runtime\UIElements\Managed\EventDispatcher.cs:250)
UnityEngine.Experimental.UIElements.UIElementsUtility:DoDispatch(BaseVisualElementPanel) (at C:\buildslave\unity\build\Runtime\UIElements\Managed\UIElementsUtility.cs:256)
UnityEngine.Experimental.UIElements.UIElementsUtility:ProcessEvent(Int32, IntPtr) (at C:\buildslave\unity\build\Runtime\UIElements\Managed\UIElementsUtility.cs:78)
UnityEngine.GUIUtility:ProcessEvent(Int32, IntPtr) (at C:\buildslave\unity\build\Runtime\IMGUI\Managed\GUIUtility.cs:175)
 
(Filename: /Users/builduser/buildslave/mono/build/mcs/class/corlib/System.Reflection/MonoMethod.cs Line: 222)

 cvc-complex-type.2.4.a: Se ha encontrado contenido no v�lido a partir del elemento 'base-extension'. Se esperaba uno de '{layoutlib}'.
UnityEngine.DebugLogHandler:Internal_Log(LogType, String, Object)
UnityEngine.DebugLogHandler:LogFormat(LogType, Object, String, Object[])
UnityEngine.Logger:Log(LogType, Object)
UnityEngine.Debug:LogWarning(Object)
UnityEditor.Android.AndroidSDKTools:DetectErrorsAndWarnings(String, String)
UnityEditor.Android.AndroidSDKTools:RunAndroidSdkTool(String, String, Boolean, WaitingForProcessToExit, String)
UnityEditor.Android.AndroidSDKTools:ListTargetPlatforms(WaitingForProcessToExit)
UnityEditor.Android.AndroidSDKTools:GetTopAndroidPlatformAvailable(WaitingForProcessToExit)
UnityEditor.Android.PostProcessor.Tasks.SDKPlatformDetector:GetVersion(AndroidSDKTools)
UnityEditor.Android.PostProcessor.Tasks.SDKComponentDetector:Detect(AndroidSDKTools, Version, ProgressHandler)
UnityEditor.Android.PostProcessor.Tasks.CheckAndroidSDK:EnsureSDKComponentVersion(Version, SDKComponentDetector)
UnityEditor.Android.PostProcessor.Tasks.CheckAndroidSDK:EnsureSDKComponentVersion(Int32, SDKComponentDetector)
UnityEditor.Android.PostProcessor.Tasks.CheckAndroidSDK:Execute(PostProcessorContext)
UnityEditor.Android.PostProcessor.PostProcessRunner:RunAllTasks(PostProcessorContext)
UnityEditor.Android.PostProcessAndroidPlayer:PrepareForBuild(BuildOptions, BuildTarget)
UnityEditor.Android.AndroidBuildPostprocessor:PrepareForBuild(BuildOptions, BuildTarget)
UnityEditor.PostprocessBuildPlayer:PrepareForBuild(BuildOptions, BuildTargetGroup, BuildTarget) (at C:\buildslave\unity\build\Editor\Mono\BuildPipeline\PostprocessBuildPlayer.cs:87)
UnityEditor.BuildPipeline:BuildPlayerInternalNoCheck(String[], String, String, BuildTargetGroup, BuildTarget, BuildOptions, Boolean)
UnityEditor.DefaultBuildMethods:BuildPlayer(BuildPlayerOptions) (at C:\buildslave\unity\build\Editor\Mono\BuildPlayerWindowBuildMethods.cs:164)
UnityEditor.BuildPlayerWindow:CallBuildMethods(Boolean, BuildOptions) (at C:\buildslave\unity\build\Editor\Mono\BuildPlayerWindowBuildMethods.cs:88)
UnityEditor.BuildPlayerWindow:GUIBuildButtons(IBuildWindowExtension, Boolean, Boolean, Boolean, BuildPlatform) (at C:\buildslave\unity\build\Editor\Mono\BuildPlayerWindow.cs:882)
UnityEditor.BuildPlayerWindow:ShowBuildTargetSettings() (at C:\buildslave\unity\build\Editor\Mono\BuildPlayerWindow.cs:812)
UnityEditor.BuildPlayerWindow:OnGUI() (at C:\buildslave\unity\build\Editor\Mono\BuildPlayerWindow.cs:426)
System.Reflection.MonoMethod:InternalInvoke(Object, Object[], Exception&)
System.Reflection.MonoMethod:Invoke(Object, BindingFlags, Binder, Object[], CultureInfo) (at /Users/builduser/buildslave/mono/build/mcs/class/corlib/System.Reflection/MonoMethod.cs:222)
System.Reflection.MethodBase:Invoke(Object, Object[]) (at /Users/builduser/buildslave/mono/build/mcs/class/corlib/System.Reflection/MethodBase.cs:115)
UnityEditor.HostView:Invoke(String, Object) (at C:\buildslave\unity\build\Editor\Mono\HostView.cs:295)
UnityEditor.HostView:Invoke(String) (at C:\buildslave\unity\build\Editor\Mono\HostView.cs:288)
UnityEditor.HostView:OldOnGUI() (at C:\buildslave\unity\build\Editor\Mono\HostView.cs:107)
UnityEngine.Experimental.UIElements.IMGUIContainer:DoOnGUI(Event) (at C:\buildslave\unity\build\Runtime\UIElements\Managed\IMGUIContainer.cs:183)
UnityEngine.Experimental.UIElements.IMGUIContainer:HandleIMGUIEvent(Event) (at C:\buildslave\unity\build\Runtime\UIElements\Managed\IMGUIContainer.cs:339)
UnityEngine.Experimental.UIElements.IMGUIContainer:HandleEvent(EventBase) (at C:\buildslave\unity\build\Runtime\UIElements\Managed\IMGUIContainer.cs:318)
UnityEngine.Experimental.UIElements.EventDispatcher:DispatchEvent(EventBase, IPanel) (at C:\buildslave\unity\build\Runtime\UIElements\Managed\EventDispatcher.cs:250)
UnityEngine.Experimental.UIElements.UIElementsUtility:DoDispatch(BaseVisualElementPanel) (at C:\buildslave\unity\build\Runtime\UIElements\Managed\UIElementsUtility.cs:256)
UnityEngine.Experimental.UIElements.UIElementsUtility:ProcessEvent(Int32, IntPtr) (at C:\buildslave\unity\build\Runtime\UIElements\Managed\UIElementsUtility.cs:78)
UnityEngine.GUIUtility:ProcessEvent(Int32, IntPtr) (at C:\buildslave\unity\build\Runtime\IMGUI\Managed\GUIUtility.cs:175)
 
(Filename: /Users/builduser/buildslave/mono/build/mcs/class/corlib/System.Reflection/MonoMethod.cs Line: 222)

 elemento inesperado (URI:"", local:"base-extension"). Los elementos esperados son <{}codename>,<{}layoutlib>,<{}api-level>
UnityEngine.DebugLogHandler:Internal_Log(LogType, String, Object)
UnityEngine.DebugLogHandler:LogFormat(LogType, Object, String, Object[])
UnityEngine.Logger:Log(LogType, Object)
UnityEngine.Debug:LogWarning(Object)
UnityEditor.Android.AndroidSDKTools:DetectErrorsAndWarnings(String, String)
UnityEditor.Android.AndroidSDKTools:RunAndroidSdkTool(String, String, Boolean, WaitingForProcessToExit, String)
UnityEditor.Android.AndroidSDKTools:ListTargetPlatforms(WaitingForProcessToExit)
UnityEditor.Android.AndroidSDKTools:GetTopAndroidPlatformAvailable(WaitingForProcessToExit)
UnityEditor.Android.PostProcessor.Tasks.SDKPlatformDetector:GetVersion(AndroidSDKTools)
UnityEditor.Android.PostProcessor.Tasks.SDKComponentDetector:Detect(AndroidSDKTools, Version, ProgressHandler)
UnityEditor.Android.PostProcessor.Tasks.CheckAndroidSDK:EnsureSDKComponentVersion(Version, SDKComponentDetector)
UnityEditor.Android.PostProcessor.Tasks.CheckAndroidSDK:EnsureSDKComponentVersion(Int32, SDKComponentDetector)
UnityEditor.Android.PostProcessor.Tasks.CheckAndroidSDK:Execute(PostProcessorContext)
UnityEditor.Android.PostProcessor.PostProcessRunner:RunAllTasks(PostProcessorContext)
UnityEditor.Android.PostProcessAndroidPlayer:PrepareForBuild(BuildOptions, BuildTarget)
UnityEditor.Android.AndroidBuildPostprocessor:PrepareForBuild(BuildOptions, BuildTarget)
UnityEditor.PostprocessBuildPlayer:PrepareForBuild(BuildOptions, BuildTargetGroup, BuildTarget) (at C:\buildslave\unity\build\Editor\Mono\BuildPipeline\PostprocessBuildPlayer.cs:87)
UnityEditor.BuildPipeline:BuildPlayerInternalNoCheck(String[], String, String, BuildTargetGroup, BuildTarget, BuildOptions, Boolean)
UnityEditor.DefaultBuildMethods:BuildPlayer(BuildPlayerOptions) (at C:\buildslave\unity\build\Editor\Mono\BuildPlayerWindowBuildMethods.cs:164)
UnityEditor.BuildPlayerWindow:CallBuildMethods(Boolean, BuildOptions) (at C:\buildslave\unity\build\Editor\Mono\BuildPlayerWindowBuildMethods.cs:88)
UnityEditor.BuildPlayerWindow:GUIBuildButtons(IBuildWindowExtension, Boolean, Boolean, Boolean, BuildPlatform) (at C:\buildslave\unity\build\Editor\Mono\BuildPlayerWindow.cs:882)
UnityEditor.BuildPlayerWindow:ShowBuildTargetSettings() (at C:\buildslave\unity\build\Editor\Mono\BuildPlayerWindow.cs:812)
UnityEditor.BuildPlayerWindow:OnGUI() (at C:\buildslave\unity\build\Editor\Mono\BuildPlayerWindow.cs:426)
System.Reflection.MonoMethod:InternalInvoke(Object, Object[], Exception&)
System.Reflection.MonoMethod:Invoke(Object, BindingFlags, Binder, Object[], CultureInfo) (at /Users/builduser/buildslave/mono/build/mcs/class/corlib/System.Reflection/MonoMethod.cs:222)
System.Reflection.MethodBase:Invoke(Object, Object[]) (at /Users/builduser/buildslave/mono/build/mcs/class/corlib/System.Reflection/MethodBase.cs:115)
UnityEditor.HostView:Invoke(String, Object) (at C:\buildslave\unity\build\Editor\Mono\HostView.cs:295)
UnityEditor.HostView:Invoke(String) (at C:\buildslave\unity\build\Editor\Mono\HostView.cs:288)
UnityEditor.HostView:OldOnGUI() (at C:\buildslave\unity\build\Editor\Mono\HostView.cs:107)
UnityEngine.Experimental.UIElements.IMGUIContainer:DoOnGUI(Event) (at C:\buildslave\unity\build\Runtime\UIElements\Managed\IMGUIContainer.cs:183)
UnityEngine.Experimental.UIElements.IMGUIContainer:HandleIMGUIEvent(Event) (at C:\buildslave\unity\build\Runtime\UIElements\Managed\IMGUIContainer.cs:339)
UnityEngine.Experimental.UIElements.IMGUIContainer:HandleEvent(EventBase) (at C:\buildslave\unity\build\Runtime\UIElements\Managed\IMGUIContainer.cs:318)
UnityEngine.Experimental.UIElements.EventDispatcher:DispatchEvent(EventBase, IPanel) (at C:\buildslave\unity\build\Runtime\UIElements\Managed\EventDispatcher.cs:250)
UnityEngine.Experimental.UIElements.UIElementsUtility:DoDispatch(BaseVisualElementPanel) (at C:\buildslave\unity\build\Runtime\UIElements\Managed\UIElementsUtility.cs:256)
UnityEngine.Experimental.UIElements.UIElementsUtility:ProcessEvent(Int32, IntPtr) (at C:\buildslave\unity\build\Runtime\UIElements\Managed\UIElementsUtility.cs:78)
UnityEngine.GUIUtility:ProcessEvent(Int32, IntPtr) (at C:\buildslave\unity\build\Runtime\IMGUI\Managed\GUIUtility.cs:175)
 
(Filename: /Users/builduser/buildslave/mono/build/mcs/class/corlib/System.Reflection/MonoMethod.cs Line: 222)

 Mapping new ns http://schemas.android.com/repository/android/common/02 to old ns http://schemas.android.com/repository/android/common/01
UnityEngine.DebugLogHandler:Internal_Log(LogType, String, Object)
UnityEngine.DebugLogHandler:LogFormat(LogType, Object, String, Object[])
UnityEngine.Logger:Log(LogType, Object)
UnityEngine.Debug:LogWarning(Object)
UnityEditor.Android.AndroidSDKTools:DetectErrorsAndWarnings(String, String)
UnityEditor.Android.AndroidSDKTools:RunAndroidSdkTool(String, String, Boolean, WaitingForProcessToExit, String)
UnityEditor.Android.AndroidSDKTools:ListTargetPlatforms(WaitingForProcessToExit)
UnityEditor.Android.AndroidSDKTools:GetTopAndroidPlatformAvailable(WaitingForProcessToExit)
UnityEditor.Android.PostProcessor.Tasks.SDKPlatformDetector:GetVersion(AndroidSDKTools)
UnityEditor.Android.PostProcessor.Tasks.SDKComponentDetector:Detect(AndroidSDKTools, Version, ProgressHandler)
UnityEditor.Android.PostProcessor.Tasks.CheckAndroidSDK:EnsureSDKComponentVersion(Version, SDKComponentDetector)
UnityEditor.Android.PostProcessor.Tasks.CheckAndroidSDK:EnsureSDKComponentVersion(Int32, SDKComponentDetector)
UnityEditor.Android.PostProcessor.Tasks.CheckAndroidSDK:Execute(PostProcessorContext)
UnityEditor.Android.PostProcessor.PostProcessRunner:RunAllTasks(PostProcessorContext)
UnityEditor.Android.PostProcessAndroidPlayer:PrepareForBuild(BuildOptions, BuildTarget)
UnityEditor.Android.AndroidBuildPostprocessor:PrepareForBuild(BuildOptions, BuildTarget)
UnityEditor.PostprocessBuildPlayer:PrepareForBuild(BuildOptions, BuildTargetGroup, BuildTarget) (at C:\buildslave\unity\build\Editor\Mono\BuildPipeline\PostprocessBuildPlayer.cs:87)
UnityEditor.BuildPipeline:BuildPlayerInternalNoCheck(String[], String, String, BuildTargetGroup, BuildTarget, BuildOptions, Boolean)
UnityEditor.DefaultBuildMethods:BuildPlayer(BuildPlayerOptions) (at C:\buildslave\unity\build\Editor\Mono\BuildPlayerWindowBuildMethods.cs:164)
UnityEditor.BuildPlayerWindow:CallBuildMethods(Boolean, BuildOptions) (at C:\buildslave\unity\build\Editor\Mono\BuildPlayerWindowBuildMethods.cs:88)
UnityEditor.BuildPlayerWindow:GUIBuildButtons(IBuildWindowExtension, Boolean, Boolean, Boolean, BuildPlatform) (at C:\buildslave\unity\build\Editor\Mono\BuildPlayerWindow.cs:882)
UnityEditor.BuildPlayerWindow:ShowBuildTargetSettings() (at C:\buildslave\unity\build\Editor\Mono\BuildPlayerWindow.cs:812)
UnityEditor.BuildPlayerWindow:OnGUI() (at C:\buildslave\unity\build\Editor\Mono\BuildPlayerWindow.cs:426)
System.Reflection.MonoMethod:InternalInvoke(Object, Object[], Exception&)
System.Reflection.MonoMethod:Invoke(Object, BindingFlags, Binder, Object[], CultureInfo) (at /Users/builduser/buildslave/mono/build/mcs/class/corlib/System.Reflection/MonoMethod.cs:222)
System.Reflection.MethodBase:Invoke(Object, Object[]) (at /Users/builduser/buildslave/mono/build/mcs/class/corlib/System.Reflection/MethodBase.cs:115)
UnityEditor.HostView:Invoke(String, Object) (at C:\buildslave\unity\build\Editor\Mono\HostView.cs:295)
UnityEditor.HostView:Invoke(String) (at C:\buildslave\unity\build\Editor\Mono\HostView.cs:288)
UnityEditor.HostView:OldOnGUI() (at C:\buildslave\unity\build\Editor\Mono\HostView.cs:107)
UnityEngine.Experimental.UIElements.IMGUIContainer:DoOnGUI(Event) (at C:\buildslave\unity\build\Runtime\UIElements\Managed\IMGUIContainer.cs:183)
UnityEngine.Experimental.UIElements.IMGUIContainer:HandleIMGUIEvent(Event) (at C:\buildslave\unity\build\Runtime\UIElements\Managed\IMGUIContainer.cs:339)
UnityEngine.Experimental.UIElements.IMGUIContainer:HandleEvent(EventBase) (at C:\buildslave\unity\build\Runtime\UIElements\Managed\IMGUIContainer.cs:318)
UnityEngine.Experimental.UIElements.EventDispatcher:DispatchEvent(EventBase, IPanel) (at C:\buildslave\unity\build\Runtime\UIElements\Managed\EventDispatcher.cs:250)
UnityEngine.Experimental.UIElements.UIElementsUtility:DoDispatch(BaseVisualElementPanel) (at C:\buildslave\unity\build\Runtime\UIElements\Managed\UIElementsUtility.cs:256)
UnityEngine.Experimental.UIElements.UIElementsUtility:ProcessEvent(Int32, IntPtr) (at C:\buildslave\unity\build\Runtime\UIElements\Managed\UIElementsUtility.cs:78)
UnityEngine.GUIUtility:ProcessEvent(Int32, IntPtr) (at C:\buildslave\unity\build\Runtime\IMGUI\Managed\GUIUtility.cs:175)
 
(Filename: /Users/builduser/buildslave/mono/build/mcs/class/corlib/System.Reflection/MonoMethod.cs Line: 222)

 Mapping new ns http://schemas.android.com/repository/android/generic/02 to old ns http://schemas.android.com/repository/android/generic/01
UnityEngine.DebugLogHandler:Internal_Log(LogType, String, Object)
UnityEngine.DebugLogHandler:LogFormat(LogType, Object, String, Object[])
UnityEngine.Logger:Log(LogType, Object)
UnityEngine.Debug:LogWarning(Object)
UnityEditor.Android.AndroidSDKTools:DetectErrorsAndWarnings(String, String)
UnityEditor.Android.AndroidSDKTools:RunAndroidSdkTool(String, String, Boolean, WaitingForProcessToExit, String)
UnityEditor.Android.AndroidSDKTools:ListTargetPlatforms(WaitingForProcessToExit)
UnityEditor.Android.AndroidSDKTools:GetTopAndroidPlatformAvailable(WaitingForProcessToExit)
UnityEditor.Android.PostProcessor.Tasks.SDKPlatformDetector:GetVersion(AndroidSDKTools)
UnityEditor.Android.PostProcessor.Tasks.SDKComponentDetector:Detect(AndroidSDKTools, Version, ProgressHandler)
UnityEditor.Android.PostProcessor.Tasks.CheckAndroidSDK:EnsureSDKComponentVersion(Version, SDKComponentDetector)
UnityEditor.Android.PostProcessor.Tasks.CheckAndroidSDK:EnsureSDKComponentVersion(Int32, SDKComponentDetector)
UnityEditor.Android.PostProcessor.Tasks.CheckAndroidSDK:Execute(PostProcessorContext)
UnityEditor.Android.PostProcessor.PostProcessRunner:RunAllTasks(PostProcessorContext)
UnityEditor.Android.PostProcessAndroidPlayer:PrepareForBuild(BuildOptions, BuildTarget)
UnityEditor.Android.AndroidBuildPostprocessor:PrepareForBuild(BuildOptions, BuildTarget)
UnityEditor.PostprocessBuildPlayer:PrepareForBuild(BuildOptions, BuildTargetGroup, BuildTarget) (at C:\buildslave\unity\build\Editor\Mono\BuildPipeline\PostprocessBuildPlayer.cs:87)
UnityEditor.BuildPipeline:BuildPlayerInternalNoCheck(String[], String, String, BuildTargetGroup, BuildTarget, BuildOptions, Boolean)
UnityEditor.DefaultBuildMethods:BuildPlayer(BuildPlayerOptions) (at C:\buildslave\unity\build\Editor\Mono\BuildPlayerWindowBuildMethods.cs:164)
UnityEditor.BuildPlayerWindow:CallBuildMethods(Boolean, BuildOptions) (at C:\buildslave\unity\build\Editor\Mono\BuildPlayerWindowBuildMethods.cs:88)
UnityEditor.BuildPlayerWindow:GUIBuildButtons(IBuildWindowExtension, Boolean, Boolean, Boolean, BuildPlatform) (at C:\buildslave\unity\build\Editor\Mono\BuildPlayerWindow.cs:882)
UnityEditor.BuildPlayerWindow:ShowBuildTargetSettings() (at C:\buildslave\unity\build\Editor\Mono\BuildPlayerWindow.cs:812)
UnityEditor.BuildPlayerWindow:OnGUI() (at C:\buildslave\unity\build\Editor\Mono\BuildPlayerWindow.cs:426)
System.Reflection.MonoMethod:InternalInvoke(Object, Object[], Exception&)
System.Reflection.MonoMethod:Invoke(Object, BindingFlags, Binder, Object[], CultureInfo) (at /Users/builduser/buildslave/mono/build/mcs/class/corlib/System.Reflection/MonoMethod.cs:222)
System.Reflection.MethodBase:Invoke(Object, Object[]) (at /Users/builduser/buildslave/mono/build/mcs/class/corlib/System.Reflection/MethodBase.cs:115)
UnityEditor.HostView:Invoke(String, Object) (at C:\buildslave\unity\build\Editor\Mono\HostView.cs:295)
UnityEditor.HostView:Invoke(String) (at C:\buildslave\unity\build\Editor\Mono\HostView.cs:288)
UnityEditor.HostView:OldOnGUI() (at C:\buildslave\unity\build\Editor\Mono\HostView.cs:107)
UnityEngine.Experimental.UIElements.IMGUIContainer:DoOnGUI(Event) (at C:\buildslave\unity\build\Runtime\UIElements\Managed\IMGUIContainer.cs:183)
UnityEngine.Experimental.UIElements.IMGUIContainer:HandleIMGUIEvent(Event) (at C:\buildslave\unity\build\Runtime\UIElements\Managed\IMGUIContainer.cs:339)
UnityEngine.Experimental.UIElements.IMGUIContainer:HandleEvent(EventBase) (at C:\buildslave\unity\build\Runtime\UIElements\Managed\IMGUIContainer.cs:318)
UnityEngine.Experimental.UIElements.EventDispatcher:DispatchEvent(EventBase, IPanel) (at C:\buildslave\unity\build\Runtime\UIElements\Managed\EventDispatcher.cs:250)
UnityEngine.Experimental.UIElements.UIElementsUtility:DoDispatch(BaseVisualElementPanel) (at C:\buildslave\unity\build\Runtime\UIElements\Managed\UIElementsUtility.cs:256)
UnityEngine.Experimental.UIElements.UIElementsUtility:ProcessEvent(Int32, IntPtr) (at C:\buildslave\unity\build\Runtime\UIElements\Managed\UIElementsUtility.cs:78)
UnityEngine.GUIUtility:ProcessEvent(Int32, IntPtr) (at C:\buildslave\unity\build\Runtime\IMGUI\Managed\GUIUtility.cs:175)
 
(Filename: /Users/builduser/buildslave/mono/build/mcs/class/corlib/System.Reflection/MonoMethod.cs Line: 222)

 Mapping new ns http://schemas.android.com/sdk/android/repo/addon2/02 to old ns http://schemas.android.com/sdk/android/repo/addon2/01
UnityEngine.DebugLogHandler:Internal_Log(LogType, String, Object)
UnityEngine.DebugLogHandler:LogFormat(LogType, Object, String, Object[])
UnityEngine.Logger:Log(LogType, Object)
UnityEngine.Debug:LogWarning(Object)
UnityEditor.Android.AndroidSDKTools:DetectErrorsAndWarnings(String, String)
UnityEditor.Android.AndroidSDKTools:RunAndroidSdkTool(String, String, Boolean, WaitingForProcessToExit, String)
UnityEditor.Android.AndroidSDKTools:ListTargetPlatforms(WaitingForProcessToExit)
UnityEditor.Android.AndroidSDKTools:GetTopAndroidPlatformAvailable(WaitingForProcessToExit)
UnityEditor.Android.PostProcessor.Tasks.SDKPlatformDetector:GetVersion(AndroidSDKTools)
UnityEditor.Android.PostProcessor.Tasks.SDKComponentDetector:Detect(AndroidSDKTools, Version, ProgressHandler)
UnityEditor.Android.PostProcessor.Tasks.CheckAndroidSDK:EnsureSDKComponentVersion(Version, SDKComponentDetector)
UnityEditor.Android.PostProcessor.Tasks.CheckAndroidSDK:EnsureSDKComponentVersion(Int32, SDKComponentDetector)
UnityEditor.Android.PostProcessor.Tasks.CheckAndroidSDK:Execute(PostProcessorContext)
UnityEditor.Android.PostProcessor.PostProcessRunner:RunAllTasks(PostProcessorContext)
UnityEditor.Android.PostProcessAndroidPlayer:PrepareForBuild(BuildOptions, BuildTarget)
UnityEditor.Android.AndroidBuildPostprocessor:PrepareForBuild(BuildOptions, BuildTarget)
UnityEditor.PostprocessBuildPlayer:PrepareForBuild(BuildOptions, BuildTargetGroup, BuildTarget) (at C:\buildslave\unity\build\Editor\Mono\BuildPipeline\PostprocessBuildPlayer.cs:87)
UnityEditor.BuildPipeline:BuildPlayerInternalNoCheck(String[], String, String, BuildTargetGroup, BuildTarget, BuildOptions, Boolean)
UnityEditor.DefaultBuildMethods:BuildPlayer(BuildPlayerOptions) (at C:\buildslave\unity\build\Editor\Mono\BuildPlayerWindowBuildMethods.cs:164)
UnityEditor.BuildPlayerWindow:CallBuildMethods(Boolean, BuildOptions) (at C:\buildslave\unity\build\Editor\Mono\BuildPlayerWindowBuildMethods.cs:88)
UnityEditor.BuildPlayerWindow:GUIBuildButtons(IBuildWindowExtension, Boolean, Boolean, Boolean, BuildPlatform) (at C:\buildslave\unity\build\Editor\Mono\BuildPlayerWindow.cs:882)
UnityEditor.BuildPlayerWindow:ShowBuildTargetSettings() (at C:\buildslave\unity\build\Editor\Mono\BuildPlayerWindow.cs:812)
UnityEditor.BuildPlayerWindow:OnGUI() (at C:\buildslave\unity\build\Editor\Mono\BuildPlayerWindow.cs:426)
System.Reflection.MonoMethod:InternalInvoke(Object, Object[], Exception&)
System.Reflection.MonoMethod:Invoke(Object, BindingFlags, Binder, Object[], CultureInfo) (at /Users/builduser/buildslave/mono/build/mcs/class/corlib/System.Reflection/MonoMethod.cs:222)
System.Reflection.MethodBase:Invoke(Object, Object[]) (at /Users/builduser/buildslave/mono/build/mcs/class/corlib/System.Reflection/MethodBase.cs:115)
UnityEditor.HostView:Invoke(String, Object) (at C:\buildslave\unity\build\Editor\Mono\HostView.cs:295)
UnityEditor.HostView:Invoke(String) (at C:\buildslave\unity\build\Editor\Mono\HostView.cs:288)
UnityEditor.HostView:OldOnGUI() (at C:\buildslave\unity\build\Editor\Mono\HostView.cs:107)
UnityEngine.Experimental.UIElements.IMGUIContainer:DoOnGUI(Event) (at C:\buildslave\unity\build\Runtime\UIElements\Managed\IMGUIContainer.cs:183)
UnityEngine.Experimental.UIElements.IMGUIContainer:HandleIMGUIEvent(Event) (at C:\buildslave\unity\build\Runtime\UIElements\Managed\IMGUIContainer.cs:339)
UnityEngine.Experimental.UIElements.IMGUIContainer:HandleEvent(EventBase) (at C:\buildslave\unity\build\Runtime\UIElements\Managed\IMGUIContainer.cs:318)
UnityEngine.Experimental.UIElements.EventDispatcher:DispatchEvent(EventBase, IPanel) (at C:\buildslave\unity\build\Runtime\UIElements\Managed\EventDispatcher.cs:250)
UnityEngine.Experimental.UIElements.UIElementsUtility:DoDispatch(BaseVisualElementPanel) (at C:\buildslave\unity\build\Runtime\UIElements\Managed\UIElementsUtility.cs:256)
UnityEngine.Experimental.UIElements.UIElementsUtility:ProcessEvent(Int32, IntPtr) (at C:\buildslave\unity\build\Runtime\UIElements\Managed\UIElementsUtility.cs:78)
UnityEngine.GUIUtility:ProcessEvent(Int32, IntPtr) (at C:\buildslave\unity\build\Runtime\IMGUI\Managed\GUIUtility.cs:175)
 
(Filename: /Users/builduser/buildslave/mono/build/mcs/class/corlib/System.Reflection/MonoMethod.cs Line: 222)

 Mapping new ns http://schemas.android.com/sdk/android/repo/addon2/03 to old ns http://schemas.android.com/sdk/android/repo/addon2/01
UnityEngine.DebugLogHandler:Internal_Log(LogType, String, Object)
UnityEngine.DebugLogHandler:LogFormat(LogType, Object, String, Object[])
UnityEngine.Logger:Log(LogType, Object)
UnityEngine.Debug:LogWarning(Object)
UnityEditor.Android.AndroidSDKTools:DetectErrorsAndWarnings(String, String)
UnityEditor.Android.AndroidSDKTools:RunAndroidSdkTool(String, String, Boolean, WaitingForProcessToExit, String)
UnityEditor.Android.AndroidSDKTools:ListTargetPlatforms(WaitingForProcessToExit)
UnityEditor.Android.AndroidSDKTools:GetTopAndroidPlatformAvailable(WaitingForProcessToExit)
UnityEditor.Android.PostProcessor.Tasks.SDKPlatformDetector:GetVersion(AndroidSDKTools)
UnityEditor.Android.PostProcessor.Tasks.SDKComponentDetector:Detect(AndroidSDKTools, Version, ProgressHandler)
UnityEditor.Android.PostProcessor.Tasks.CheckAndroidSDK:EnsureSDKComponentVersion(Version, SDKComponentDetector)
UnityEditor.Android.PostProcessor.Tasks.CheckAndroidSDK:EnsureSDKComponentVersion(Int32, SDKComponentDetector)
UnityEditor.Android.PostProcessor.Tasks.CheckAndroidSDK:Execute(PostProcessorContext)
UnityEditor.Android.PostProcessor.PostProcessRunner:RunAllTasks(PostProcessorContext)
UnityEditor.Android.PostProcessAndroidPlayer:PrepareForBuild(BuildOptions, BuildTarget)
UnityEditor.Android.AndroidBuildPostprocessor:PrepareForBuild(BuildOptions, BuildTarget)
UnityEditor.PostprocessBuildPlayer:PrepareForBuild(BuildOptions, BuildTargetGroup, BuildTarget) (at C:\buildslave\unity\build\Editor\Mono\BuildPipeline\PostprocessBuildPlayer.cs:87)
UnityEditor.BuildPipeline:BuildPlayerInternalNoCheck(String[], String, String, BuildTargetGroup, BuildTarget, BuildOptions, Boolean)
UnityEditor.DefaultBuildMethods:BuildPlayer(BuildPlayerOptions) (at C:\buildslave\unity\build\Editor\Mono\BuildPlayerWindowBuildMethods.cs:164)
UnityEditor.BuildPlayerWindow:CallBuildMethods(Boolean, BuildOptions) (at C:\buildslave\unity\build\Editor\Mono\BuildPlayerWindowBuildMethods.cs:88)
UnityEditor.BuildPlayerWindow:GUIBuildButtons(IBuildWindowExtension, Boolean, Boolean, Boolean, BuildPlatform) (at C:\buildslave\unity\build\Editor\Mono\BuildPlayerWindow.cs:882)
UnityEditor.BuildPlayerWindow:ShowBuildTargetSettings() (at C:\buildslave\unity\build\Editor\Mono\BuildPlayerWindow.cs:812)
UnityEditor.BuildPlayerWindow:OnGUI() (at C:\buildslave\unity\build\Editor\Mono\BuildPlayerWindow.cs:426)
System.Reflection.MonoMethod:InternalInvoke(Object, Object[], Exception&)
System.Reflection.MonoMethod:Invoke(Object, BindingFlags, Binder, Object[], CultureInfo) (at /Users/builduser/buildslave/mono/build/mcs/class/corlib/System.Reflection/MonoMethod.cs:222)
System.Reflection.MethodBase:Invoke(Object, Object[]) (at /Users/builduser/buildslave/mono/build/mcs/class/corlib/System.Reflection/MethodBase.cs:115)
UnityEditor.HostView:Invoke(String, Object) (at C:\buildslave\unity\build\Editor\Mono\HostView.cs:295)
UnityEditor.HostView:Invoke(String) (at C:\buildslave\unity\build\Editor\Mono\HostView.cs:288)
UnityEditor.HostView:OldOnGUI() (at C:\buildslave\unity\build\Editor\Mono\HostView.cs:107)
UnityEngine.Experimental.UIElements.IMGUIContainer:DoOnGUI(Event) (at C:\buildslave\unity\build\Runtime\UIElements\Managed\IMGUIContainer.cs:183)
UnityEngine.Experimental.UIElements.IMGUIContainer:HandleIMGUIEvent(Event) (at C:\buildslave\unity\build\Runtime\UIElements\Managed\IMGUIContainer.cs:339)
UnityEngine.Experimental.UIElements.IMGUIContainer:HandleEvent(EventBase) (at C:\buildslave\unity\build\Runtime\UIElements\Managed\IMGUIContainer.cs:318)
UnityEngine.Experimental.UIElements.EventDispatcher:DispatchEvent(EventBase, IPanel) (at C:\buildslave\unity\build\Runtime\UIElements\Managed\EventDispatcher.cs:250)
UnityEngine.Experimental.UIElements.UIElementsUtility:DoDispatch(BaseVisualElementPanel) (at C:\buildslave\unity\build\Runtime\UIElements\Managed\UIElementsUtility.cs:256)
UnityEngine.Experimental.UIElements.UIElementsUtility:ProcessEvent(Int32, IntPtr) (at C:\buildslave\unity\build\Runtime\UIElements\Managed\UIElementsUtility.cs:78)
UnityEngine.GUIUtility:ProcessEvent(Int32, IntPtr) (at C:\buildslave\unity\build\Runtime\IMGUI\Managed\GUIUtility.cs:175)
 
(Filename: /Users/builduser/buildslave/mono/build/mcs/class/corlib/System.Reflection/MonoMethod.cs Line: 222)

 Mapping new ns http://schemas.android.com/sdk/android/repo/repository2/02 to old ns http://schemas.android.com/sdk/android/repo/repository2/01
UnityEngine.DebugLogHandler:Internal_Log(LogType, String, Object)
UnityEngine.DebugLogHandler:LogFormat(LogType, Object, String, Object[])
UnityEngine.Logger:Log(LogType, Object)
UnityEngine.Debug:LogWarning(Object)
UnityEditor.Android.AndroidSDKTools:DetectErrorsAndWarnings(String, String)
UnityEditor.Android.AndroidSDKTools:RunAndroidSdkTool(String, String, Boolean, WaitingForProcessToExit, String)
UnityEditor.Android.AndroidSDKTools:ListTargetPlatforms(WaitingForProcessToExit)
UnityEditor.Android.AndroidSDKTools:GetTopAndroidPlatformAvailable(WaitingForProcessToExit)
UnityEditor.Android.PostProcessor.Tasks.SDKPlatformDetector:GetVersion(AndroidSDKTools)
UnityEditor.Android.PostProcessor.Tasks.SDKComponentDetector:Detect(AndroidSDKTools, Version, ProgressHandler)
UnityEditor.Android.PostProcessor.Tasks.CheckAndroidSDK:EnsureSDKComponentVersion(Version, SDKComponentDetector)
UnityEditor.Android.PostProcessor.Tasks.CheckAndroidSDK:EnsureSDKComponentVersion(Int32, SDKComponentDetector)
UnityEditor.Android.PostProcessor.Tasks.CheckAndroidSDK:Execute(PostProcessorContext)
UnityEditor.Android.PostProcessor.PostProcessRunner:RunAllTasks(PostProcessorContext)
UnityEditor.Android.PostProcessAndroidPlayer:PrepareForBuild(BuildOptions, BuildTarget)
UnityEditor.Android.AndroidBuildPostprocessor:PrepareForBuild(BuildOptions, BuildTarget)
UnityEditor.PostprocessBuildPlayer:PrepareForBuild(BuildOptions, BuildTargetGroup, BuildTarget) (at C:\buildslave\unity\build\Editor\Mono\BuildPipeline\PostprocessBuildPlayer.cs:87)
UnityEditor.BuildPipeline:BuildPlayerInternalNoCheck(String[], String, String, BuildTargetGroup, BuildTarget, BuildOptions, Boolean)
UnityEditor.DefaultBuildMethods:BuildPlayer(BuildPlayerOptions) (at C:\buildslave\unity\build\Editor\Mono\BuildPlayerWindowBuildMethods.cs:164)
UnityEditor.BuildPlayerWindow:CallBuildMethods(Boolean, BuildOptions) (at C:\buildslave\unity\build\Editor\Mono\BuildPlayerWindowBuildMethods.cs:88)
UnityEditor.BuildPlayerWindow:GUIBuildButtons(IBuildWindowExtension, Boolean, Boolean, Boolean, BuildPlatform) (at C:\buildslave\unity\build\Editor\Mono\BuildPlayerWindow.cs:882)
UnityEditor.BuildPlayerWindow:ShowBuildTargetSettings() (at C:\buildslave\unity\build\Editor\Mono\BuildPlayerWindow.cs:812)
UnityEditor.BuildPlayerWindow:OnGUI() (at C:\buildslave\unity\build\Editor\Mono\BuildPlayerWindow.cs:426)
System.Reflection.MonoMethod:InternalInvoke(Object, Object[], Exception&)
System.Reflection.MonoMethod:Invoke(Object, BindingFlags, Binder, Object[], CultureInfo) (at /Users/builduser/buildslave/mono/build/mcs/class/corlib/System.Reflection/MonoMethod.cs:222)
System.Reflection.MethodBase:Invoke(Object, Object[]) (at /Users/builduser/buildslave/mono/build/mcs/class/corlib/System.Reflection/MethodBase.cs:115)
UnityEditor.HostView:Invoke(String, Object) (at C:\buildslave\unity\build\Editor\Mono\HostView.cs:295)
UnityEditor.HostView:Invoke(String) (at C:\buildslave\unity\build\Editor\Mono\HostView.cs:288)
UnityEditor.HostView:OldOnGUI() (at C:\buildslave\unity\build\Editor\Mono\HostView.cs:107)
UnityEngine.Experimental.UIElements.IMGUIContainer:DoOnGUI(Event) (at C:\buildslave\unity\build\Runtime\UIElements\Managed\IMGUIContainer.cs:183)
UnityEngine.Experimental.UIElements.IMGUIContainer:HandleIMGUIEvent(Event) (at C:\buildslave\unity\build\Runtime\UIElements\Managed\IMGUIContainer.cs:339)
UnityEngine.Experimental.UIElements.IMGUIContainer:HandleEvent(EventBase) (at C:\buildslave\unity\build\Runtime\UIElements\Managed\IMGUIContainer.cs:318)
UnityEngine.Experimental.UIElements.EventDispatcher:DispatchEvent(EventBase, IPanel) (at C:\buildslave\unity\build\Runtime\UIElements\Managed\EventDispatcher.cs:250)
UnityEngine.Experimental.UIElements.UIElementsUtility:DoDispatch(BaseVisualElementPanel) (at C:\buildslave\unity\build\Runtime\UIElements\Managed\UIElementsUtility.cs:256)
UnityEngine.Experimental.UIElements.UIElementsUtility:ProcessEvent(Int32, IntPtr) (at C:\buildslave\unity\build\Runtime\UIElements\Managed\UIElementsUtility.cs:78)
UnityEngine.GUIUtility:ProcessEvent(Int32, IntPtr) (at C:\buildslave\unity\build\Runtime\IMGUI\Managed\GUIUtility.cs:175)
 
(Filename: /Users/builduser/buildslave/mono/build/mcs/class/corlib/System.Reflection/MonoMethod.cs Line: 222)

 Mapping new ns http://schemas.android.com/sdk/android/repo/repository2/03 to old ns http://schemas.android.com/sdk/android/repo/repository2/01
UnityEngine.DebugLogHandler:Internal_Log(LogType, String, Object)
UnityEngine.DebugLogHandler:LogFormat(LogType, Object, String, Object[])
UnityEngine.Logger:Log(LogType, Object)
UnityEngine.Debug:LogWarning(Object)
UnityEditor.Android.AndroidSDKTools:DetectErrorsAndWarnings(String, String)
UnityEditor.Android.AndroidSDKTools:RunAndroidSdkTool(String, String, Boolean, WaitingForProcessToExit, String)
UnityEditor.Android.AndroidSDKTools:ListTargetPlatforms(WaitingForProcessToExit)
UnityEditor.Android.AndroidSDKTools:GetTopAndroidPlatformAvailable(WaitingForProcessToExit)
UnityEditor.Android.PostProcessor.Tasks.SDKPlatformDetector:GetVersion(AndroidSDKTools)
UnityEditor.Android.PostProcessor.Tasks.SDKComponentDetector:Detect(AndroidSDKTools, Version, ProgressHandler)
UnityEditor.Android.PostProcessor.Tasks.CheckAndroidSDK:EnsureSDKComponentVersion(Version, SDKComponentDetector)
UnityEditor.Android.PostProcessor.Tasks.CheckAndroidSDK:EnsureSDKComponentVersion(Int32, SDKComponentDetector)
UnityEditor.Android.PostProcessor.Tasks.CheckAndroidSDK:Execute(PostProcessorContext)
UnityEditor.Android.PostProcessor.PostProcessRunner:RunAllTasks(PostProcessorContext)
UnityEditor.Android.PostProcessAndroidPlayer:PrepareForBuild(BuildOptions, BuildTarget)
UnityEditor.Android.AndroidBuildPostprocessor:PrepareForBuild(BuildOptions, BuildTarget)
UnityEditor.PostprocessBuildPlayer:PrepareForBuild(BuildOptions, BuildTargetGroup, BuildTarget) (at C:\buildslave\unity\build\Editor\Mono\BuildPipeline\PostprocessBuildPlayer.cs:87)
UnityEditor.BuildPipeline:BuildPlayerInternalNoCheck(String[], String, String, BuildTargetGroup, BuildTarget, BuildOptions, Boolean)
UnityEditor.DefaultBuildMethods:BuildPlayer(BuildPlayerOptions) (at C:\buildslave\unity\build\Editor\Mono\BuildPlayerWindowBuildMethods.cs:164)
UnityEditor.BuildPlayerWindow:CallBuildMethods(Boolean, BuildOptions) (at C:\buildslave\unity\build\Editor\Mono\BuildPlayerWindowBuildMethods.cs:88)
UnityEditor.BuildPlayerWindow:GUIBuildButtons(IBuildWindowExtension, Boolean, Boolean, Boolean, BuildPlatform) (at C:\buildslave\unity\build\Editor\Mono\BuildPlayerWindow.cs:882)
UnityEditor.BuildPlayerWindow:ShowBuildTargetSettings() (at C:\buildslave\unity\build\Editor\Mono\BuildPlayerWindow.cs:812)
UnityEditor.BuildPlayerWindow:OnGUI() (at C:\buildslave\unity\build\Editor\Mono\BuildPlayerWindow.cs:426)
System.Reflection.MonoMethod:InternalInvoke(Object, Object[], Exception&)
System.Reflection.MonoMethod:Invoke(Object, BindingFlags, Binder, Object[], CultureInfo) (at /Users/builduser/buildslave/mono/build/mcs/class/corlib/System.Reflection/MonoMethod.cs:222)
System.Reflection.MethodBase:Invoke(Object, Object[]) (at /Users/builduser/buildslave/mono/build/mcs/class/corlib/System.Reflection/MethodBase.cs:115)
UnityEditor.HostView:Invoke(String, Object) (at C:\buildslave\unity\build\Editor\Mono\HostView.cs:295)
UnityEditor.HostView:Invoke(String) (at C:\buildslave\unity\build\Editor\Mono\HostView.cs:288)
UnityEditor.HostView:OldOnGUI() (at C:\buildslave\unity\build\Editor\Mono\HostView.cs:107)
UnityEngine.Experimental.UIElements.IMGUIContainer:DoOnGUI(Event) (at C:\buildslave\unity\build\Runtime\UIElements\Managed\IMGUIContainer.cs:183)
UnityEngine.Experimental.UIElements.IMGUIContainer:HandleIMGUIEvent(Event) (at C:\buildslave\unity\build\Runtime\UIElements\Managed\IMGUIContainer.cs:339)
UnityEngine.Experimental.UIElements.IMGUIContainer:HandleEvent(EventBase) (at C:\buildslave\unity\build\Runtime\UIElements\Managed\IMGUIContainer.cs:318)
UnityEngine.Experimental.UIElements.EventDispatcher:DispatchEvent(EventBase, IPanel) (at C:\buildslave\unity\build\Runtime\UIElements\Managed\EventDispatcher.cs:250)
UnityEngine.Experimental.UIElements.UIElementsUtility:DoDispatch(BaseVisualElementPanel) (at C:\buildslave\unity\build\Runtime\UIElements\Managed\UIElementsUtility.cs:256)
UnityEngine.Experimental.UIElements.UIElementsUtility:ProcessEvent(Int32, IntPtr) (at C:\buildslave\unity\build\Runtime\UIElements\Managed\UIElementsUtility.cs:78)
UnityEngine.GUIUtility:ProcessEvent(Int32, IntPtr) (at C:\buildslave\unity\build\Runtime\IMGUI\Managed\GUIUtility.cs:175)
 
(Filename: /Users/builduser/buildslave/mono/build/mcs/class/corlib/System.Reflection/MonoMethod.cs Line: 222)

 Mapping new ns http://schemas.android.com/sdk/android/repo/sys-img2/04 to old ns http://schemas.android.com/sdk/android/repo/sys-img2/01
UnityEngine.DebugLogHandler:Internal_Log(LogType, String, Object)
UnityEngine.DebugLogHandler:LogFormat(LogType, Object, String, Object[])
UnityEngine.Logger:Log(LogType, Object)
UnityEngine.Debug:LogWarning(Object)
UnityEditor.Android.AndroidSDKTools:DetectErrorsAndWarnings(String, String)
UnityEditor.Android.AndroidSDKTools:RunAndroidSdkTool(String, String, Boolean, WaitingForProcessToExit, String)
UnityEditor.Android.AndroidSDKTools:ListTargetPlatforms(WaitingForProcessToExit)
UnityEditor.Android.AndroidSDKTools:GetTopAndroidPlatformAvailable(WaitingForProcessToExit)
UnityEditor.Android.PostProcessor.Tasks.SDKPlatformDetector:GetVersion(AndroidSDKTools)
UnityEditor.Android.PostProcessor.Tasks.SDKComponentDetector:Detect(AndroidSDKTools, Version, ProgressHandler)
UnityEditor.Android.PostProcessor.Tasks.CheckAndroidSDK:EnsureSDKComponentVersion(Version, SDKComponentDetector)
UnityEditor.Android.PostProcessor.Tasks.CheckAndroidSDK:EnsureSDKComponentVersion(Int32, SDKComponentDetector)
UnityEditor.Android.PostProcessor.Tasks.CheckAndroidSDK:Execute(PostProcessorContext)
UnityEditor.Android.PostProcessor.PostProcessRunner:RunAllTasks(PostProcessorContext)
UnityEditor.Android.PostProcessAndroidPlayer:PrepareForBuild(BuildOptions, BuildTarget)
UnityEditor.Android.AndroidBuildPostprocessor:PrepareForBuild(BuildOptions, BuildTarget)
UnityEditor.PostprocessBuildPlayer:PrepareForBuild(BuildOptions, BuildTargetGroup, BuildTarget) (at C:\buildslave\unity\build\Editor\Mono\BuildPipeline\PostprocessBuildPlayer.cs:87)
UnityEditor.BuildPipeline:BuildPlayerInternalNoCheck(String[], String, String, BuildTargetGroup, BuildTarget, BuildOptions, Boolean)
UnityEditor.DefaultBuildMethods:BuildPlayer(BuildPlayerOptions) (at C:\buildslave\unity\build\Editor\Mono\BuildPlayerWindowBuildMethods.cs:164)
UnityEditor.BuildPlayerWindow:CallBuildMethods(Boolean, BuildOptions) (at C:\buildslave\unity\build\Editor\Mono\BuildPlayerWindowBuildMethods.cs:88)
UnityEditor.BuildPlayerWindow:GUIBuildButtons(IBuildWindowExtension, Boolean, Boolean, Boolean, BuildPlatform) (at C:\buildslave\unity\build\Editor\Mono\BuildPlayerWindow.cs:882)
UnityEditor.BuildPlayerWindow:ShowBuildTargetSettings() (at C:\buildslave\unity\build\Editor\Mono\BuildPlayerWindow.cs:812)
UnityEditor.BuildPlayerWindow:OnGUI() (at C:\buildslave\unity\build\Editor\Mono\BuildPlayerWindow.cs:426)
System.Reflection.MonoMethod:InternalInvoke(Object, Object[], Exception&)
System.Reflection.MonoMethod:Invoke(Object, BindingFlags, Binder, Object[], CultureInfo) (at /Users/builduser/buildslave/mono/build/mcs/class/corlib/System.Reflection/MonoMethod.cs:222)
System.Reflection.MethodBase:Invoke(Object, Object[]) (at /Users/builduser/buildslave/mono/build/mcs/class/corlib/System.Reflection/MethodBase.cs:115)
UnityEditor.HostView:Invoke(String, Object) (at C:\buildslave\unity\build\Editor\Mono\HostView.cs:295)
UnityEditor.HostView:Invoke(String) (at C:\buildslave\unity\build\Editor\Mono\HostView.cs:288)
UnityEditor.HostView:OldOnGUI() (at C:\buildslave\unity\build\Editor\Mono\HostView.cs:107)
UnityEngine.Experimental.UIElements.IMGUIContainer:DoOnGUI(Event) (at C:\buildslave\unity\build\Runtime\UIElements\Managed\IMGUIContainer.cs:183)
UnityEngine.Experimental.UIElements.IMGUIContainer:HandleIMGUIEvent(Event) (at C:\buildslave\unity\build\Runtime\UIElements\Managed\IMGUIContainer.cs:339)
UnityEngine.Experimental.UIElements.IMGUIContainer:HandleEvent(EventBase) (at C:\buildslave\unity\build\Runtime\UIElements\Managed\IMGUIContainer.cs:318)
UnityEngine.Experimental.UIElements.EventDispatcher:DispatchEvent(EventBase, IPanel) (at C:\buildslave\unity\build\Runtime\UIElements\Managed\EventDispatcher.cs:250)
UnityEngine.Experimental.UIElements.UIElementsUtility:DoDispatch(BaseVisualElementPanel) (at C:\buildslave\unity\build\Runtime\UIElements\Managed\UIElementsUtility.cs:256)
UnityEngine.Experimental.UIElements.UIElementsUtility:ProcessEvent(Int32, IntPtr) (at C:\buildslave\unity\build\Runtime\UIElements\Managed\UIElementsUtility.cs:78)
UnityEngine.GUIUtility:ProcessEvent(Int32, IntPtr) (at C:\buildslave\unity\build\Runtime\IMGUI\Managed\GUIUtility.cs:175)
 
(Filename: /Users/builduser/buildslave/mono/build/mcs/class/corlib/System.Reflection/MonoMethod.cs Line: 222)

 Mapping new ns http://schemas.android.com/sdk/android/repo/sys-img2/03 to old ns http://schemas.android.com/sdk/android/repo/sys-img2/01
UnityEngine.DebugLogHandler:Internal_Log(LogType, String, Object)
UnityEngine.DebugLogHandler:LogFormat(LogType, Object, String, Object[])
UnityEngine.Logger:Log(LogType, Object)
UnityEngine.Debug:LogWarning(Object)
UnityEditor.Android.AndroidSDKTools:DetectErrorsAndWarnings(String, String)
UnityEditor.Android.AndroidSDKTools:RunAndroidSdkTool(String, String, Boolean, WaitingForProcessToExit, String)
UnityEditor.Android.AndroidSDKTools:ListTargetPlatforms(WaitingForProcessToExit)
UnityEditor.Android.AndroidSDKTools:GetTopAndroidPlatformAvailable(WaitingForProcessToExit)
UnityEditor.Android.PostProcessor.Tasks.SDKPlatformDetector:GetVersion(AndroidSDKTools)
UnityEditor.Android.PostProcessor.Tasks.SDKComponentDetector:Detect(AndroidSDKTools, Version, ProgressHandler)
UnityEditor.Android.PostProcessor.Tasks.CheckAndroidSDK:EnsureSDKComponentVersion(Version, SDKComponentDetector)
UnityEditor.Android.PostProcessor.Tasks.CheckAndroidSDK:EnsureSDKComponentVersion(Int32, SDKComponentDetector)
UnityEditor.Android.PostProcessor.Tasks.CheckAndroidSDK:Execute(PostProcessorContext)
UnityEditor.Android.PostProcessor.PostProcessRunner:RunAllTasks(PostProcessorContext)
UnityEditor.Android.PostProcessAndroidPlayer:PrepareForBuild(BuildOptions, BuildTarget)
UnityEditor.Android.AndroidBuildPostprocessor:PrepareForBuild(BuildOptions, BuildTarget)
UnityEditor.PostprocessBuildPlayer:PrepareForBuild(BuildOptions, BuildTargetGroup, BuildTarget) (at C:\buildslave\unity\build\Editor\Mono\BuildPipeline\PostprocessBuildPlayer.cs:87)
UnityEditor.BuildPipeline:BuildPlayerInternalNoCheck(String[], String, String, BuildTargetGroup, BuildTarget, BuildOptions, Boolean)
UnityEditor.DefaultBuildMethods:BuildPlayer(BuildPlayerOptions) (at C:\buildslave\unity\build\Editor\Mono\BuildPlayerWindowBuildMethods.cs:164)
UnityEditor.BuildPlayerWindow:CallBuildMethods(Boolean, BuildOptions) (at C:\buildslave\unity\build\Editor\Mono\BuildPlayerWindowBuildMethods.cs:88)
UnityEditor.BuildPlayerWindow:GUIBuildButtons(IBuildWindowExtension, Boolean, Boolean, Boolean, BuildPlatform) (at C:\buildslave\unity\build\Editor\Mono\BuildPlayerWindow.cs:882)
UnityEditor.BuildPlayerWindow:ShowBuildTargetSettings() (at C:\buildslave\unity\build\Editor\Mono\BuildPlayerWindow.cs:812)
UnityEditor.BuildPlayerWindow:OnGUI() (at C:\buildslave\unity\build\Editor\Mono\BuildPlayerWindow.cs:426)
System.Reflection.MonoMethod:InternalInvoke(Object, Object[], Exception&)
System.Reflection.MonoMethod:Invoke(Object, BindingFlags, Binder, Object[], CultureInfo) (at /Users/builduser/buildslave/mono/build/mcs/class/corlib/System.Reflection/MonoMethod.cs:222)
System.Reflection.MethodBase:Invoke(Object, Object[]) (at /Users/builduser/buildslave/mono/build/mcs/class/corlib/System.Reflection/MethodBase.cs:115)
UnityEditor.HostView:Invoke(String, Object) (at C:\buildslave\unity\build\Editor\Mono\HostView.cs:295)
UnityEditor.HostView:Invoke(String) (at C:\buildslave\unity\build\Editor\Mono\HostView.cs:288)
UnityEditor.HostView:OldOnGUI() (at C:\buildslave\unity\build\Editor\Mono\HostView.cs:107)
UnityEngine.Experimental.UIElements.IMGUIContainer:DoOnGUI(Event) (at C:\buildslave\unity\build\Runtime\UIElements\Managed\IMGUIContainer.cs:183)
UnityEngine.Experimental.UIElements.IMGUIContainer:HandleIMGUIEvent(Event) (at C:\buildslave\unity\build\Runtime\UIElements\Managed\IMGUIContainer.cs:339)
UnityEngine.Experimental.UIElements.IMGUIContainer:HandleEvent(EventBase) (at C:\buildslave\unity\build\Runtime\UIElements\Managed\IMGUIContainer.cs:318)
UnityEngine.Experimental.UIElements.EventDispatcher:DispatchEvent(EventBase, IPanel) (at C:\buildslave\unity\build\Runtime\UIElements\Managed\EventDispatcher.cs:250)
UnityEngine.Experimental.UIElements.UIElementsUtility:DoDispatch(BaseVisualElementPanel) (at C:\buildslave\unity\build\Runtime\UIElements\Managed\UIElementsUtility.cs:256)
UnityEngine.Experimental.UIElements.UIElementsUtility:ProcessEvent(Int32, IntPtr) (at C:\buildslave\unity\build\Runtime\UIElements\Managed\UIElementsUtility.cs:78)
UnityEngine.GUIUtility:ProcessEvent(Int32, IntPtr) (at C:\buildslave\unity\build\Runtime\IMGUI\Managed\GUIUtility.cs:175)
 
(Filename: /Users/builduser/buildslave/mono/build/mcs/class/corlib/System.Reflection/MonoMethod.cs Line: 222)

 Mapping new ns http://schemas.android.com/sdk/android/repo/sys-img2/02 to old ns http://schemas.android.com/sdk/android/repo/sys-img2/01
UnityEngine.DebugLogHandler:Internal_Log(LogType, String, Object)
UnityEngine.DebugLogHandler:LogFormat(LogType, Object, String, Object[])
UnityEngine.Logger:Log(LogType, Object)
UnityEngine.Debug:LogWarning(Object)
UnityEditor.Android.AndroidSDKTools:DetectErrorsAndWarnings(String, String)
UnityEditor.Android.AndroidSDKTools:RunAndroidSdkTool(String, String, Boolean, WaitingForProcessToExit, String)
UnityEditor.Android.AndroidSDKTools:ListTargetPlatforms(WaitingForProcessToExit)
UnityEditor.Android.AndroidSDKTools:GetTopAndroidPlatformAvailable(WaitingForProcessToExit)
UnityEditor.Android.PostProcessor.Tasks.SDKPlatformDetector:GetVersion(AndroidSDKTools)
UnityEditor.Android.PostProcessor.Tasks.SDKComponentDetector:Detect(AndroidSDKTools, Version, ProgressHandler)
UnityEditor.Android.PostProcessor.Tasks.CheckAndroidSDK:EnsureSDKComponentVersion(Version, SDKComponentDetector)
UnityEditor.Android.PostProcessor.Tasks.CheckAndroidSDK:EnsureSDKComponentVersion(Int32, SDKComponentDetector)
UnityEditor.Android.PostProcessor.Tasks.CheckAndroidSDK:Execute(PostProcessorContext)
UnityEditor.Android.PostProcessor.PostProcessRunner:RunAllTasks(PostProcessorContext)
UnityEditor.Android.PostProcessAndroidPlayer:PrepareForBuild(BuildOptions, BuildTarget)
UnityEditor.Android.AndroidBuildPostprocessor:PrepareForBuild(BuildOptions, BuildTarget)
UnityEditor.PostprocessBuildPlayer:PrepareForBuild(BuildOptions, BuildTargetGroup, BuildTarget) (at C:\buildslave\unity\build\Editor\Mono\BuildPipeline\PostprocessBuildPlayer.cs:87)
UnityEditor.BuildPipeline:BuildPlayerInternalNoCheck(String[], String, String, BuildTargetGroup, BuildTarget, BuildOptions, Boolean)
UnityEditor.DefaultBuildMethods:BuildPlayer(BuildPlayerOptions) (at C:\buildslave\unity\build\Editor\Mono\BuildPlayerWindowBuildMethods.cs:164)
UnityEditor.BuildPlayerWindow:CallBuildMethods(Boolean, BuildOptions) (at C:\buildslave\unity\build\Editor\Mono\BuildPlayerWindowBuildMethods.cs:88)
UnityEditor.BuildPlayerWindow:GUIBuildButtons(IBuildWindowExtension, Boolean, Boolean, Boolean, BuildPlatform) (at C:\buildslave\unity\build\Editor\Mono\BuildPlayerWindow.cs:882)
UnityEditor.BuildPlayerWindow:ShowBuildTargetSettings() (at C:\buildslave\unity\build\Editor\Mono\BuildPlayerWindow.cs:812)
UnityEditor.BuildPlayerWindow:OnGUI() (at C:\buildslave\unity\build\Editor\Mono\BuildPlayerWindow.cs:426)
System.Reflection.MonoMethod:InternalInvoke(Object, Object[], Exception&)
System.Reflection.MonoMethod:Invoke(Object, BindingFlags, Binder, Object[], CultureInfo) (at /Users/builduser/buildslave/mono/build/mcs/class/corlib/System.Reflection/MonoMethod.cs:222)
System.Reflection.MethodBase:Invoke(Object, Object[]) (at /Users/builduser/buildslave/mono/build/mcs/class/corlib/System.Reflection/MethodBase.cs:115)
UnityEditor.HostView:Invoke(String, Object) (at C:\buildslave\unity\build\Editor\Mono\HostView.cs:295)
UnityEditor.HostView:Invoke(String) (at C:\buildslave\unity\build\Editor\Mono\HostView.cs:288)
UnityEditor.HostView:OldOnGUI() (at C:\buildslave\unity\build\Editor\Mono\HostView.cs:107)
UnityEngine.Experimental.UIElements.IMGUIContainer:DoOnGUI(Event) (at C:\buildslave\unity\build\Runtime\UIElements\Managed\IMGUIContainer.cs:183)
UnityEngine.Experimental.UIElements.IMGUIContainer:HandleIMGUIEvent(Event) (at C:\buildslave\unity\build\Runtime\UIElements\Managed\IMGUIContainer.cs:339)
UnityEngine.Experimental.UIElements.IMGUIContainer:HandleEvent(EventBase) (at C:\buildslave\unity\build\Runtime\UIElements\Managed\IMGUIContainer.cs:318)
UnityEngine.Experimental.UIElements.EventDispatcher:DispatchEvent(EventBase, IPanel) (at C:\buildslave\unity\build\Runtime\UIElements\Managed\EventDispatcher.cs:250)
UnityEngine.Experimental.UIElements.UIElementsUtility:DoDispatch(BaseVisualElementPanel) (at C:\buildslave\unity\build\Runtime\UIElements\Managed\UIElementsUtility.cs:256)
UnityEngine.Experimental.UIElements.UIElementsUtility:ProcessEvent(Int32, IntPtr) (at C:\buildslave\unity\build\Runtime\UIElements\Managed\UIElementsUtility.cs:78)
UnityEngine.GUIUtility:ProcessEvent(Int32, IntPtr) (at C:\buildslave\unity\build\Runtime\IMGUI\Managed\GUIUtility.cs:175)
 
(Filename: /Users/builduser/buildslave/mono/build/mcs/class/corlib/System.Reflection/MonoMethod.cs Line: 222)

 cvc-complex-type.2.4.a: Se ha encontrado contenido no v�lido a partir del elemento 'extension-level'. Se esperaba uno de '{layoutlib}'.
UnityEngine.DebugLogHandler:Internal_Log(LogType, String, Object)
UnityEngine.DebugLogHandler:LogFormat(LogType, Object, String, Object[])
UnityEngine.Logger:Log(LogType, Object)
UnityEngine.Debug:LogWarning(Object)
UnityEditor.Android.AndroidSDKTools:DetectErrorsAndWarnings(String, String)
UnityEditor.Android.AndroidSDKTools:RunAndroidSdkTool(String, String, Boolean, WaitingForProcessToExit, String)
UnityEditor.Android.AndroidSDKTools:ListTargetPlatforms(WaitingForProcessToExit)
UnityEditor.Android.AndroidSDKTools:GetTopAndroidPlatformAvailable(WaitingForProcessToExit)
UnityEditor.Android.PostProcessor.Tasks.SDKPlatformDetector:GetVersion(AndroidSDKTools)
UnityEditor.Android.PostProcessor.Tasks.SDKComponentDetector:Detect(AndroidSDKTools, Version, ProgressHandler)
UnityEditor.Android.PostProcessor.Tasks.CheckAndroidSDK:EnsureSDKComponentVersion(Version, SDKComponentDetector)
UnityEditor.Android.PostProcessor.Tasks.CheckAndroidSDK:EnsureSDKComponentVersion(Int32, SDKComponentDetector)
UnityEditor.Android.PostProcessor.Tasks.CheckAndroidSDK:Execute(PostProcessorContext)
UnityEditor.Android.PostProcessor.PostProcessRunner:RunAllTasks(PostProcessorContext)
UnityEditor.Android.PostProcessAndroidPlayer:PrepareForBuild(BuildOptions, BuildTarget)
UnityEditor.Android.AndroidBuildPostprocessor:PrepareForBuild(BuildOptions, BuildTarget)
UnityEditor.PostprocessBuildPlayer:PrepareForBuild(BuildOptions, BuildTargetGroup, BuildTarget) (at C:\buildslave\unity\build\Editor\Mono\BuildPipeline\PostprocessBuildPlayer.cs:87)
UnityEditor.BuildPipeline:BuildPlayerInternalNoCheck(String[], String, String, BuildTargetGroup, BuildTarget, BuildOptions, Boolean)
UnityEditor.DefaultBuildMethods:BuildPlayer(BuildPlayerOptions) (at C:\buildslave\unity\build\Editor\Mono\BuildPlayerWindowBuildMethods.cs:164)
UnityEditor.BuildPlayerWindow:CallBuildMethods(Boolean, BuildOptions) (at C:\buildslave\unity\build\Editor\Mono\BuildPlayerWindowBuildMethods.cs:88)
UnityEditor.BuildPlayerWindow:GUIBuildButtons(IBuildWindowExtension, Boolean, Boolean, Boolean, BuildPlatform) (at C:\buildslave\unity\build\Editor\Mono\BuildPlayerWindow.cs:882)
UnityEditor.BuildPlayerWindow:ShowBuildTargetSettings() (at C:\buildslave\unity\build\Editor\Mono\BuildPlayerWindow.cs:812)
UnityEditor.BuildPlayerWindow:OnGUI() (at C:\buildslave\unity\build\Editor\Mono\BuildPlayerWindow.cs:426)
System.Reflection.MonoMethod:InternalInvoke(Object, Object[], Exception&)
System.Reflection.MonoMethod:Invoke(Object, BindingFlags, Binder, Object[], CultureInfo) (at /Users/builduser/buildslave/mono/build/mcs/class/corlib/System.Reflection/MonoMethod.cs:222)
System.Reflection.MethodBase:Invoke(Object, Object[]) (at /Users/builduser/buildslave/mono/build/mcs/class/corlib/System.Reflection/MethodBase.cs:115)
UnityEditor.HostView:Invoke(String, Object) (at C:\buildslave\unity\build\Editor\Mono\HostView.cs:295)
UnityEditor.HostView:Invoke(String) (at C:\buildslave\unity\build\Editor\Mono\HostView.cs:288)
UnityEditor.HostView:OldOnGUI() (at C:\buildslave\unity\build\Editor\Mono\HostView.cs:107)
UnityEngine.Experimental.UIElements.IMGUIContainer:DoOnGUI(Event) (at C:\buildslave\unity\build\Runtime\UIElements\Managed\IMGUIContainer.cs:183)
UnityEngine.Experimental.UIElements.IMGUIContainer:HandleIMGUIEvent(Event) (at C:\buildslave\unity\build\Runtime\UIElements\Managed\IMGUIContainer.cs:339)
UnityEngine.Experimental.UIElements.IMGUIContainer:HandleEvent(EventBase) (at C:\buildslave\unity\build\Runtime\UIElements\Managed\IMGUIContainer.cs:318)
UnityEngine.Experimental.UIElements.EventDispatcher:DispatchEvent(EventBase, IPanel) (at C:\buildslave\unity\build\Runtime\UIElements\Managed\EventDispatcher.cs:250)
UnityEngine.Experimental.UIElements.UIElementsUtility:DoDispatch(BaseVisualElementPanel) (at C:\buildslave\unity\build\Runtime\UIElements\Managed\UIElementsUtility.cs:256)
UnityEngine.Experimental.UIElements.UIElementsUtility:ProcessEvent(Int32, IntPtr) (at C:\buildslave\unity\build\Runtime\UIElements\Managed\UIElementsUtility.cs:78)
UnityEngine.GUIUtility:ProcessEvent(Int32, IntPtr) (at C:\buildslave\unity\build\Runtime\IMGUI\Managed\GUIUtility.cs:175)
 
(Filename: /Users/builduser/buildslave/mono/build/mcs/class/corlib/System.Reflection/MonoMethod.cs Line: 222)

 elemento inesperado (URI:"", local:"extension-level"). Los elementos esperados son <{}codename>,<{}layoutlib>,<{}api-level>
UnityEngine.DebugLogHandler:Internal_Log(LogType, String, Object)
UnityEngine.DebugLogHandler:LogFormat(LogType, Object, String, Object[])
UnityEngine.Logger:Log(LogType, Object)
UnityEngine.Debug:LogWarning(Object)
UnityEditor.Android.AndroidSDKTools:DetectErrorsAndWarnings(String, String)
UnityEditor.Android.AndroidSDKTools:RunAndroidSdkTool(String, String, Boolean, WaitingForProcessToExit, String)
UnityEditor.Android.AndroidSDKTools:ListTargetPlatforms(WaitingForProcessToExit)
UnityEditor.Android.AndroidSDKTools:GetTopAndroidPlatformAvailable(WaitingForProcessToExit)
UnityEditor.Android.PostProcessor.Tasks.SDKPlatformDetector:GetVersion(AndroidSDKTools)
UnityEditor.Android.PostProcessor.Tasks.SDKComponentDetector:Detect(AndroidSDKTools, Version, ProgressHandler)
UnityEditor.Android.PostProcessor.Tasks.CheckAndroidSDK:EnsureSDKComponentVersion(Version, SDKComponentDetector)
UnityEditor.Android.PostProcessor.Tasks.CheckAndroidSDK:EnsureSDKComponentVersion(Int32, SDKComponentDetector)
UnityEditor.Android.PostProcessor.Tasks.CheckAndroidSDK:Execute(PostProcessorContext)
UnityEditor.Android.PostProcessor.PostProcessRunner:RunAllTasks(PostProcessorContext)
UnityEditor.Android.PostProcessAndroidPlayer:PrepareForBuild(BuildOptions, BuildTarget)
UnityEditor.Android.AndroidBuildPostprocessor:PrepareForBuild(BuildOptions, BuildTarget)
UnityEditor.PostprocessBuildPlayer:PrepareForBuild(BuildOptions, BuildTargetGroup, BuildTarget) (at C:\buildslave\unity\build\Editor\Mono\BuildPipeline\PostprocessBuildPlayer.cs:87)
UnityEditor.BuildPipeline:BuildPlayerInternalNoCheck(String[], String, String, BuildTargetGroup, BuildTarget, BuildOptions, Boolean)
UnityEditor.DefaultBuildMethods:BuildPlayer(BuildPlayerOptions) (at C:\buildslave\unity\build\Editor\Mono\BuildPlayerWindowBuildMethods.cs:164)
UnityEditor.BuildPlayerWindow:CallBuildMethods(Boolean, BuildOptions) (at C:\buildslave\unity\build\Editor\Mono\BuildPlayerWindowBuildMethods.cs:88)
UnityEditor.BuildPlayerWindow:GUIBuildButtons(IBuildWindowExtension, Boolean, Boolean, Boolean, BuildPlatform) (at C:\buildslave\unity\build\Editor\Mono\BuildPlayerWindow.cs:882)
UnityEditor.BuildPlayerWindow:ShowBuildTargetSettings() (at C:\buildslave\unity\build\Editor\Mono\BuildPlayerWindow.cs:812)
UnityEditor.BuildPlayerWindow:OnGUI() (at C:\buildslave\unity\build\Editor\Mono\BuildPlayerWindow.cs:426)
System.Reflection.MonoMethod:InternalInvoke(Object, Object[], Exception&)
System.Reflection.MonoMethod:Invoke(Object, BindingFlags, Binder, Object[], CultureInfo) (at /Users/builduser/buildslave/mono/build/mcs/class/corlib/System.Reflection/MonoMethod.cs:222)
System.Reflection.MethodBase:Invoke(Object, Object[]) (at /Users/builduser/buildslave/mono/build/mcs/class/corlib/System.Reflection/MethodBase.cs:115)
UnityEditor.HostView:Invoke(String, Object) (at C:\buildslave\unity\build\Editor\Mono\HostView.cs:295)
UnityEditor.HostView:Invoke(String) (at C:\buildslave\unity\build\Editor\Mono\HostView.cs:288)
UnityEditor.HostView:OldOnGUI() (at C:\buildslave\unity\build\Editor\Mono\HostView.cs:107)
UnityEngine.Experimental.UIElements.IMGUIContainer:DoOnGUI(Event) (at C:\buildslave\unity\build\Runtime\UIElements\Managed\IMGUIContainer.cs:183)
UnityEngine.Experimental.UIElements.IMGUIContainer:HandleIMGUIEvent(Event) (at C:\buildslave\unity\build\Runtime\UIElements\Managed\IMGUIContainer.cs:339)
UnityEngine.Experimental.UIElements.IMGUIContainer:HandleEvent(EventBase) (at C:\buildslave\unity\build\Runtime\UIElements\Managed\IMGUIContainer.cs:318)
UnityEngine.Experimental.UIElements.EventDispatcher:DispatchEvent(EventBase, IPanel) (at C:\buildslave\unity\build\Runtime\UIElements\Managed\EventDispatcher.cs:250)
UnityEngine.Experimental.UIElements.UIElementsUtility:DoDispatch(BaseVisualElementPanel) (at C:\buildslave\unity\build\Runtime\UIElements\Managed\UIElementsUtility.cs:256)
UnityEngine.Experimental.UIElements.UIElementsUtility:ProcessEvent(Int32, IntPtr) (at C:\buildslave\unity\build\Runtime\UIElements\Managed\UIElementsUtility.cs:78)
UnityEngine.GUIUtility:ProcessEvent(Int32, IntPtr) (at C:\buildslave\unity\build\Runtime\IMGUI\Managed\GUIUtility.cs:175)
 
(Filename: /Users/builduser/buildslave/mono/build/mcs/class/corlib/System.Reflection/MonoMethod.cs Line: 222)

 elemento inesperado (URI:"", local:"base-extension"). Los elementos esperados son <{}codename>,<{}layoutlib>,<{}api-level>
UnityEngine.DebugLogHandler:Internal_Log(LogType, String, Object)
UnityEngine.DebugLogHandler:LogFormat(LogType, Object, String, Object[])
UnityEngine.Logger:Log(LogType, Object)
UnityEngine.Debug:LogWarning(Object)
UnityEditor.Android.AndroidSDKTools:DetectErrorsAndWarnings(String, String)
UnityEditor.Android.AndroidSDKTools:RunAndroidSdkTool(String, String, Boolean, WaitingForProcessToExit, String)
UnityEditor.Android.AndroidSDKTools:ListTargetPlatforms(WaitingForProcessToExit)
UnityEditor.Android.AndroidSDKTools:GetTopAndroidPlatformAvailable(WaitingForProcessToExit)
UnityEditor.Android.PostProcessor.Tasks.SDKPlatformDetector:GetVersion(AndroidSDKTools)
UnityEditor.Android.PostProcessor.Tasks.SDKComponentDetector:Detect(AndroidSDKTools, Version, ProgressHandler)
UnityEditor.Android.PostProcessor.Tasks.CheckAndroidSDK:EnsureSDKComponentVersion(Version, SDKComponentDetector)
UnityEditor.Android.PostProcessor.Tasks.CheckAndroidSDK:EnsureSDKComponentVersion(Int32, SDKComponentDetector)
UnityEditor.Android.PostProcessor.Tasks.CheckAndroidSDK:Execute(PostProcessorContext)
UnityEditor.Android.PostProcessor.PostProcessRunner:RunAllTasks(PostProcessorContext)
UnityEditor.Android.PostProcessAndroidPlayer:PrepareForBuild(BuildOptions, BuildTarget)
UnityEditor.Android.AndroidBuildPostprocessor:PrepareForBuild(BuildOptions, BuildTarget)
UnityEditor.PostprocessBuildPlayer:PrepareForBuild(BuildOptions, BuildTargetGroup, BuildTarget) (at C:\buildslave\unity\build\Editor\Mono\BuildPipeline\PostprocessBuildPlayer.cs:87)
UnityEditor.BuildPipeline:BuildPlayerInternalNoCheck(String[], String, String, BuildTargetGroup, BuildTarget, BuildOptions, Boolean)
UnityEditor.DefaultBuildMethods:BuildPlayer(BuildPlayerOptions) (at C:\buildslave\unity\build\Editor\Mono\BuildPlayerWindowBuildMethods.cs:164)
UnityEditor.BuildPlayerWindow:CallBuildMethods(Boolean, BuildOptions) (at C:\buildslave\unity\build\Editor\Mono\BuildPlayerWindowBuildMethods.cs:88)
UnityEditor.BuildPlayerWindow:GUIBuildButtons(IBuildWindowExtension, Boolean, Boolean, Boolean, BuildPlatform) (at C:\buildslave\unity\build\Editor\Mono\BuildPlayerWindow.cs:882)
UnityEditor.BuildPlayerWindow:ShowBuildTargetSettings() (at C:\buildslave\unity\build\Editor\Mono\BuildPlayerWindow.cs:812)
UnityEditor.BuildPlayerWindow:OnGUI() (at C:\buildslave\unity\build\Editor\Mono\BuildPlayerWindow.cs:426)
System.Reflection.MonoMethod:InternalInvoke(Object, Object[], Exception&)
System.Reflection.MonoMethod:Invoke(Object, BindingFlags, Binder, Object[], CultureInfo) (at /Users/builduser/buildslave/mono/build/mcs/class/corlib/System.Reflection/MonoMethod.cs:222)
System.Reflection.MethodBase:Invoke(Object, Object[]) (at /Users/builduser/buildslave/mono/build/mcs/class/corlib/System.Reflection/MethodBase.cs:115)
UnityEditor.HostView:Invoke(String, Object) (at C:\buildslave\unity\build\Editor\Mono\HostView.cs:295)
UnityEditor.HostView:Invoke(String) (at C:\buildslave\unity\build\Editor\Mono\HostView.cs:288)
UnityEditor.HostView:OldOnGUI() (at C:\buildslave\unity\build\Editor\Mono\HostView.cs:107)
UnityEngine.Experimental.UIElements.IMGUIContainer:DoOnGUI(Event) (at C:\buildslave\unity\build\Runtime\UIElements\Managed\IMGUIContainer.cs:183)
UnityEngine.Experimental.UIElements.IMGUIContainer:HandleIMGUIEvent(Event) (at C:\buildslave\unity\build\Runtime\UIElements\Managed\IMGUIContainer.cs:339)
UnityEngine.Experimental.UIElements.IMGUIContainer:HandleEvent(EventBase) (at C:\buildslave\unity\build\Runtime\UIElements\Managed\IMGUIContainer.cs:318)
UnityEngine.Experimental.UIElements.EventDispatcher:DispatchEvent(EventBase, IPanel) (at C:\buildslave\unity\build\Runtime\UIElements\Managed\EventDispatcher.cs:250)
UnityEngine.Experimental.UIElements.UIElementsUtility:DoDispatch(BaseVisualElementPanel) (at C:\buildslave\unity\build\Runtime\UIElements\Managed\UIElementsUtility.cs:256)
UnityEngine.Experimental.UIElements.UIElementsUtility:ProcessEvent(Int32, IntPtr) (at C:\buildslave\unity\build\Runtime\UIElements\Managed\UIElementsUtility.cs:78)
UnityEngine.GUIUtility:ProcessEvent(Int32, IntPtr) (at C:\buildslave\unity\build\Runtime\IMGUI\Managed\GUIUtility.cs:175)
 
(Filename: /Users/builduser/buildslave/mono/build/mcs/class/corlib/System.Reflection/MonoMethod.cs Line: 222)

 Mapping new ns http://schemas.android.com/repository/android/common/02 to old ns http://schemas.android.com/repository/android/common/01
UnityEngine.DebugLogHandler:Internal_Log(LogType, String, Object)
UnityEngine.DebugLogHandler:LogFormat(LogType, Object, String, Object[])
UnityEngine.Logger:Log(LogType, Object)
UnityEngine.Debug:LogWarning(Object)
UnityEditor.Android.AndroidSDKTools:DetectErrorsAndWarnings(String, String)
UnityEditor.Android.AndroidSDKTools:RunAndroidSdkTool(String, String, Boolean, WaitingForProcessToExit, String)
UnityEditor.Android.AndroidSDKTools:ListTargetPlatforms(WaitingForProcessToExit)
UnityEditor.Android.AndroidSDKTools:GetTopAndroidPlatformAvailable(WaitingForProcessToExit)
UnityEditor.Android.PostProcessor.Tasks.SDKPlatformDetector:GetVersion(AndroidSDKTools)
UnityEditor.Android.PostProcessor.Tasks.SDKComponentDetector:Detect(AndroidSDKTools, Version, ProgressHandler)
UnityEditor.Android.PostProcessor.Tasks.CheckAndroidSDK:EnsureSDKComponentVersion(Version, SDKComponentDetector)
UnityEditor.Android.PostProcessor.Tasks.CheckAndroidSDK:EnsureSDKComponentVersion(Int32, SDKComponentDetector)
UnityEditor.Android.PostProcessor.Tasks.CheckAndroidSDK:Execute(PostProcessorContext)
UnityEditor.Android.PostProcessor.PostProcessRunner:RunAllTasks(PostProcessorContext)
UnityEditor.Android.PostProcessAndroidPlayer:PrepareForBuild(BuildOptions, BuildTarget)
UnityEditor.Android.AndroidBuildPostprocessor:PrepareForBuild(BuildOptions, BuildTarget)
UnityEditor.PostprocessBuildPlayer:PrepareForBuild(BuildOptions, BuildTargetGroup, BuildTarget) (at C:\buildslave\unity\build\Editor\Mono\BuildPipeline\PostprocessBuildPlayer.cs:87)
UnityEditor.BuildPipeline:BuildPlayerInternalNoCheck(String[], String, String, BuildTargetGroup, BuildTarget, BuildOptions, Boolean)
UnityEditor.DefaultBuildMethods:BuildPlayer(BuildPlayerOptions) (at C:\buildslave\unity\build\Editor\Mono\BuildPlayerWindowBuildMethods.cs:164)
UnityEditor.BuildPlayerWindow:CallBuildMethods(Boolean, BuildOptions) (at C:\buildslave\unity\build\Editor\Mono\BuildPlayerWindowBuildMethods.cs:88)
UnityEditor.BuildPlayerWindow:GUIBuildButtons(IBuildWindowExtension, Boolean, Boolean, Boolean, BuildPlatform) (at C:\buildslave\unity\build\Editor\Mono\BuildPlayerWindow.cs:882)
UnityEditor.BuildPlayerWindow:ShowBuildTargetSettings() (at C:\buildslave\unity\build\Editor\Mono\BuildPlayerWindow.cs:812)
UnityEditor.BuildPlayerWindow:OnGUI() (at C:\buildslave\unity\build\Editor\Mono\BuildPlayerWindow.cs:426)
System.Reflection.MonoMethod:InternalInvoke(Object, Object[], Exception&)
System.Reflection.MonoMethod:Invoke(Object, BindingFlags, Binder, Object[], CultureInfo) (at /Users/builduser/buildslave/mono/build/mcs/class/corlib/System.Reflection/MonoMethod.cs:222)
System.Reflection.MethodBase:Invoke(Object, Object[]) (at /Users/builduser/buildslave/mono/build/mcs/class/corlib/System.Reflection/MethodBase.cs:115)
UnityEditor.HostView:Invoke(String, Object) (at C:\buildslave\unity\build\Editor\Mono\HostView.cs:295)
UnityEditor.HostView:Invoke(String) (at C:\buildslave\unity\build\Editor\Mono\HostView.cs:288)
UnityEditor.HostView:OldOnGUI() (at C:\buildslave\unity\build\Editor\Mono\HostView.cs:107)
UnityEngine.Experimental.UIElements.IMGUIContainer:DoOnGUI(Event) (at C:\buildslave\unity\build\Runtime\UIElements\Managed\IMGUIContainer.cs:183)
UnityEngine.Experimental.UIElements.IMGUIContainer:HandleIMGUIEvent(Event) (at C:\buildslave\unity\build\Runtime\UIElements\Managed\IMGUIContainer.cs:339)
UnityEngine.Experimental.UIElements.IMGUIContainer:HandleEvent(EventBase) (at C:\buildslave\unity\build\Runtime\UIElements\Managed\IMGUIContainer.cs:318)
UnityEngine.Experimental.UIElements.EventDispatcher:DispatchEvent(EventBase, IPanel) (at C:\buildslave\unity\build\Runtime\UIElements\Managed\EventDispatcher.cs:250)
UnityEngine.Experimental.UIElements.UIElementsUtility:DoDispatch(BaseVisualElementPanel) (at C:\buildslave\unity\build\Runtime\UIElements\Managed\UIElementsUtility.cs:256)
UnityEngine.Experimental.UIElements.UIElementsUtility:ProcessEvent(Int32, IntPtr) (at C:\buildslave\unity\build\Runtime\UIElements\Managed\UIElementsUtility.cs:78)
UnityEngine.GUIUtility:ProcessEvent(Int32, IntPtr) (at C:\buildslave\unity\build\Runtime\IMGUI\Managed\GUIUtility.cs:175)
 
(Filename: /Users/builduser/buildslave/mono/build/mcs/class/corlib/System.Reflection/MonoMethod.cs Line: 222)

 Mapping new ns http://schemas.android.com/repository/android/generic/02 to old ns http://schemas.android.com/repository/android/generic/01
UnityEngine.DebugLogHandler:Internal_Log(LogType, String, Object)
UnityEngine.DebugLogHandler:LogFormat(LogType, Object, String, Object[])
UnityEngine.Logger:Log(LogType, Object)
UnityEngine.Debug:LogWarning(Object)
UnityEditor.Android.AndroidSDKTools:DetectErrorsAndWarnings(String, String)
UnityEditor.Android.AndroidSDKTools:RunAndroidSdkTool(String, String, Boolean, WaitingForProcessToExit, String)
UnityEditor.Android.AndroidSDKTools:ListTargetPlatforms(WaitingForProcessToExit)
UnityEditor.Android.AndroidSDKTools:GetTopAndroidPlatformAvailable(WaitingForProcessToExit)
UnityEditor.Android.PostProcessor.Tasks.SDKPlatformDetector:GetVersion(AndroidSDKTools)
UnityEditor.Android.PostProcessor.Tasks.SDKComponentDetector:Detect(AndroidSDKTools, Version, ProgressHandler)
UnityEditor.Android.PostProcessor.Tasks.CheckAndroidSDK:EnsureSDKComponentVersion(Version, SDKComponentDetector)
UnityEditor.Android.PostProcessor.Tasks.CheckAndroidSDK:EnsureSDKComponentVersion(Int32, SDKComponentDetector)
UnityEditor.Android.PostProcessor.Tasks.CheckAndroidSDK:Execute(PostProcessorContext)
UnityEditor.Android.PostProcessor.PostProcessRunner:RunAllTasks(PostProcessorContext)
UnityEditor.Android.PostProcessAndroidPlayer:PrepareForBuild(BuildOptions, BuildTarget)
UnityEditor.Android.AndroidBuildPostprocessor:PrepareForBuild(BuildOptions, BuildTarget)
UnityEditor.PostprocessBuildPlayer:PrepareForBuild(BuildOptions, BuildTargetGroup, BuildTarget) (at C:\buildslave\unity\build\Editor\Mono\BuildPipeline\PostprocessBuildPlayer.cs:87)
UnityEditor.BuildPipeline:BuildPlayerInternalNoCheck(String[], String, String, BuildTargetGroup, BuildTarget, BuildOptions, Boolean)
UnityEditor.DefaultBuildMethods:BuildPlayer(BuildPlayerOptions) (at C:\buildslave\unity\build\Editor\Mono\BuildPlayerWindowBuildMethods.cs:164)
UnityEditor.BuildPlayerWindow:CallBuildMethods(Boolean, BuildOptions) (at C:\buildslave\unity\build\Editor\Mono\BuildPlayerWindowBuildMethods.cs:88)
UnityEditor.BuildPlayerWindow:GUIBuildButtons(IBuildWindowExtension, Boolean, Boolean, Boolean, BuildPlatform) (at C:\buildslave\unity\build\Editor\Mono\BuildPlayerWindow.cs:882)
UnityEditor.BuildPlayerWindow:ShowBuildTargetSettings() (at C:\buildslave\unity\build\Editor\Mono\BuildPlayerWindow.cs:812)
UnityEditor.BuildPlayerWindow:OnGUI() (at C:\buildslave\unity\build\Editor\Mono\BuildPlayerWindow.cs:426)
System.Reflection.MonoMethod:InternalInvoke(Object, Object[], Exception&)
System.Reflection.MonoMethod:Invoke(Object, BindingFlags, Binder, Object[], CultureInfo) (at /Users/builduser/buildslave/mono/build/mcs/class/corlib/System.Reflection/MonoMethod.cs:222)
System.Reflection.MethodBase:Invoke(Object, Object[]) (at /Users/builduser/buildslave/mono/build/mcs/class/corlib/System.Reflection/MethodBase.cs:115)
UnityEditor.HostView:Invoke(String, Object) (at C:\buildslave\unity\build\Editor\Mono\HostView.cs:295)
UnityEditor.HostView:Invoke(String) (at C:\buildslave\unity\build\Editor\Mono\HostView.cs:288)
UnityEditor.HostView:OldOnGUI() (at C:\buildslave\unity\build\Editor\Mono\HostView.cs:107)
UnityEngine.Experimental.UIElements.IMGUIContainer:DoOnGUI(Event) (at C:\buildslave\unity\build\Runtime\UIElements\Managed\IMGUIContainer.cs:183)
UnityEngine.Experimental.UIElements.IMGUIContainer:HandleIMGUIEvent(Event) (at C:\buildslave\unity\build\Runtime\UIElements\Managed\IMGUIContainer.cs:339)
UnityEngine.Experimental.UIElements.IMGUIContainer:HandleEvent(EventBase) (at C:\buildslave\unity\build\Runtime\UIElements\Managed\IMGUIContainer.cs:318)
UnityEngine.Experimental.UIElements.EventDispatcher:DispatchEvent(EventBase, IPanel) (at C:\buildslave\unity\build\Runtime\UIElements\Managed\EventDispatcher.cs:250)
UnityEngine.Experimental.UIElements.UIElementsUtility:DoDispatch(BaseVisualElementPanel) (at C:\buildslave\unity\build\Runtime\UIElements\Managed\UIElementsUtility.cs:256)
UnityEngine.Experimental.UIElements.UIElementsUtility:ProcessEvent(Int32, IntPtr) (at C:\buildslave\unity\build\Runtime\UIElements\Managed\UIElementsUtility.cs:78)
UnityEngine.GUIUtility:ProcessEvent(Int32, IntPtr) (at C:\buildslave\unity\build\Runtime\IMGUI\Managed\GUIUtility.cs:175)
 
(Filename: /Users/builduser/buildslave/mono/build/mcs/class/corlib/System.Reflection/MonoMethod.cs Line: 222)

 Mapping new ns http://schemas.android.com/sdk/android/repo/addon2/02 to old ns http://schemas.android.com/sdk/android/repo/addon2/01
UnityEngine.DebugLogHandler:Internal_Log(LogType, String, Object)
UnityEngine.DebugLogHandler:LogFormat(LogType, Object, String, Object[])
UnityEngine.Logger:Log(LogType, Object)
UnityEngine.Debug:LogWarning(Object)
UnityEditor.Android.AndroidSDKTools:DetectErrorsAndWarnings(String, String)
UnityEditor.Android.AndroidSDKTools:RunAndroidSdkTool(String, String, Boolean, WaitingForProcessToExit, String)
UnityEditor.Android.AndroidSDKTools:ListTargetPlatforms(WaitingForProcessToExit)
UnityEditor.Android.AndroidSDKTools:GetTopAndroidPlatformAvailable(WaitingForProcessToExit)
UnityEditor.Android.PostProcessor.Tasks.SDKPlatformDetector:GetVersion(AndroidSDKTools)
UnityEditor.Android.PostProcessor.Tasks.SDKComponentDetector:Detect(AndroidSDKTools, Version, ProgressHandler)
UnityEditor.Android.PostProcessor.Tasks.CheckAndroidSDK:EnsureSDKComponentVersion(Version, SDKComponentDetector)
UnityEditor.Android.PostProcessor.Tasks.CheckAndroidSDK:EnsureSDKComponentVersion(Int32, SDKComponentDetector)
UnityEditor.Android.PostProcessor.Tasks.CheckAndroidSDK:Execute(PostProcessorContext)
UnityEditor.Android.PostProcessor.PostProcessRunner:RunAllTasks(PostProcessorContext)
UnityEditor.Android.PostProcessAndroidPlayer:PrepareForBuild(BuildOptions, BuildTarget)
UnityEditor.Android.AndroidBuildPostprocessor:PrepareForBuild(BuildOptions, BuildTarget)
UnityEditor.PostprocessBuildPlayer:PrepareForBuild(BuildOptions, BuildTargetGroup, BuildTarget) (at C:\buildslave\unity\build\Editor\Mono\BuildPipeline\PostprocessBuildPlayer.cs:87)
UnityEditor.BuildPipeline:BuildPlayerInternalNoCheck(String[], String, String, BuildTargetGroup, BuildTarget, BuildOptions, Boolean)
UnityEditor.DefaultBuildMethods:BuildPlayer(BuildPlayerOptions) (at C:\buildslave\unity\build\Editor\Mono\BuildPlayerWindowBuildMethods.cs:164)
UnityEditor.BuildPlayerWindow:CallBuildMethods(Boolean, BuildOptions) (at C:\buildslave\unity\build\Editor\Mono\BuildPlayerWindowBuildMethods.cs:88)
UnityEditor.BuildPlayerWindow:GUIBuildButtons(IBuildWindowExtension, Boolean, Boolean, Boolean, BuildPlatform) (at C:\buildslave\unity\build\Editor\Mono\BuildPlayerWindow.cs:882)
UnityEditor.BuildPlayerWindow:ShowBuildTargetSettings() (at C:\buildslave\unity\build\Editor\Mono\BuildPlayerWindow.cs:812)
UnityEditor.BuildPlayerWindow:OnGUI() (at C:\buildslave\unity\build\Editor\Mono\BuildPlayerWindow.cs:426)
System.Reflection.MonoMethod:InternalInvoke(Object, Object[], Exception&)
System.Reflection.MonoMethod:Invoke(Object, BindingFlags, Binder, Object[], CultureInfo) (at /Users/builduser/buildslave/mono/build/mcs/class/corlib/System.Reflection/MonoMethod.cs:222)
System.Reflection.MethodBase:Invoke(Object, Object[]) (at /Users/builduser/buildslave/mono/build/mcs/class/corlib/System.Reflection/MethodBase.cs:115)
UnityEditor.HostView:Invoke(String, Object) (at C:\buildslave\unity\build\Editor\Mono\HostView.cs:295)
UnityEditor.HostView:Invoke(String) (at C:\buildslave\unity\build\Editor\Mono\HostView.cs:288)
UnityEditor.HostView:OldOnGUI() (at C:\buildslave\unity\build\Editor\Mono\HostView.cs:107)
UnityEngine.Experimental.UIElements.IMGUIContainer:DoOnGUI(Event) (at C:\buildslave\unity\build\Runtime\UIElements\Managed\IMGUIContainer.cs:183)
UnityEngine.Experimental.UIElements.IMGUIContainer:HandleIMGUIEvent(Event) (at C:\buildslave\unity\build\Runtime\UIElements\Managed\IMGUIContainer.cs:339)
UnityEngine.Experimental.UIElements.IMGUIContainer:HandleEvent(EventBase) (at C:\buildslave\unity\build\Runtime\UIElements\Managed\IMGUIContainer.cs:318)
UnityEngine.Experimental.UIElements.EventDispatcher:DispatchEvent(EventBase, IPanel) (at C:\buildslave\unity\build\Runtime\UIElements\Managed\EventDispatcher.cs:250)
UnityEngine.Experimental.UIElements.UIElementsUtility:DoDispatch(BaseVisualElementPanel) (at C:\buildslave\unity\build\Runtime\UIElements\Managed\UIElementsUtility.cs:256)
UnityEngine.Experimental.UIElements.UIElementsUtility:ProcessEvent(Int32, IntPtr) (at C:\buildslave\unity\build\Runtime\UIElements\Managed\UIElementsUtility.cs:78)
UnityEngine.GUIUtility:ProcessEvent(Int32, IntPtr) (at C:\buildslave\unity\build\Runtime\IMGUI\Managed\GUIUtility.cs:175)
 
(Filename: /Users/builduser/buildslave/mono/build/mcs/class/corlib/System.Reflection/MonoMethod.cs Line: 222)

 Mapping new ns http://schemas.android.com/sdk/android/repo/addon2/03 to old ns http://schemas.android.com/sdk/android/repo/addon2/01
UnityEngine.DebugLogHandler:Internal_Log(LogType, String, Object)
UnityEngine.DebugLogHandler:LogFormat(LogType, Object, String, Object[])
UnityEngine.Logger:Log(LogType, Object)
UnityEngine.Debug:LogWarning(Object)
UnityEditor.Android.AndroidSDKTools:DetectErrorsAndWarnings(String, String)
UnityEditor.Android.AndroidSDKTools:RunAndroidSdkTool(String, String, Boolean, WaitingForProcessToExit, String)
UnityEditor.Android.AndroidSDKTools:ListTargetPlatforms(WaitingForProcessToExit)
UnityEditor.Android.AndroidSDKTools:GetTopAndroidPlatformAvailable(WaitingForProcessToExit)
UnityEditor.Android.PostProcessor.Tasks.SDKPlatformDetector:GetVersion(AndroidSDKTools)
UnityEditor.Android.PostProcessor.Tasks.SDKComponentDetector:Detect(AndroidSDKTools, Version, ProgressHandler)
UnityEditor.Android.PostProcessor.Tasks.CheckAndroidSDK:EnsureSDKComponentVersion(Version, SDKComponentDetector)
UnityEditor.Android.PostProcessor.Tasks.CheckAndroidSDK:EnsureSDKComponentVersion(Int32, SDKComponentDetector)
UnityEditor.Android.PostProcessor.Tasks.CheckAndroidSDK:Execute(PostProcessorContext)
UnityEditor.Android.PostProcessor.PostProcessRunner:RunAllTasks(PostProcessorContext)
UnityEditor.Android.PostProcessAndroidPlayer:PrepareForBuild(BuildOptions, BuildTarget)
UnityEditor.Android.AndroidBuildPostprocessor:PrepareForBuild(BuildOptions, BuildTarget)
UnityEditor.PostprocessBuildPlayer:PrepareForBuild(BuildOptions, BuildTargetGroup, BuildTarget) (at C:\buildslave\unity\build\Editor\Mono\BuildPipeline\PostprocessBuildPlayer.cs:87)
UnityEditor.BuildPipeline:BuildPlayerInternalNoCheck(String[], String, String, BuildTargetGroup, BuildTarget, BuildOptions, Boolean)
UnityEditor.DefaultBuildMethods:BuildPlayer(BuildPlayerOptions) (at C:\buildslave\unity\build\Editor\Mono\BuildPlayerWindowBuildMethods.cs:164)
UnityEditor.BuildPlayerWindow:CallBuildMethods(Boolean, BuildOptions) (at C:\buildslave\unity\build\Editor\Mono\BuildPlayerWindowBuildMethods.cs:88)
UnityEditor.BuildPlayerWindow:GUIBuildButtons(IBuildWindowExtension, Boolean, Boolean, Boolean, BuildPlatform) (at C:\buildslave\unity\build\Editor\Mono\BuildPlayerWindow.cs:882)
UnityEditor.BuildPlayerWindow:ShowBuildTargetSettings() (at C:\buildslave\unity\build\Editor\Mono\BuildPlayerWindow.cs:812)
UnityEditor.BuildPlayerWindow:OnGUI() (at C:\buildslave\unity\build\Editor\Mono\BuildPlayerWindow.cs:426)
System.Reflection.MonoMethod:InternalInvoke(Object, Object[], Exception&)
System.Reflection.MonoMethod:Invoke(Object, BindingFlags, Binder, Object[], CultureInfo) (at /Users/builduser/buildslave/mono/build/mcs/class/corlib/System.Reflection/MonoMethod.cs:222)
System.Reflection.MethodBase:Invoke(Object, Object[]) (at /Users/builduser/buildslave/mono/build/mcs/class/corlib/System.Reflection/MethodBase.cs:115)
UnityEditor.HostView:Invoke(String, Object) (at C:\buildslave\unity\build\Editor\Mono\HostView.cs:295)
UnityEditor.HostView:Invoke(String) (at C:\buildslave\unity\build\Editor\Mono\HostView.cs:288)
UnityEditor.HostView:OldOnGUI() (at C:\buildslave\unity\build\Editor\Mono\HostView.cs:107)
UnityEngine.Experimental.UIElements.IMGUIContainer:DoOnGUI(Event) (at C:\buildslave\unity\build\Runtime\UIElements\Managed\IMGUIContainer.cs:183)
UnityEngine.Experimental.UIElements.IMGUIContainer:HandleIMGUIEvent(Event) (at C:\buildslave\unity\build\Runtime\UIElements\Managed\IMGUIContainer.cs:339)
UnityEngine.Experimental.UIElements.IMGUIContainer:HandleEvent(EventBase) (at C:\buildslave\unity\build\Runtime\UIElements\Managed\IMGUIContainer.cs:318)
UnityEngine.Experimental.UIElements.EventDispatcher:DispatchEvent(EventBase, IPanel) (at C:\buildslave\unity\build\Runtime\UIElements\Managed\EventDispatcher.cs:250)
UnityEngine.Experimental.UIElements.UIElementsUtility:DoDispatch(BaseVisualElementPanel) (at C:\buildslave\unity\build\Runtime\UIElements\Managed\UIElementsUtility.cs:256)
UnityEngine.Experimental.UIElements.UIElementsUtility:ProcessEvent(Int32, IntPtr) (at C:\buildslave\unity\build\Runtime\UIElements\Managed\UIElementsUtility.cs:78)
UnityEngine.GUIUtility:ProcessEvent(Int32, IntPtr) (at C:\buildslave\unity\build\Runtime\IMGUI\Managed\GUIUtility.cs:175)
 
(Filename: /Users/builduser/buildslave/mono/build/mcs/class/corlib/System.Reflection/MonoMethod.cs Line: 222)

 Mapping new ns http://schemas.android.com/sdk/android/repo/repository2/02 to old ns http://schemas.android.com/sdk/android/repo/repository2/01
UnityEngine.DebugLogHandler:Internal_Log(LogType, String, Object)
UnityEngine.DebugLogHandler:LogFormat(LogType, Object, String, Object[])
UnityEngine.Logger:Log(LogType, Object)
UnityEngine.Debug:LogWarning(Object)
UnityEditor.Android.AndroidSDKTools:DetectErrorsAndWarnings(String, String)
UnityEditor.Android.AndroidSDKTools:RunAndroidSdkTool(String, String, Boolean, WaitingForProcessToExit, String)
UnityEditor.Android.AndroidSDKTools:ListTargetPlatforms(WaitingForProcessToExit)
UnityEditor.Android.AndroidSDKTools:GetTopAndroidPlatformAvailable(WaitingForProcessToExit)
UnityEditor.Android.PostProcessor.Tasks.SDKPlatformDetector:GetVersion(AndroidSDKTools)
UnityEditor.Android.PostProcessor.Tasks.SDKComponentDetector:Detect(AndroidSDKTools, Version, ProgressHandler)
UnityEditor.Android.PostProcessor.Tasks.CheckAndroidSDK:EnsureSDKComponentVersion(Version, SDKComponentDetector)
UnityEditor.Android.PostProcessor.Tasks.CheckAndroidSDK:EnsureSDKComponentVersion(Int32, SDKComponentDetector)
UnityEditor.Android.PostProcessor.Tasks.CheckAndroidSDK:Execute(PostProcessorContext)
UnityEditor.Android.PostProcessor.PostProcessRunner:RunAllTasks(PostProcessorContext)
UnityEditor.Android.PostProcessAndroidPlayer:PrepareForBuild(BuildOptions, BuildTarget)
UnityEditor.Android.AndroidBuildPostprocessor:PrepareForBuild(BuildOptions, BuildTarget)
UnityEditor.PostprocessBuildPlayer:PrepareForBuild(BuildOptions, BuildTargetGroup, BuildTarget) (at C:\buildslave\unity\build\Editor\Mono\BuildPipeline\PostprocessBuildPlayer.cs:87)
UnityEditor.BuildPipeline:BuildPlayerInternalNoCheck(String[], String, String, BuildTargetGroup, BuildTarget, BuildOptions, Boolean)
UnityEditor.DefaultBuildMethods:BuildPlayer(BuildPlayerOptions) (at C:\buildslave\unity\build\Editor\Mono\BuildPlayerWindowBuildMethods.cs:164)
UnityEditor.BuildPlayerWindow:CallBuildMethods(Boolean, BuildOptions) (at C:\buildslave\unity\build\Editor\Mono\BuildPlayerWindowBuildMethods.cs:88)
UnityEditor.BuildPlayerWindow:GUIBuildButtons(IBuildWindowExtension, Boolean, Boolean, Boolean, BuildPlatform) (at C:\buildslave\unity\build\Editor\Mono\BuildPlayerWindow.cs:882)
UnityEditor.BuildPlayerWindow:ShowBuildTargetSettings() (at C:\buildslave\unity\build\Editor\Mono\BuildPlayerWindow.cs:812)
UnityEditor.BuildPlayerWindow:OnGUI() (at C:\buildslave\unity\build\Editor\Mono\BuildPlayerWindow.cs:426)
System.Reflection.MonoMethod:InternalInvoke(Object, Object[], Exception&)
System.Reflection.MonoMethod:Invoke(Object, BindingFlags, Binder, Object[], CultureInfo) (at /Users/builduser/buildslave/mono/build/mcs/class/corlib/System.Reflection/MonoMethod.cs:222)
System.Reflection.MethodBase:Invoke(Object, Object[]) (at /Users/builduser/buildslave/mono/build/mcs/class/corlib/System.Reflection/MethodBase.cs:115)
UnityEditor.HostView:Invoke(String, Object) (at C:\buildslave\unity\build\Editor\Mono\HostView.cs:295)
UnityEditor.HostView:Invoke(String) (at C:\buildslave\unity\build\Editor\Mono\HostView.cs:288)
UnityEditor.HostView:OldOnGUI() (at C:\buildslave\unity\build\Editor\Mono\HostView.cs:107)
UnityEngine.Experimental.UIElements.IMGUIContainer:DoOnGUI(Event) (at C:\buildslave\unity\build\Runtime\UIElements\Managed\IMGUIContainer.cs:183)
UnityEngine.Experimental.UIElements.IMGUIContainer:HandleIMGUIEvent(Event) (at C:\buildslave\unity\build\Runtime\UIElements\Managed\IMGUIContainer.cs:339)
UnityEngine.Experimental.UIElements.IMGUIContainer:HandleEvent(EventBase) (at C:\buildslave\unity\build\Runtime\UIElements\Managed\IMGUIContainer.cs:318)
UnityEngine.Experimental.UIElements.EventDispatcher:DispatchEvent(EventBase, IPanel) (at C:\buildslave\unity\build\Runtime\UIElements\Managed\EventDispatcher.cs:250)
UnityEngine.Experimental.UIElements.UIElementsUtility:DoDispatch(BaseVisualElementPanel) (at C:\buildslave\unity\build\Runtime\UIElements\Managed\UIElementsUtility.cs:256)
UnityEngine.Experimental.UIElements.UIElementsUtility:ProcessEvent(Int32, IntPtr) (at C:\buildslave\unity\build\Runtime\UIElements\Managed\UIElementsUtility.cs:78)
UnityEngine.GUIUtility:ProcessEvent(Int32, IntPtr) (at C:\buildslave\unity\build\Runtime\IMGUI\Managed\GUIUtility.cs:175)
 
(Filename: /Users/builduser/buildslave/mono/build/mcs/class/corlib/System.Reflection/MonoMethod.cs Line: 222)

 Mapping new ns http://schemas.android.com/sdk/android/repo/repository2/03 to old ns http://schemas.android.com/sdk/android/repo/repository2/01
UnityEngine.DebugLogHandler:Internal_Log(LogType, String, Object)
UnityEngine.DebugLogHandler:LogFormat(LogType, Object, String, Object[])
UnityEngine.Logger:Log(LogType, Object)
UnityEngine.Debug:LogWarning(Object)
UnityEditor.Android.AndroidSDKTools:DetectErrorsAndWarnings(String, String)
UnityEditor.Android.AndroidSDKTools:RunAndroidSdkTool(String, String, Boolean, WaitingForProcessToExit, String)
UnityEditor.Android.AndroidSDKTools:ListTargetPlatforms(WaitingForProcessToExit)
UnityEditor.Android.AndroidSDKTools:GetTopAndroidPlatformAvailable(WaitingForProcessToExit)
UnityEditor.Android.PostProcessor.Tasks.SDKPlatformDetector:GetVersion(AndroidSDKTools)
UnityEditor.Android.PostProcessor.Tasks.SDKComponentDetector:Detect(AndroidSDKTools, Version, ProgressHandler)
UnityEditor.Android.PostProcessor.Tasks.CheckAndroidSDK:EnsureSDKComponentVersion(Version, SDKComponentDetector)
UnityEditor.Android.PostProcessor.Tasks.CheckAndroidSDK:EnsureSDKComponentVersion(Int32, SDKComponentDetector)
UnityEditor.Android.PostProcessor.Tasks.CheckAndroidSDK:Execute(PostProcessorContext)
UnityEditor.Android.PostProcessor.PostProcessRunner:RunAllTasks(PostProcessorContext)
UnityEditor.Android.PostProcessAndroidPlayer:PrepareForBuild(BuildOptions, BuildTarget)
UnityEditor.Android.AndroidBuildPostprocessor:PrepareForBuild(BuildOptions, BuildTarget)
UnityEditor.PostprocessBuildPlayer:PrepareForBuild(BuildOptions, BuildTargetGroup, BuildTarget) (at C:\buildslave\unity\build\Editor\Mono\BuildPipeline\PostprocessBuildPlayer.cs:87)
UnityEditor.BuildPipeline:BuildPlayerInternalNoCheck(String[], String, String, BuildTargetGroup, BuildTarget, BuildOptions, Boolean)
UnityEditor.DefaultBuildMethods:BuildPlayer(BuildPlayerOptions) (at C:\buildslave\unity\build\Editor\Mono\BuildPlayerWindowBuildMethods.cs:164)
UnityEditor.BuildPlayerWindow:CallBuildMethods(Boolean, BuildOptions) (at C:\buildslave\unity\build\Editor\Mono\BuildPlayerWindowBuildMethods.cs:88)
UnityEditor.BuildPlayerWindow:GUIBuildButtons(IBuildWindowExtension, Boolean, Boolean, Boolean, BuildPlatform) (at C:\buildslave\unity\build\Editor\Mono\BuildPlayerWindow.cs:882)
UnityEditor.BuildPlayerWindow:ShowBuildTargetSettings() (at C:\buildslave\unity\build\Editor\Mono\BuildPlayerWindow.cs:812)
UnityEditor.BuildPlayerWindow:OnGUI() (at C:\buildslave\unity\build\Editor\Mono\BuildPlayerWindow.cs:426)
System.Reflection.MonoMethod:InternalInvoke(Object, Object[], Exception&)
System.Reflection.MonoMethod:Invoke(Object, BindingFlags, Binder, Object[], CultureInfo) (at /Users/builduser/buildslave/mono/build/mcs/class/corlib/System.Reflection/MonoMethod.cs:222)
System.Reflection.MethodBase:Invoke(Object, Object[]) (at /Users/builduser/buildslave/mono/build/mcs/class/corlib/System.Reflection/MethodBase.cs:115)
UnityEditor.HostView:Invoke(String, Object) (at C:\buildslave\unity\build\Editor\Mono\HostView.cs:295)
UnityEditor.HostView:Invoke(String) (at C:\buildslave\unity\build\Editor\Mono\HostView.cs:288)
UnityEditor.HostView:OldOnGUI() (at C:\buildslave\unity\build\Editor\Mono\HostView.cs:107)
UnityEngine.Experimental.UIElements.IMGUIContainer:DoOnGUI(Event) (at C:\buildslave\unity\build\Runtime\UIElements\Managed\IMGUIContainer.cs:183)
UnityEngine.Experimental.UIElements.IMGUIContainer:HandleIMGUIEvent(Event) (at C:\buildslave\unity\build\Runtime\UIElements\Managed\IMGUIContainer.cs:339)
UnityEngine.Experimental.UIElements.IMGUIContainer:HandleEvent(EventBase) (at C:\buildslave\unity\build\Runtime\UIElements\Managed\IMGUIContainer.cs:318)
UnityEngine.Experimental.UIElements.EventDispatcher:DispatchEvent(EventBase, IPanel) (at C:\buildslave\unity\build\Runtime\UIElements\Managed\EventDispatcher.cs:250)
UnityEngine.Experimental.UIElements.UIElementsUtility:DoDispatch(BaseVisualElementPanel) (at C:\buildslave\unity\build\Runtime\UIElements\Managed\UIElementsUtility.cs:256)
UnityEngine.Experimental.UIElements.UIElementsUtility:ProcessEvent(Int32, IntPtr) (at C:\buildslave\unity\build\Runtime\UIElements\Managed\UIElementsUtility.cs:78)
UnityEngine.GUIUtility:ProcessEvent(Int32, IntPtr) (at C:\buildslave\unity\build\Runtime\IMGUI\Managed\GUIUtility.cs:175)
 
(Filename: /Users/builduser/buildslave/mono/build/mcs/class/corlib/System.Reflection/MonoMethod.cs Line: 222)

 Mapping new ns http://schemas.android.com/sdk/android/repo/sys-img2/04 to old ns http://schemas.android.com/sdk/android/repo/sys-img2/01
UnityEngine.DebugLogHandler:Internal_Log(LogType, String, Object)
UnityEngine.DebugLogHandler:LogFormat(LogType, Object, String, Object[])
UnityEngine.Logger:Log(LogType, Object)
UnityEngine.Debug:LogWarning(Object)
UnityEditor.Android.AndroidSDKTools:DetectErrorsAndWarnings(String, String)
UnityEditor.Android.AndroidSDKTools:RunAndroidSdkTool(String, String, Boolean, WaitingForProcessToExit, String)
UnityEditor.Android.AndroidSDKTools:ListTargetPlatforms(WaitingForProcessToExit)
UnityEditor.Android.AndroidSDKTools:GetTopAndroidPlatformAvailable(WaitingForProcessToExit)
UnityEditor.Android.PostProcessor.Tasks.SDKPlatformDetector:GetVersion(AndroidSDKTools)
UnityEditor.Android.PostProcessor.Tasks.SDKComponentDetector:Detect(AndroidSDKTools, Version, ProgressHandler)
UnityEditor.Android.PostProcessor.Tasks.CheckAndroidSDK:EnsureSDKComponentVersion(Version, SDKComponentDetector)
UnityEditor.Android.PostProcessor.Tasks.CheckAndroidSDK:EnsureSDKComponentVersion(Int32, SDKComponentDetector)
UnityEditor.Android.PostProcessor.Tasks.CheckAndroidSDK:Execute(PostProcessorContext)
UnityEditor.Android.PostProcessor.PostProcessRunner:RunAllTasks(PostProcessorContext)
UnityEditor.Android.PostProcessAndroidPlayer:PrepareForBuild(BuildOptions, BuildTarget)
UnityEditor.Android.AndroidBuildPostprocessor:PrepareForBuild(BuildOptions, BuildTarget)
UnityEditor.PostprocessBuildPlayer:PrepareForBuild(BuildOptions, BuildTargetGroup, BuildTarget) (at C:\buildslave\unity\build\Editor\Mono\BuildPipeline\PostprocessBuildPlayer.cs:87)
UnityEditor.BuildPipeline:BuildPlayerInternalNoCheck(String[], String, String, BuildTargetGroup, BuildTarget, BuildOptions, Boolean)
UnityEditor.DefaultBuildMethods:BuildPlayer(BuildPlayerOptions) (at C:\buildslave\unity\build\Editor\Mono\BuildPlayerWindowBuildMethods.cs:164)
UnityEditor.BuildPlayerWindow:CallBuildMethods(Boolean, BuildOptions) (at C:\buildslave\unity\build\Editor\Mono\BuildPlayerWindowBuildMethods.cs:88)
UnityEditor.BuildPlayerWindow:GUIBuildButtons(IBuildWindowExtension, Boolean, Boolean, Boolean, BuildPlatform) (at C:\buildslave\unity\build\Editor\Mono\BuildPlayerWindow.cs:882)
UnityEditor.BuildPlayerWindow:ShowBuildTargetSettings() (at C:\buildslave\unity\build\Editor\Mono\BuildPlayerWindow.cs:812)
UnityEditor.BuildPlayerWindow:OnGUI() (at C:\buildslave\unity\build\Editor\Mono\BuildPlayerWindow.cs:426)
System.Reflection.MonoMethod:InternalInvoke(Object, Object[], Exception&)
System.Reflection.MonoMethod:Invoke(Object, BindingFlags, Binder, Object[], CultureInfo) (at /Users/builduser/buildslave/mono/build/mcs/class/corlib/System.Reflection/MonoMethod.cs:222)
System.Reflection.MethodBase:Invoke(Object, Object[]) (at /Users/builduser/buildslave/mono/build/mcs/class/corlib/System.Reflection/MethodBase.cs:115)
UnityEditor.HostView:Invoke(String, Object) (at C:\buildslave\unity\build\Editor\Mono\HostView.cs:295)
UnityEditor.HostView:Invoke(String) (at C:\buildslave\unity\build\Editor\Mono\HostView.cs:288)
UnityEditor.HostView:OldOnGUI() (at C:\buildslave\unity\build\Editor\Mono\HostView.cs:107)
UnityEngine.Experimental.UIElements.IMGUIContainer:DoOnGUI(Event) (at C:\buildslave\unity\build\Runtime\UIElements\Managed\IMGUIContainer.cs:183)
UnityEngine.Experimental.UIElements.IMGUIContainer:HandleIMGUIEvent(Event) (at C:\buildslave\unity\build\Runtime\UIElements\Managed\IMGUIContainer.cs:339)
UnityEngine.Experimental.UIElements.IMGUIContainer:HandleEvent(EventBase) (at C:\buildslave\unity\build\Runtime\UIElements\Managed\IMGUIContainer.cs:318)
UnityEngine.Experimental.UIElements.EventDispatcher:DispatchEvent(EventBase, IPanel) (at C:\buildslave\unity\build\Runtime\UIElements\Managed\EventDispatcher.cs:250)
UnityEngine.Experimental.UIElements.UIElementsUtility:DoDispatch(BaseVisualElementPanel) (at C:\buildslave\unity\build\Runtime\UIElements\Managed\UIElementsUtility.cs:256)
UnityEngine.Experimental.UIElements.UIElementsUtility:ProcessEvent(Int32, IntPtr) (at C:\buildslave\unity\build\Runtime\UIElements\Managed\UIElementsUtility.cs:78)
UnityEngine.GUIUtility:ProcessEvent(Int32, IntPtr) (at C:\buildslave\unity\build\Runtime\IMGUI\Managed\GUIUtility.cs:175)
 
(Filename: /Users/builduser/buildslave/mono/build/mcs/class/corlib/System.Reflection/MonoMethod.cs Line: 222)

 Mapping new ns http://schemas.android.com/sdk/android/repo/sys-img2/03 to old ns http://schemas.android.com/sdk/android/repo/sys-img2/01
UnityEngine.DebugLogHandler:Internal_Log(LogType, String, Object)
UnityEngine.DebugLogHandler:LogFormat(LogType, Object, String, Object[])
UnityEngine.Logger:Log(LogType, Object)
UnityEngine.Debug:LogWarning(Object)
UnityEditor.Android.AndroidSDKTools:DetectErrorsAndWarnings(String, String)
UnityEditor.Android.AndroidSDKTools:RunAndroidSdkTool(String, String, Boolean, WaitingForProcessToExit, String)
UnityEditor.Android.AndroidSDKTools:ListTargetPlatforms(WaitingForProcessToExit)
UnityEditor.Android.AndroidSDKTools:GetTopAndroidPlatformAvailable(WaitingForProcessToExit)
UnityEditor.Android.PostProcessor.Tasks.SDKPlatformDetector:GetVersion(AndroidSDKTools)
UnityEditor.Android.PostProcessor.Tasks.SDKComponentDetector:Detect(AndroidSDKTools, Version, ProgressHandler)
UnityEditor.Android.PostProcessor.Tasks.CheckAndroidSDK:EnsureSDKComponentVersion(Version, SDKComponentDetector)
UnityEditor.Android.PostProcessor.Tasks.CheckAndroidSDK:EnsureSDKComponentVersion(Int32, SDKComponentDetector)
UnityEditor.Android.PostProcessor.Tasks.CheckAndroidSDK:Execute(PostProcessorContext)
UnityEditor.Android.PostProcessor.PostProcessRunner:RunAllTasks(PostProcessorContext)
UnityEditor.Android.PostProcessAndroidPlayer:PrepareForBuild(BuildOptions, BuildTarget)
UnityEditor.Android.AndroidBuildPostprocessor:PrepareForBuild(BuildOptions, BuildTarget)
UnityEditor.PostprocessBuildPlayer:PrepareForBuild(BuildOptions, BuildTargetGroup, BuildTarget) (at C:\buildslave\unity\build\Editor\Mono\BuildPipeline\PostprocessBuildPlayer.cs:87)
UnityEditor.BuildPipeline:BuildPlayerInternalNoCheck(String[], String, String, BuildTargetGroup, BuildTarget, BuildOptions, Boolean)
UnityEditor.DefaultBuildMethods:BuildPlayer(BuildPlayerOptions) (at C:\buildslave\unity\build\Editor\Mono\BuildPlayerWindowBuildMethods.cs:164)
UnityEditor.BuildPlayerWindow:CallBuildMethods(Boolean, BuildOptions) (at C:\buildslave\unity\build\Editor\Mono\BuildPlayerWindowBuildMethods.cs:88)
UnityEditor.BuildPlayerWindow:GUIBuildButtons(IBuildWindowExtension, Boolean, Boolean, Boolean, BuildPlatform) (at C:\buildslave\unity\build\Editor\Mono\BuildPlayerWindow.cs:882)
UnityEditor.BuildPlayerWindow:ShowBuildTargetSettings() (at C:\buildslave\unity\build\Editor\Mono\BuildPlayerWindow.cs:812)
UnityEditor.BuildPlayerWindow:OnGUI() (at C:\buildslave\unity\build\Editor\Mono\BuildPlayerWindow.cs:426)
System.Reflection.MonoMethod:InternalInvoke(Object, Object[], Exception&)
System.Reflection.MonoMethod:Invoke(Object, BindingFlags, Binder, Object[], CultureInfo) (at /Users/builduser/buildslave/mono/build/mcs/class/corlib/System.Reflection/MonoMethod.cs:222)
System.Reflection.MethodBase:Invoke(Object, Object[]) (at /Users/builduser/buildslave/mono/build/mcs/class/corlib/System.Reflection/MethodBase.cs:115)
UnityEditor.HostView:Invoke(String, Object) (at C:\buildslave\unity\build\Editor\Mono\HostView.cs:295)
UnityEditor.HostView:Invoke(String) (at C:\buildslave\unity\build\Editor\Mono\HostView.cs:288)
UnityEditor.HostView:OldOnGUI() (at C:\buildslave\unity\build\Editor\Mono\HostView.cs:107)
UnityEngine.Experimental.UIElements.IMGUIContainer:DoOnGUI(Event) (at C:\buildslave\unity\build\Runtime\UIElements\Managed\IMGUIContainer.cs:183)
UnityEngine.Experimental.UIElements.IMGUIContainer:HandleIMGUIEvent(Event) (at C:\buildslave\unity\build\Runtime\UIElements\Managed\IMGUIContainer.cs:339)
UnityEngine.Experimental.UIElements.IMGUIContainer:HandleEvent(EventBase) (at C:\buildslave\unity\build\Runtime\UIElements\Managed\IMGUIContainer.cs:318)
UnityEngine.Experimental.UIElements.EventDispatcher:DispatchEvent(EventBase, IPanel) (at C:\buildslave\unity\build\Runtime\UIElements\Managed\EventDispatcher.cs:250)
UnityEngine.Experimental.UIElements.UIElementsUtility:DoDispatch(BaseVisualElementPanel) (at C:\buildslave\unity\build\Runtime\UIElements\Managed\UIElementsUtility.cs:256)
UnityEngine.Experimental.UIElements.UIElementsUtility:ProcessEvent(Int32, IntPtr) (at C:\buildslave\unity\build\Runtime\UIElements\Managed\UIElementsUtility.cs:78)
UnityEngine.GUIUtility:ProcessEvent(Int32, IntPtr) (at C:\buildslave\unity\build\Runtime\IMGUI\Managed\GUIUtility.cs:175)
 
(Filename: /Users/builduser/buildslave/mono/build/mcs/class/corlib/System.Reflection/MonoMethod.cs Line: 222)

 Mapping new ns http://schemas.android.com/sdk/android/repo/sys-img2/02 to old ns http://schemas.android.com/sdk/android/repo/sys-img2/01
UnityEngine.DebugLogHandler:Internal_Log(LogType, String, Object)
UnityEngine.DebugLogHandler:LogFormat(LogType, Object, String, Object[])
UnityEngine.Logger:Log(LogType, Object)
UnityEngine.Debug:LogWarning(Object)
UnityEditor.Android.AndroidSDKTools:DetectErrorsAndWarnings(String, String)
UnityEditor.Android.AndroidSDKTools:RunAndroidSdkTool(String, String, Boolean, WaitingForProcessToExit, String)
UnityEditor.Android.AndroidSDKTools:ListTargetPlatforms(WaitingForProcessToExit)
UnityEditor.Android.AndroidSDKTools:GetTopAndroidPlatformAvailable(WaitingForProcessToExit)
UnityEditor.Android.PostProcessor.Tasks.SDKPlatformDetector:GetVersion(AndroidSDKTools)
UnityEditor.Android.PostProcessor.Tasks.SDKComponentDetector:Detect(AndroidSDKTools, Version, ProgressHandler)
UnityEditor.Android.PostProcessor.Tasks.CheckAndroidSDK:EnsureSDKComponentVersion(Version, SDKComponentDetector)
UnityEditor.Android.PostProcessor.Tasks.CheckAndroidSDK:EnsureSDKComponentVersion(Int32, SDKComponentDetector)
UnityEditor.Android.PostProcessor.Tasks.CheckAndroidSDK:Execute(PostProcessorContext)
UnityEditor.Android.PostProcessor.PostProcessRunner:RunAllTasks(PostProcessorContext)
UnityEditor.Android.PostProcessAndroidPlayer:PrepareForBuild(BuildOptions, BuildTarget)
UnityEditor.Android.AndroidBuildPostprocessor:PrepareForBuild(BuildOptions, BuildTarget)
UnityEditor.PostprocessBuildPlayer:PrepareForBuild(BuildOptions, BuildTargetGroup, BuildTarget) (at C:\buildslave\unity\build\Editor\Mono\BuildPipeline\PostprocessBuildPlayer.cs:87)
UnityEditor.BuildPipeline:BuildPlayerInternalNoCheck(String[], String, String, BuildTargetGroup, BuildTarget, BuildOptions, Boolean)
UnityEditor.DefaultBuildMethods:BuildPlayer(BuildPlayerOptions) (at C:\buildslave\unity\build\Editor\Mono\BuildPlayerWindowBuildMethods.cs:164)
UnityEditor.BuildPlayerWindow:CallBuildMethods(Boolean, BuildOptions) (at C:\buildslave\unity\build\Editor\Mono\BuildPlayerWindowBuildMethods.cs:88)
UnityEditor.BuildPlayerWindow:GUIBuildButtons(IBuildWindowExtension, Boolean, Boolean, Boolean, BuildPlatform) (at C:\buildslave\unity\build\Editor\Mono\BuildPlayerWindow.cs:882)
UnityEditor.BuildPlayerWindow:ShowBuildTargetSettings() (at C:\buildslave\unity\build\Editor\Mono\BuildPlayerWindow.cs:812)
UnityEditor.BuildPlayerWindow:OnGUI() (at C:\buildslave\unity\build\Editor\Mono\BuildPlayerWindow.cs:426)
System.Reflection.MonoMethod:InternalInvoke(Object, Object[], Exception&)
System.Reflection.MonoMethod:Invoke(Object, BindingFlags, Binder, Object[], CultureInfo) (at /Users/builduser/buildslave/mono/build/mcs/class/corlib/System.Reflection/MonoMethod.cs:222)
System.Reflection.MethodBase:Invoke(Object, Object[]) (at /Users/builduser/buildslave/mono/build/mcs/class/corlib/System.Reflection/MethodBase.cs:115)
UnityEditor.HostView:Invoke(String, Object) (at C:\buildslave\unity\build\Editor\Mono\HostView.cs:295)
UnityEditor.HostView:Invoke(String) (at C:\buildslave\unity\build\Editor\Mono\HostView.cs:288)
UnityEditor.HostView:OldOnGUI() (at C:\buildslave\unity\build\Editor\Mono\HostView.cs:107)
UnityEngine.Experimental.UIElements.IMGUIContainer:DoOnGUI(Event) (at C:\buildslave\unity\build\Runtime\UIElements\Managed\IMGUIContainer.cs:183)
UnityEngine.Experimental.UIElements.IMGUIContainer:HandleIMGUIEvent(Event) (at C:\buildslave\unity\build\Runtime\UIElements\Managed\IMGUIContainer.cs:339)
UnityEngine.Experimental.UIElements.IMGUIContainer:HandleEvent(EventBase) (at C:\buildslave\unity\build\Runtime\UIElements\Managed\IMGUIContainer.cs:318)
UnityEngine.Experimental.UIElements.EventDispatcher:DispatchEvent(EventBase, IPanel) (at C:\buildslave\unity\build\Runtime\UIElements\Managed\EventDispatcher.cs:250)
UnityEngine.Experimental.UIElements.UIElementsUtility:DoDispatch(BaseVisualElementPanel) (at C:\buildslave\unity\build\Runtime\UIElements\Managed\UIElementsUtility.cs:256)
UnityEngine.Experimental.UIElements.UIElementsUtility:ProcessEvent(Int32, IntPtr) (at C:\buildslave\unity\build\Runtime\UIElements\Managed\UIElementsUtility.cs:78)
UnityEngine.GUIUtility:ProcessEvent(Int32, IntPtr) (at C:\buildslave\unity\build\Runtime\IMGUI\Managed\GUIUtility.cs:175)
 
(Filename: /Users/builduser/buildslave/mono/build/mcs/class/corlib/System.Reflection/MonoMethod.cs Line: 222)

 cvc-complex-type.2.4.a: Se ha encontrado contenido no v�lido a partir del elemento 'extension-level'. Se esperaba uno de '{layoutlib}'.
UnityEngine.DebugLogHandler:Internal_Log(LogType, String, Object)
UnityEngine.DebugLogHandler:LogFormat(LogType, Object, String, Object[])
UnityEngine.Logger:Log(LogType, Object)
UnityEngine.Debug:LogWarning(Object)
UnityEditor.Android.AndroidSDKTools:DetectErrorsAndWarnings(String, String)
UnityEditor.Android.AndroidSDKTools:RunAndroidSdkTool(String, String, Boolean, WaitingForProcessToExit, String)
UnityEditor.Android.AndroidSDKTools:ListTargetPlatforms(WaitingForProcessToExit)
UnityEditor.Android.AndroidSDKTools:GetTopAndroidPlatformAvailable(WaitingForProcessToExit)
UnityEditor.Android.PostProcessor.Tasks.SDKPlatformDetector:GetVersion(AndroidSDKTools)
UnityEditor.Android.PostProcessor.Tasks.SDKComponentDetector:Detect(AndroidSDKTools, Version, ProgressHandler)
UnityEditor.Android.PostProcessor.Tasks.CheckAndroidSDK:EnsureSDKComponentVersion(Version, SDKComponentDetector)
UnityEditor.Android.PostProcessor.Tasks.CheckAndroidSDK:EnsureSDKComponentVersion(Int32, SDKComponentDetector)
UnityEditor.Android.PostProcessor.Tasks.CheckAndroidSDK:Execute(PostProcessorContext)
UnityEditor.Android.PostProcessor.PostProcessRunner:RunAllTasks(PostProcessorContext)
UnityEditor.Android.PostProcessAndroidPlayer:PrepareForBuild(BuildOptions, BuildTarget)
UnityEditor.Android.AndroidBuildPostprocessor:PrepareForBuild(BuildOptions, BuildTarget)
UnityEditor.PostprocessBuildPlayer:PrepareForBuild(BuildOptions, BuildTargetGroup, BuildTarget) (at C:\buildslave\unity\build\Editor\Mono\BuildPipeline\PostprocessBuildPlayer.cs:87)
UnityEditor.BuildPipeline:BuildPlayerInternalNoCheck(String[], String, String, BuildTargetGroup, BuildTarget, BuildOptions, Boolean)
UnityEditor.DefaultBuildMethods:BuildPlayer(BuildPlayerOptions) (at C:\buildslave\unity\build\Editor\Mono\BuildPlayerWindowBuildMethods.cs:164)
UnityEditor.BuildPlayerWindow:CallBuildMethods(Boolean, BuildOptions) (at C:\buildslave\unity\build\Editor\Mono\BuildPlayerWindowBuildMethods.cs:88)
UnityEditor.BuildPlayerWindow:GUIBuildButtons(IBuildWindowExtension, Boolean, Boolean, Boolean, BuildPlatform) (at C:\buildslave\unity\build\Editor\Mono\BuildPlayerWindow.cs:882)
UnityEditor.BuildPlayerWindow:ShowBuildTargetSettings() (at C:\buildslave\unity\build\Editor\Mono\BuildPlayerWindow.cs:812)
UnityEditor.BuildPlayerWindow:OnGUI() (at C:\buildslave\unity\build\Editor\Mono\BuildPlayerWindow.cs:426)
System.Reflection.MonoMethod:InternalInvoke(Object, Object[], Exception&)
System.Reflection.MonoMethod:Invoke(Object, BindingFlags, Binder, Object[], CultureInfo) (at /Users/builduser/buildslave/mono/build/mcs/class/corlib/System.Reflection/MonoMethod.cs:222)
System.Reflection.MethodBase:Invoke(Object, Object[]) (at /Users/builduser/buildslave/mono/build/mcs/class/corlib/System.Reflection/MethodBase.cs:115)
UnityEditor.HostView:Invoke(String, Object) (at C:\buildslave\unity\build\Editor\Mono\HostView.cs:295)
UnityEditor.HostView:Invoke(String) (at C:\buildslave\unity\build\Editor\Mono\HostView.cs:288)
UnityEditor.HostView:OldOnGUI() (at C:\buildslave\unity\build\Editor\Mono\HostView.cs:107)
UnityEngine.Experimental.UIElements.IMGUIContainer:DoOnGUI(Event) (at C:\buildslave\unity\build\Runtime\UIElements\Managed\IMGUIContainer.cs:183)
UnityEngine.Experimental.UIElements.IMGUIContainer:HandleIMGUIEvent(Event) (at C:\buildslave\unity\build\Runtime\UIElements\Managed\IMGUIContainer.cs:339)
UnityEngine.Experimental.UIElements.IMGUIContainer:HandleEvent(EventBase) (at C:\buildslave\unity\build\Runtime\UIElements\Managed\IMGUIContainer.cs:318)
UnityEngine.Experimental.UIElements.EventDispatcher:DispatchEvent(EventBase, IPanel) (at C:\buildslave\unity\build\Runtime\UIElements\Managed\EventDispatcher.cs:250)
UnityEngine.Experimental.UIElements.UIElementsUtility:DoDispatch(BaseVisualElementPanel) (at C:\buildslave\unity\build\Runtime\UIElements\Managed\UIElementsUtility.cs:256)
UnityEngine.Experimental.UIElements.UIElementsUtility:ProcessEvent(Int32, IntPtr) (at C:\buildslave\unity\build\Runtime\UIElements\Managed\UIElementsUtility.cs:78)
UnityEngine.GUIUtility:ProcessEvent(Int32, IntPtr) (at C:\buildslave\unity\build\Runtime\IMGUI\Managed\GUIUtility.cs:175)
 
(Filename: /Users/builduser/buildslave/mono/build/mcs/class/corlib/System.Reflection/MonoMethod.cs Line: 222)

 elemento inesperado (URI:"", local:"extension-level"). Los elementos esperados son <{}codename>,<{}layoutlib>,<{}api-level>
UnityEngine.DebugLogHandler:Internal_Log(LogType, String, Object)
UnityEngine.DebugLogHandler:LogFormat(LogType, Object, String, Object[])
UnityEngine.Logger:Log(LogType, Object)
UnityEngine.Debug:LogWarning(Object)
UnityEditor.Android.AndroidSDKTools:DetectErrorsAndWarnings(String, String)
UnityEditor.Android.AndroidSDKTools:RunAndroidSdkTool(String, String, Boolean, WaitingForProcessToExit, String)
UnityEditor.Android.AndroidSDKTools:ListTargetPlatforms(WaitingForProcessToExit)
UnityEditor.Android.AndroidSDKTools:GetTopAndroidPlatformAvailable(WaitingForProcessToExit)
UnityEditor.Android.PostProcessor.Tasks.SDKPlatformDetector:GetVersion(AndroidSDKTools)
UnityEditor.Android.PostProcessor.Tasks.SDKComponentDetector:Detect(AndroidSDKTools, Version, ProgressHandler)
UnityEditor.Android.PostProcessor.Tasks.CheckAndroidSDK:EnsureSDKComponentVersion(Version, SDKComponentDetector)
UnityEditor.Android.PostProcessor.Tasks.CheckAndroidSDK:EnsureSDKComponentVersion(Int32, SDKComponentDetector)
UnityEditor.Android.PostProcessor.Tasks.CheckAndroidSDK:Execute(PostProcessorContext)
UnityEditor.Android.PostProcessor.PostProcessRunner:RunAllTasks(PostProcessorContext)
UnityEditor.Android.PostProcessAndroidPlayer:PrepareForBuild(BuildOptions, BuildTarget)
UnityEditor.Android.AndroidBuildPostprocessor:PrepareForBuild(BuildOptions, BuildTarget)
UnityEditor.PostprocessBuildPlayer:PrepareForBuild(BuildOptions, BuildTargetGroup, BuildTarget) (at C:\buildslave\unity\build\Editor\Mono\BuildPipeline\PostprocessBuildPlayer.cs:87)
UnityEditor.BuildPipeline:BuildPlayerInternalNoCheck(String[], String, String, BuildTargetGroup, BuildTarget, BuildOptions, Boolean)
UnityEditor.DefaultBuildMethods:BuildPlayer(BuildPlayerOptions) (at C:\buildslave\unity\build\Editor\Mono\BuildPlayerWindowBuildMethods.cs:164)
UnityEditor.BuildPlayerWindow:CallBuildMethods(Boolean, BuildOptions) (at C:\buildslave\unity\build\Editor\Mono\BuildPlayerWindowBuildMethods.cs:88)
UnityEditor.BuildPlayerWindow:GUIBuildButtons(IBuildWindowExtension, Boolean, Boolean, Boolean, BuildPlatform) (at C:\buildslave\unity\build\Editor\Mono\BuildPlayerWindow.cs:882)
UnityEditor.BuildPlayerWindow:ShowBuildTargetSettings() (at C:\buildslave\unity\build\Editor\Mono\BuildPlayerWindow.cs:812)
UnityEditor.BuildPlayerWindow:OnGUI() (at C:\buildslave\unity\build\Editor\Mono\BuildPlayerWindow.cs:426)
System.Reflection.MonoMethod:InternalInvoke(Object, Object[], Exception&)
System.Reflection.MonoMethod:Invoke(Object, BindingFlags, Binder, Object[], CultureInfo) (at /Users/builduser/buildslave/mono/build/mcs/class/corlib/System.Reflection/MonoMethod.cs:222)
System.Reflection.MethodBase:Invoke(Object, Object[]) (at /Users/builduser/buildslave/mono/build/mcs/class/corlib/System.Reflection/MethodBase.cs:115)
UnityEditor.HostView:Invoke(String, Object) (at C:\buildslave\unity\build\Editor\Mono\HostView.cs:295)
UnityEditor.HostView:Invoke(String) (at C:\buildslave\unity\build\Editor\Mono\HostView.cs:288)
UnityEditor.HostView:OldOnGUI() (at C:\buildslave\unity\build\Editor\Mono\HostView.cs:107)
UnityEngine.Experimental.UIElements.IMGUIContainer:DoOnGUI(Event) (at C:\buildslave\unity\build\Runtime\UIElements\Managed\IMGUIContainer.cs:183)
UnityEngine.Experimental.UIElements.IMGUIContainer:HandleIMGUIEvent(Event) (at C:\buildslave\unity\build\Runtime\UIElements\Managed\IMGUIContainer.cs:339)
UnityEngine.Experimental.UIElements.IMGUIContainer:HandleEvent(EventBase) (at C:\buildslave\unity\build\Runtime\UIElements\Managed\IMGUIContainer.cs:318)
UnityEngine.Experimental.UIElements.EventDispatcher:DispatchEvent(EventBase, IPanel) (at C:\buildslave\unity\build\Runtime\UIElements\Managed\EventDispatcher.cs:250)
UnityEngine.Experimental.UIElements.UIElementsUtility:DoDispatch(BaseVisualElementPanel) (at C:\buildslave\unity\build\Runtime\UIElements\Managed\UIElementsUtility.cs:256)
UnityEngine.Experimental.UIElements.UIElementsUtility:ProcessEvent(Int32, IntPtr) (at C:\buildslave\unity\build\Runtime\UIElements\Managed\UIElementsUtility.cs:78)
UnityEngine.GUIUtility:ProcessEvent(Int32, IntPtr) (at C:\buildslave\unity\build\Runtime\IMGUI\Managed\GUIUtility.cs:175)
 
(Filename: /Users/builduser/buildslave/mono/build/mcs/class/corlib/System.Reflection/MonoMethod.cs Line: 222)

 elemento inesperado (URI:"", local:"base-extension"). Los elementos esperados son <{}codename>,<{}layoutlib>,<{}api-level>
UnityEngine.DebugLogHandler:Internal_Log(LogType, String, Object)
UnityEngine.DebugLogHandler:LogFormat(LogType, Object, String, Object[])
UnityEngine.Logger:Log(LogType, Object)
UnityEngine.Debug:LogWarning(Object)
UnityEditor.Android.AndroidSDKTools:DetectErrorsAndWarnings(String, String)
UnityEditor.Android.AndroidSDKTools:RunAndroidSdkTool(String, String, Boolean, WaitingForProcessToExit, String)
UnityEditor.Android.AndroidSDKTools:ListTargetPlatforms(WaitingForProcessToExit)
UnityEditor.Android.AndroidSDKTools:GetTopAndroidPlatformAvailable(WaitingForProcessToExit)
UnityEditor.Android.PostProcessor.Tasks.SDKPlatformDetector:GetVersion(AndroidSDKTools)
UnityEditor.Android.PostProcessor.Tasks.SDKComponentDetector:Detect(AndroidSDKTools, Version, ProgressHandler)
UnityEditor.Android.PostProcessor.Tasks.CheckAndroidSDK:EnsureSDKComponentVersion(Version, SDKComponentDetector)
UnityEditor.Android.PostProcessor.Tasks.CheckAndroidSDK:EnsureSDKComponentVersion(Int32, SDKComponentDetector)
UnityEditor.Android.PostProcessor.Tasks.CheckAndroidSDK:Execute(PostProcessorContext)
UnityEditor.Android.PostProcessor.PostProcessRunner:RunAllTasks(PostProcessorContext)
UnityEditor.Android.PostProcessAndroidPlayer:PrepareForBuild(BuildOptions, BuildTarget)
UnityEditor.Android.AndroidBuildPostprocessor:PrepareForBuild(BuildOptions, BuildTarget)
UnityEditor.PostprocessBuildPlayer:PrepareForBuild(BuildOptions, BuildTargetGroup, BuildTarget) (at C:\buildslave\unity\build\Editor\Mono\BuildPipeline\PostprocessBuildPlayer.cs:87)
UnityEditor.BuildPipeline:BuildPlayerInternalNoCheck(String[], String, String, BuildTargetGroup, BuildTarget, BuildOptions, Boolean)
UnityEditor.DefaultBuildMethods:BuildPlayer(BuildPlayerOptions) (at C:\buildslave\unity\build\Editor\Mono\BuildPlayerWindowBuildMethods.cs:164)
UnityEditor.BuildPlayerWindow:CallBuildMethods(Boolean, BuildOptions) (at C:\buildslave\unity\build\Editor\Mono\BuildPlayerWindowBuildMethods.cs:88)
UnityEditor.BuildPlayerWindow:GUIBuildButtons(IBuildWindowExtension, Boolean, Boolean, Boolean, BuildPlatform) (at C:\buildslave\unity\build\Editor\Mono\BuildPlayerWindow.cs:882)
UnityEditor.BuildPlayerWindow:ShowBuildTargetSettings() (at C:\buildslave\unity\build\Editor\Mono\BuildPlayerWindow.cs:812)
UnityEditor.BuildPlayerWindow:OnGUI() (at C:\buildslave\unity\build\Editor\Mono\BuildPlayerWindow.cs:426)
System.Reflection.MonoMethod:InternalInvoke(Object, Object[], Exception&)
System.Reflection.MonoMethod:Invoke(Object, BindingFlags, Binder, Object[], CultureInfo) (at /Users/builduser/buildslave/mono/build/mcs/class/corlib/System.Reflection/MonoMethod.cs:222)
System.Reflection.MethodBase:Invoke(Object, Object[]) (at /Users/builduser/buildslave/mono/build/mcs/class/corlib/System.Reflection/MethodBase.cs:115)
UnityEditor.HostView:Invoke(String, Object) (at C:\buildslave\unity\build\Editor\Mono\HostView.cs:295)
UnityEditor.HostView:Invoke(String) (at C:\buildslave\unity\build\Editor\Mono\HostView.cs:288)
UnityEditor.HostView:OldOnGUI() (at C:\buildslave\unity\build\Editor\Mono\HostView.cs:107)
UnityEngine.Experimental.UIElements.IMGUIContainer:DoOnGUI(Event) (at C:\buildslave\unity\build\Runtime\UIElements\Managed\IMGUIContainer.cs:183)
UnityEngine.Experimental.UIElements.IMGUIContainer:HandleIMGUIEvent(Event) (at C:\buildslave\unity\build\Runtime\UIElements\Managed\IMGUIContainer.cs:339)
UnityEngine.Experimental.UIElements.IMGUIContainer:HandleEvent(EventBase) (at C:\buildslave\unity\build\Runtime\UIElements\Managed\IMGUIContainer.cs:318)
UnityEngine.Experimental.UIElements.EventDispatcher:DispatchEvent(EventBase, IPanel) (at C:\buildslave\unity\build\Runtime\UIElements\Managed\EventDispatcher.cs:250)
UnityEngine.Experimental.UIElements.UIElementsUtility:DoDispatch(BaseVisualElementPanel) (at C:\buildslave\unity\build\Runtime\UIElements\Managed\UIElementsUtility.cs:256)
UnityEngine.Experimental.UIElements.UIElementsUtility:ProcessEvent(Int32, IntPtr) (at C:\buildslave\unity\build\Runtime\UIElements\Managed\UIElementsUtility.cs:78)
UnityEngine.GUIUtility:ProcessEvent(Int32, IntPtr) (at C:\buildslave\unity\build\Runtime\IMGUI\Managed\GUIUtility.cs:175)
 
(Filename: /Users/builduser/buildslave/mono/build/mcs/class/corlib/System.Reflection/MonoMethod.cs Line: 222)

 Mapping new ns http://schemas.android.com/repository/android/common/02 to old ns http://schemas.android.com/repository/android/common/01
UnityEngine.DebugLogHandler:Internal_Log(LogType, String, Object)
UnityEngine.DebugLogHandler:LogFormat(LogType, Object, String, Object[])
UnityEngine.Logger:Log(LogType, Object)
UnityEngine.Debug:LogWarning(Object)
UnityEditor.Android.AndroidSDKTools:DetectErrorsAndWarnings(String, String)
UnityEditor.Android.AndroidSDKTools:RunAndroidSdkTool(String, String, Boolean, WaitingForProcessToExit, String)
UnityEditor.Android.AndroidSDKTools:ListTargetPlatforms(WaitingForProcessToExit)
UnityEditor.Android.AndroidSDKTools:GetTopAndroidPlatformAvailable(WaitingForProcessToExit)
UnityEditor.Android.PostProcessor.Tasks.SDKPlatformDetector:GetVersion(AndroidSDKTools)
UnityEditor.Android.PostProcessor.Tasks.SDKComponentDetector:Detect(AndroidSDKTools, Version, ProgressHandler)
UnityEditor.Android.PostProcessor.Tasks.CheckAndroidSDK:EnsureSDKComponentVersion(Version, SDKComponentDetector)
UnityEditor.Android.PostProcessor.Tasks.CheckAndroidSDK:EnsureSDKComponentVersion(Int32, SDKComponentDetector)
UnityEditor.Android.PostProcessor.Tasks.CheckAndroidSDK:Execute(PostProcessorContext)
UnityEditor.Android.PostProcessor.PostProcessRunner:RunAllTasks(PostProcessorContext)
UnityEditor.Android.PostProcessAndroidPlayer:PrepareForBuild(BuildOptions, BuildTarget)
UnityEditor.Android.AndroidBuildPostprocessor:PrepareForBuild(BuildOptions, BuildTarget)
UnityEditor.PostprocessBuildPlayer:PrepareForBuild(BuildOptions, BuildTargetGroup, BuildTarget) (at C:\buildslave\unity\build\Editor\Mono\BuildPipeline\PostprocessBuildPlayer.cs:87)
UnityEditor.BuildPipeline:BuildPlayerInternalNoCheck(String[], String, String, BuildTargetGroup, BuildTarget, BuildOptions, Boolean)
UnityEditor.DefaultBuildMethods:BuildPlayer(BuildPlayerOptions) (at C:\buildslave\unity\build\Editor\Mono\BuildPlayerWindowBuildMethods.cs:164)
UnityEditor.BuildPlayerWindow:CallBuildMethods(Boolean, BuildOptions) (at C:\buildslave\unity\build\Editor\Mono\BuildPlayerWindowBuildMethods.cs:88)
UnityEditor.BuildPlayerWindow:GUIBuildButtons(IBuildWindowExtension, Boolean, Boolean, Boolean, BuildPlatform) (at C:\buildslave\unity\build\Editor\Mono\BuildPlayerWindow.cs:882)
UnityEditor.BuildPlayerWindow:ShowBuildTargetSettings() (at C:\buildslave\unity\build\Editor\Mono\BuildPlayerWindow.cs:812)
UnityEditor.BuildPlayerWindow:OnGUI() (at C:\buildslave\unity\build\Editor\Mono\BuildPlayerWindow.cs:426)
System.Reflection.MonoMethod:InternalInvoke(Object, Object[], Exception&)
System.Reflection.MonoMethod:Invoke(Object, BindingFlags, Binder, Object[], CultureInfo) (at /Users/builduser/buildslave/mono/build/mcs/class/corlib/System.Reflection/MonoMethod.cs:222)
System.Reflection.MethodBase:Invoke(Object, Object[]) (at /Users/builduser/buildslave/mono/build/mcs/class/corlib/System.Reflection/MethodBase.cs:115)
UnityEditor.HostView:Invoke(String, Object) (at C:\buildslave\unity\build\Editor\Mono\HostView.cs:295)
UnityEditor.HostView:Invoke(String) (at C:\buildslave\unity\build\Editor\Mono\HostView.cs:288)
UnityEditor.HostView:OldOnGUI() (at C:\buildslave\unity\build\Editor\Mono\HostView.cs:107)
UnityEngine.Experimental.UIElements.IMGUIContainer:DoOnGUI(Event) (at C:\buildslave\unity\build\Runtime\UIElements\Managed\IMGUIContainer.cs:183)
UnityEngine.Experimental.UIElements.IMGUIContainer:HandleIMGUIEvent(Event) (at C:\buildslave\unity\build\Runtime\UIElements\Managed\IMGUIContainer.cs:339)
UnityEngine.Experimental.UIElements.IMGUIContainer:HandleEvent(EventBase) (at C:\buildslave\unity\build\Runtime\UIElements\Managed\IMGUIContainer.cs:318)
UnityEngine.Experimental.UIElements.EventDispatcher:DispatchEvent(EventBase, IPanel) (at C:\buildslave\unity\build\Runtime\UIElements\Managed\EventDispatcher.cs:250)
UnityEngine.Experimental.UIElements.UIElementsUtility:DoDispatch(BaseVisualElementPanel) (at C:\buildslave\unity\build\Runtime\UIElements\Managed\UIElementsUtility.cs:256)
UnityEngine.Experimental.UIElements.UIElementsUtility:ProcessEvent(Int32, IntPtr) (at C:\buildslave\unity\build\Runtime\UIElements\Managed\UIElementsUtility.cs:78)
UnityEngine.GUIUtility:ProcessEvent(Int32, IntPtr) (at C:\buildslave\unity\build\Runtime\IMGUI\Managed\GUIUtility.cs:175)
 
(Filename: /Users/builduser/buildslave/mono/build/mcs/class/corlib/System.Reflection/MonoMethod.cs Line: 222)

 Mapping new ns http://schemas.android.com/repository/android/generic/02 to old ns http://schemas.android.com/repository/android/generic/01
UnityEngine.DebugLogHandler:Internal_Log(LogType, String, Object)
UnityEngine.DebugLogHandler:LogFormat(LogType, Object, String, Object[])
UnityEngine.Logger:Log(LogType, Object)
UnityEngine.Debug:LogWarning(Object)
UnityEditor.Android.AndroidSDKTools:DetectErrorsAndWarnings(String, String)
UnityEditor.Android.AndroidSDKTools:RunAndroidSdkTool(String, String, Boolean, WaitingForProcessToExit, String)
UnityEditor.Android.AndroidSDKTools:ListTargetPlatforms(WaitingForProcessToExit)
UnityEditor.Android.AndroidSDKTools:GetTopAndroidPlatformAvailable(WaitingForProcessToExit)
UnityEditor.Android.PostProcessor.Tasks.SDKPlatformDetector:GetVersion(AndroidSDKTools)
UnityEditor.Android.PostProcessor.Tasks.SDKComponentDetector:Detect(AndroidSDKTools, Version, ProgressHandler)
UnityEditor.Android.PostProcessor.Tasks.CheckAndroidSDK:EnsureSDKComponentVersion(Version, SDKComponentDetector)
UnityEditor.Android.PostProcessor.Tasks.CheckAndroidSDK:EnsureSDKComponentVersion(Int32, SDKComponentDetector)
UnityEditor.Android.PostProcessor.Tasks.CheckAndroidSDK:Execute(PostProcessorContext)
UnityEditor.Android.PostProcessor.PostProcessRunner:RunAllTasks(PostProcessorContext)
UnityEditor.Android.PostProcessAndroidPlayer:PrepareForBuild(BuildOptions, BuildTarget)
UnityEditor.Android.AndroidBuildPostprocessor:PrepareForBuild(BuildOptions, BuildTarget)
UnityEditor.PostprocessBuildPlayer:PrepareForBuild(BuildOptions, BuildTargetGroup, BuildTarget) (at C:\buildslave\unity\build\Editor\Mono\BuildPipeline\PostprocessBuildPlayer.cs:87)
UnityEditor.BuildPipeline:BuildPlayerInternalNoCheck(String[], String, String, BuildTargetGroup, BuildTarget, BuildOptions, Boolean)
UnityEditor.DefaultBuildMethods:BuildPlayer(BuildPlayerOptions) (at C:\buildslave\unity\build\Editor\Mono\BuildPlayerWindowBuildMethods.cs:164)
UnityEditor.BuildPlayerWindow:CallBuildMethods(Boolean, BuildOptions) (at C:\buildslave\unity\build\Editor\Mono\BuildPlayerWindowBuildMethods.cs:88)
UnityEditor.BuildPlayerWindow:GUIBuildButtons(IBuildWindowExtension, Boolean, Boolean, Boolean, BuildPlatform) (at C:\buildslave\unity\build\Editor\Mono\BuildPlayerWindow.cs:882)
UnityEditor.BuildPlayerWindow:ShowBuildTargetSettings() (at C:\buildslave\unity\build\Editor\Mono\BuildPlayerWindow.cs:812)
UnityEditor.BuildPlayerWindow:OnGUI() (at C:\buildslave\unity\build\Editor\Mono\BuildPlayerWindow.cs:426)
System.Reflection.MonoMethod:InternalInvoke(Object, Object[], Exception&)
System.Reflection.MonoMethod:Invoke(Object, BindingFlags, Binder, Object[], CultureInfo) (at /Users/builduser/buildslave/mono/build/mcs/class/corlib/System.Reflection/MonoMethod.cs:222)
System.Reflection.MethodBase:Invoke(Object, Object[]) (at /Users/builduser/buildslave/mono/build/mcs/class/corlib/System.Reflection/MethodBase.cs:115)
UnityEditor.HostView:Invoke(String, Object) (at C:\buildslave\unity\build\Editor\Mono\HostView.cs:295)
UnityEditor.HostView:Invoke(String) (at C:\buildslave\unity\build\Editor\Mono\HostView.cs:288)
UnityEditor.HostView:OldOnGUI() (at C:\buildslave\unity\build\Editor\Mono\HostView.cs:107)
UnityEngine.Experimental.UIElements.IMGUIContainer:DoOnGUI(Event) (at C:\buildslave\unity\build\Runtime\UIElements\Managed\IMGUIContainer.cs:183)
UnityEngine.Experimental.UIElements.IMGUIContainer:HandleIMGUIEvent(Event) (at C:\buildslave\unity\build\Runtime\UIElements\Managed\IMGUIContainer.cs:339)
UnityEngine.Experimental.UIElements.IMGUIContainer:HandleEvent(EventBase) (at C:\buildslave\unity\build\Runtime\UIElements\Managed\IMGUIContainer.cs:318)
UnityEngine.Experimental.UIElements.EventDispatcher:DispatchEvent(EventBase, IPanel) (at C:\buildslave\unity\build\Runtime\UIElements\Managed\EventDispatcher.cs:250)
UnityEngine.Experimental.UIElements.UIElementsUtility:DoDispatch(BaseVisualElementPanel) (at C:\buildslave\unity\build\Runtime\UIElements\Managed\UIElementsUtility.cs:256)
UnityEngine.Experimental.UIElements.UIElementsUtility:ProcessEvent(Int32, IntPtr) (at C:\buildslave\unity\build\Runtime\UIElements\Managed\UIElementsUtility.cs:78)
UnityEngine.GUIUtility:ProcessEvent(Int32, IntPtr) (at C:\buildslave\unity\build\Runtime\IMGUI\Managed\GUIUtility.cs:175)
 
(Filename: /Users/builduser/buildslave/mono/build/mcs/class/corlib/System.Reflection/MonoMethod.cs Line: 222)

 Mapping new ns http://schemas.android.com/sdk/android/repo/addon2/02 to old ns http://schemas.android.com/sdk/android/repo/addon2/01
UnityEngine.DebugLogHandler:Internal_Log(LogType, String, Object)
UnityEngine.DebugLogHandler:LogFormat(LogType, Object, String, Object[])
UnityEngine.Logger:Log(LogType, Object)
UnityEngine.Debug:LogWarning(Object)
UnityEditor.Android.AndroidSDKTools:DetectErrorsAndWarnings(String, String)
UnityEditor.Android.AndroidSDKTools:RunAndroidSdkTool(String, String, Boolean, WaitingForProcessToExit, String)
UnityEditor.Android.AndroidSDKTools:ListTargetPlatforms(WaitingForProcessToExit)
UnityEditor.Android.AndroidSDKTools:GetTopAndroidPlatformAvailable(WaitingForProcessToExit)
UnityEditor.Android.PostProcessor.Tasks.SDKPlatformDetector:GetVersion(AndroidSDKTools)
UnityEditor.Android.PostProcessor.Tasks.SDKComponentDetector:Detect(AndroidSDKTools, Version, ProgressHandler)
UnityEditor.Android.PostProcessor.Tasks.CheckAndroidSDK:EnsureSDKComponentVersion(Version, SDKComponentDetector)
UnityEditor.Android.PostProcessor.Tasks.CheckAndroidSDK:EnsureSDKComponentVersion(Int32, SDKComponentDetector)
UnityEditor.Android.PostProcessor.Tasks.CheckAndroidSDK:Execute(PostProcessorContext)
UnityEditor.Android.PostProcessor.PostProcessRunner:RunAllTasks(PostProcessorContext)
UnityEditor.Android.PostProcessAndroidPlayer:PrepareForBuild(BuildOptions, BuildTarget)
UnityEditor.Android.AndroidBuildPostprocessor:PrepareForBuild(BuildOptions, BuildTarget)
UnityEditor.PostprocessBuildPlayer:PrepareForBuild(BuildOptions, BuildTargetGroup, BuildTarget) (at C:\buildslave\unity\build\Editor\Mono\BuildPipeline\PostprocessBuildPlayer.cs:87)
UnityEditor.BuildPipeline:BuildPlayerInternalNoCheck(String[], String, String, BuildTargetGroup, BuildTarget, BuildOptions, Boolean)
UnityEditor.DefaultBuildMethods:BuildPlayer(BuildPlayerOptions) (at C:\buildslave\unity\build\Editor\Mono\BuildPlayerWindowBuildMethods.cs:164)
UnityEditor.BuildPlayerWindow:CallBuildMethods(Boolean, BuildOptions) (at C:\buildslave\unity\build\Editor\Mono\BuildPlayerWindowBuildMethods.cs:88)
UnityEditor.BuildPlayerWindow:GUIBuildButtons(IBuildWindowExtension, Boolean, Boolean, Boolean, BuildPlatform) (at C:\buildslave\unity\build\Editor\Mono\BuildPlayerWindow.cs:882)
UnityEditor.BuildPlayerWindow:ShowBuildTargetSettings() (at C:\buildslave\unity\build\Editor\Mono\BuildPlayerWindow.cs:812)
UnityEditor.BuildPlayerWindow:OnGUI() (at C:\buildslave\unity\build\Editor\Mono\BuildPlayerWindow.cs:426)
System.Reflection.MonoMethod:InternalInvoke(Object, Object[], Exception&)
System.Reflection.MonoMethod:Invoke(Object, BindingFlags, Binder, Object[], CultureInfo) (at /Users/builduser/buildslave/mono/build/mcs/class/corlib/System.Reflection/MonoMethod.cs:222)
System.Reflection.MethodBase:Invoke(Object, Object[]) (at /Users/builduser/buildslave/mono/build/mcs/class/corlib/System.Reflection/MethodBase.cs:115)
UnityEditor.HostView:Invoke(String, Object) (at C:\buildslave\unity\build\Editor\Mono\HostView.cs:295)
UnityEditor.HostView:Invoke(String) (at C:\buildslave\unity\build\Editor\Mono\HostView.cs:288)
UnityEditor.HostView:OldOnGUI() (at C:\buildslave\unity\build\Editor\Mono\HostView.cs:107)
UnityEngine.Experimental.UIElements.IMGUIContainer:DoOnGUI(Event) (at C:\buildslave\unity\build\Runtime\UIElements\Managed\IMGUIContainer.cs:183)
UnityEngine.Experimental.UIElements.IMGUIContainer:HandleIMGUIEvent(Event) (at C:\buildslave\unity\build\Runtime\UIElements\Managed\IMGUIContainer.cs:339)
UnityEngine.Experimental.UIElements.IMGUIContainer:HandleEvent(EventBase) (at C:\buildslave\unity\build\Runtime\UIElements\Managed\IMGUIContainer.cs:318)
UnityEngine.Experimental.UIElements.EventDispatcher:DispatchEvent(EventBase, IPanel) (at C:\buildslave\unity\build\Runtime\UIElements\Managed\EventDispatcher.cs:250)
UnityEngine.Experimental.UIElements.UIElementsUtility:DoDispatch(BaseVisualElementPanel) (at C:\buildslave\unity\build\Runtime\UIElements\Managed\UIElementsUtility.cs:256)
UnityEngine.Experimental.UIElements.UIElementsUtility:ProcessEvent(Int32, IntPtr) (at C:\buildslave\unity\build\Runtime\UIElements\Managed\UIElementsUtility.cs:78)
UnityEngine.GUIUtility:ProcessEvent(Int32, IntPtr) (at C:\buildslave\unity\build\Runtime\IMGUI\Managed\GUIUtility.cs:175)
 
(Filename: /Users/builduser/buildslave/mono/build/mcs/class/corlib/System.Reflection/MonoMethod.cs Line: 222)

 Mapping new ns http://schemas.android.com/sdk/android/repo/addon2/03 to old ns http://schemas.android.com/sdk/android/repo/addon2/01
UnityEngine.DebugLogHandler:Internal_Log(LogType, String, Object)
UnityEngine.DebugLogHandler:LogFormat(LogType, Object, String, Object[])
UnityEngine.Logger:Log(LogType, Object)
UnityEngine.Debug:LogWarning(Object)
UnityEditor.Android.AndroidSDKTools:DetectErrorsAndWarnings(String, String)
UnityEditor.Android.AndroidSDKTools:RunAndroidSdkTool(String, String, Boolean, WaitingForProcessToExit, String)
UnityEditor.Android.AndroidSDKTools:ListTargetPlatforms(WaitingForProcessToExit)
UnityEditor.Android.AndroidSDKTools:GetTopAndroidPlatformAvailable(WaitingForProcessToExit)
UnityEditor.Android.PostProcessor.Tasks.SDKPlatformDetector:GetVersion(AndroidSDKTools)
UnityEditor.Android.PostProcessor.Tasks.SDKComponentDetector:Detect(AndroidSDKTools, Version, ProgressHandler)
UnityEditor.Android.PostProcessor.Tasks.CheckAndroidSDK:EnsureSDKComponentVersion(Version, SDKComponentDetector)
UnityEditor.Android.PostProcessor.Tasks.CheckAndroidSDK:EnsureSDKComponentVersion(Int32, SDKComponentDetector)
UnityEditor.Android.PostProcessor.Tasks.CheckAndroidSDK:Execute(PostProcessorContext)
UnityEditor.Android.PostProcessor.PostProcessRunner:RunAllTasks(PostProcessorContext)
UnityEditor.Android.PostProcessAndroidPlayer:PrepareForBuild(BuildOptions, BuildTarget)
UnityEditor.Android.AndroidBuildPostprocessor:PrepareForBuild(BuildOptions, BuildTarget)
UnityEditor.PostprocessBuildPlayer:PrepareForBuild(BuildOptions, BuildTargetGroup, BuildTarget) (at C:\buildslave\unity\build\Editor\Mono\BuildPipeline\PostprocessBuildPlayer.cs:87)
UnityEditor.BuildPipeline:BuildPlayerInternalNoCheck(String[], String, String, BuildTargetGroup, BuildTarget, BuildOptions, Boolean)
UnityEditor.DefaultBuildMethods:BuildPlayer(BuildPlayerOptions) (at C:\buildslave\unity\build\Editor\Mono\BuildPlayerWindowBuildMethods.cs:164)
UnityEditor.BuildPlayerWindow:CallBuildMethods(Boolean, BuildOptions) (at C:\buildslave\unity\build\Editor\Mono\BuildPlayerWindowBuildMethods.cs:88)
UnityEditor.BuildPlayerWindow:GUIBuildButtons(IBuildWindowExtension, Boolean, Boolean, Boolean, BuildPlatform) (at C:\buildslave\unity\build\Editor\Mono\BuildPlayerWindow.cs:882)
UnityEditor.BuildPlayerWindow:ShowBuildTargetSettings() (at C:\buildslave\unity\build\Editor\Mono\BuildPlayerWindow.cs:812)
UnityEditor.BuildPlayerWindow:OnGUI() (at C:\buildslave\unity\build\Editor\Mono\BuildPlayerWindow.cs:426)
System.Reflection.MonoMethod:InternalInvoke(Object, Object[], Exception&)
System.Reflection.MonoMethod:Invoke(Object, BindingFlags, Binder, Object[], CultureInfo) (at /Users/builduser/buildslave/mono/build/mcs/class/corlib/System.Reflection/MonoMethod.cs:222)
System.Reflection.MethodBase:Invoke(Object, Object[]) (at /Users/builduser/buildslave/mono/build/mcs/class/corlib/System.Reflection/MethodBase.cs:115)
UnityEditor.HostView:Invoke(String, Object) (at C:\buildslave\unity\build\Editor\Mono\HostView.cs:295)
UnityEditor.HostView:Invoke(String) (at C:\buildslave\unity\build\Editor\Mono\HostView.cs:288)
UnityEditor.HostView:OldOnGUI() (at C:\buildslave\unity\build\Editor\Mono\HostView.cs:107)
UnityEngine.Experimental.UIElements.IMGUIContainer:DoOnGUI(Event) (at C:\buildslave\unity\build\Runtime\UIElements\Managed\IMGUIContainer.cs:183)
UnityEngine.Experimental.UIElements.IMGUIContainer:HandleIMGUIEvent(Event) (at C:\buildslave\unity\build\Runtime\UIElements\Managed\IMGUIContainer.cs:339)
UnityEngine.Experimental.UIElements.IMGUIContainer:HandleEvent(EventBase) (at C:\buildslave\unity\build\Runtime\UIElements\Managed\IMGUIContainer.cs:318)
UnityEngine.Experimental.UIElements.EventDispatcher:DispatchEvent(EventBase, IPanel) (at C:\buildslave\unity\build\Runtime\UIElements\Managed\EventDispatcher.cs:250)
UnityEngine.Experimental.UIElements.UIElementsUtility:DoDispatch(BaseVisualElementPanel) (at C:\buildslave\unity\build\Runtime\UIElements\Managed\UIElementsUtility.cs:256)
UnityEngine.Experimental.UIElements.UIElementsUtility:ProcessEvent(Int32, IntPtr) (at C:\buildslave\unity\build\Runtime\UIElements\Managed\UIElementsUtility.cs:78)
UnityEngine.GUIUtility:ProcessEvent(Int32, IntPtr) (at C:\buildslave\unity\build\Runtime\IMGUI\Managed\GUIUtility.cs:175)
 
(Filename: /Users/builduser/buildslave/mono/build/mcs/class/corlib/System.Reflection/MonoMethod.cs Line: 222)

 Mapping new ns http://schemas.android.com/sdk/android/repo/repository2/02 to old ns http://schemas.android.com/sdk/android/repo/repository2/01
UnityEngine.DebugLogHandler:Internal_Log(LogType, String, Object)
UnityEngine.DebugLogHandler:LogFormat(LogType, Object, String, Object[])
UnityEngine.Logger:Log(LogType, Object)
UnityEngine.Debug:LogWarning(Object)
UnityEditor.Android.AndroidSDKTools:DetectErrorsAndWarnings(String, String)
UnityEditor.Android.AndroidSDKTools:RunAndroidSdkTool(String, String, Boolean, WaitingForProcessToExit, String)
UnityEditor.Android.AndroidSDKTools:ListTargetPlatforms(WaitingForProcessToExit)
UnityEditor.Android.AndroidSDKTools:GetTopAndroidPlatformAvailable(WaitingForProcessToExit)
UnityEditor.Android.PostProcessor.Tasks.SDKPlatformDetector:GetVersion(AndroidSDKTools)
UnityEditor.Android.PostProcessor.Tasks.SDKComponentDetector:Detect(AndroidSDKTools, Version, ProgressHandler)
UnityEditor.Android.PostProcessor.Tasks.CheckAndroidSDK:EnsureSDKComponentVersion(Version, SDKComponentDetector)
UnityEditor.Android.PostProcessor.Tasks.CheckAndroidSDK:EnsureSDKComponentVersion(Int32, SDKComponentDetector)
UnityEditor.Android.PostProcessor.Tasks.CheckAndroidSDK:Execute(PostProcessorContext)
UnityEditor.Android.PostProcessor.PostProcessRunner:RunAllTasks(PostProcessorContext)
UnityEditor.Android.PostProcessAndroidPlayer:PrepareForBuild(BuildOptions, BuildTarget)
UnityEditor.Android.AndroidBuildPostprocessor:PrepareForBuild(BuildOptions, BuildTarget)
UnityEditor.PostprocessBuildPlayer:PrepareForBuild(BuildOptions, BuildTargetGroup, BuildTarget) (at C:\buildslave\unity\build\Editor\Mono\BuildPipeline\PostprocessBuildPlayer.cs:87)
UnityEditor.BuildPipeline:BuildPlayerInternalNoCheck(String[], String, String, BuildTargetGroup, BuildTarget, BuildOptions, Boolean)
UnityEditor.DefaultBuildMethods:BuildPlayer(BuildPlayerOptions) (at C:\buildslave\unity\build\Editor\Mono\BuildPlayerWindowBuildMethods.cs:164)
UnityEditor.BuildPlayerWindow:CallBuildMethods(Boolean, BuildOptions) (at C:\buildslave\unity\build\Editor\Mono\BuildPlayerWindowBuildMethods.cs:88)
UnityEditor.BuildPlayerWindow:GUIBuildButtons(IBuildWindowExtension, Boolean, Boolean, Boolean, BuildPlatform) (at C:\buildslave\unity\build\Editor\Mono\BuildPlayerWindow.cs:882)
UnityEditor.BuildPlayerWindow:ShowBuildTargetSettings() (at C:\buildslave\unity\build\Editor\Mono\BuildPlayerWindow.cs:812)
UnityEditor.BuildPlayerWindow:OnGUI() (at C:\buildslave\unity\build\Editor\Mono\BuildPlayerWindow.cs:426)
System.Reflection.MonoMethod:InternalInvoke(Object, Object[], Exception&)
System.Reflection.MonoMethod:Invoke(Object, BindingFlags, Binder, Object[], CultureInfo) (at /Users/builduser/buildslave/mono/build/mcs/class/corlib/System.Reflection/MonoMethod.cs:222)
System.Reflection.MethodBase:Invoke(Object, Object[]) (at /Users/builduser/buildslave/mono/build/mcs/class/corlib/System.Reflection/MethodBase.cs:115)
UnityEditor.HostView:Invoke(String, Object) (at C:\buildslave\unity\build\Editor\Mono\HostView.cs:295)
UnityEditor.HostView:Invoke(String) (at C:\buildslave\unity\build\Editor\Mono\HostView.cs:288)
UnityEditor.HostView:OldOnGUI() (at C:\buildslave\unity\build\Editor\Mono\HostView.cs:107)
UnityEngine.Experimental.UIElements.IMGUIContainer:DoOnGUI(Event) (at C:\buildslave\unity\build\Runtime\UIElements\Managed\IMGUIContainer.cs:183)
UnityEngine.Experimental.UIElements.IMGUIContainer:HandleIMGUIEvent(Event) (at C:\buildslave\unity\build\Runtime\UIElements\Managed\IMGUIContainer.cs:339)
UnityEngine.Experimental.UIElements.IMGUIContainer:HandleEvent(EventBase) (at C:\buildslave\unity\build\Runtime\UIElements\Managed\IMGUIContainer.cs:318)
UnityEngine.Experimental.UIElements.EventDispatcher:DispatchEvent(EventBase, IPanel) (at C:\buildslave\unity\build\Runtime\UIElements\Managed\EventDispatcher.cs:250)
UnityEngine.Experimental.UIElements.UIElementsUtility:DoDispatch(BaseVisualElementPanel) (at C:\buildslave\unity\build\Runtime\UIElements\Managed\UIElementsUtility.cs:256)
UnityEngine.Experimental.UIElements.UIElementsUtility:ProcessEvent(Int32, IntPtr) (at C:\buildslave\unity\build\Runtime\UIElements\Managed\UIElementsUtility.cs:78)
UnityEngine.GUIUtility:ProcessEvent(Int32, IntPtr) (at C:\buildslave\unity\build\Runtime\IMGUI\Managed\GUIUtility.cs:175)
 
(Filename: /Users/builduser/buildslave/mono/build/mcs/class/corlib/System.Reflection/MonoMethod.cs Line: 222)

 Mapping new ns http://schemas.android.com/sdk/android/repo/repository2/03 to old ns http://schemas.android.com/sdk/android/repo/repository2/01
UnityEngine.DebugLogHandler:Internal_Log(LogType, String, Object)
UnityEngine.DebugLogHandler:LogFormat(LogType, Object, String, Object[])
UnityEngine.Logger:Log(LogType, Object)
UnityEngine.Debug:LogWarning(Object)
UnityEditor.Android.AndroidSDKTools:DetectErrorsAndWarnings(String, String)
UnityEditor.Android.AndroidSDKTools:RunAndroidSdkTool(String, String, Boolean, WaitingForProcessToExit, String)
UnityEditor.Android.AndroidSDKTools:ListTargetPlatforms(WaitingForProcessToExit)
UnityEditor.Android.AndroidSDKTools:GetTopAndroidPlatformAvailable(WaitingForProcessToExit)
UnityEditor.Android.PostProcessor.Tasks.SDKPlatformDetector:GetVersion(AndroidSDKTools)
UnityEditor.Android.PostProcessor.Tasks.SDKComponentDetector:Detect(AndroidSDKTools, Version, ProgressHandler)
UnityEditor.Android.PostProcessor.Tasks.CheckAndroidSDK:EnsureSDKComponentVersion(Version, SDKComponentDetector)
UnityEditor.Android.PostProcessor.Tasks.CheckAndroidSDK:EnsureSDKComponentVersion(Int32, SDKComponentDetector)
UnityEditor.Android.PostProcessor.Tasks.CheckAndroidSDK:Execute(PostProcessorContext)
UnityEditor.Android.PostProcessor.PostProcessRunner:RunAllTasks(PostProcessorContext)
UnityEditor.Android.PostProcessAndroidPlayer:PrepareForBuild(BuildOptions, BuildTarget)
UnityEditor.Android.AndroidBuildPostprocessor:PrepareForBuild(BuildOptions, BuildTarget)
UnityEditor.PostprocessBuildPlayer:PrepareForBuild(BuildOptions, BuildTargetGroup, BuildTarget) (at C:\buildslave\unity\build\Editor\Mono\BuildPipeline\PostprocessBuildPlayer.cs:87)
UnityEditor.BuildPipeline:BuildPlayerInternalNoCheck(String[], String, String, BuildTargetGroup, BuildTarget, BuildOptions, Boolean)
UnityEditor.DefaultBuildMethods:BuildPlayer(BuildPlayerOptions) (at C:\buildslave\unity\build\Editor\Mono\BuildPlayerWindowBuildMethods.cs:164)
UnityEditor.BuildPlayerWindow:CallBuildMethods(Boolean, BuildOptions) (at C:\buildslave\unity\build\Editor\Mono\BuildPlayerWindowBuildMethods.cs:88)
UnityEditor.BuildPlayerWindow:GUIBuildButtons(IBuildWindowExtension, Boolean, Boolean, Boolean, BuildPlatform) (at C:\buildslave\unity\build\Editor\Mono\BuildPlayerWindow.cs:882)
UnityEditor.BuildPlayerWindow:ShowBuildTargetSettings() (at C:\buildslave\unity\build\Editor\Mono\BuildPlayerWindow.cs:812)
UnityEditor.BuildPlayerWindow:OnGUI() (at C:\buildslave\unity\build\Editor\Mono\BuildPlayerWindow.cs:426)
System.Reflection.MonoMethod:InternalInvoke(Object, Object[], Exception&)
System.Reflection.MonoMethod:Invoke(Object, BindingFlags, Binder, Object[], CultureInfo) (at /Users/builduser/buildslave/mono/build/mcs/class/corlib/System.Reflection/MonoMethod.cs:222)
System.Reflection.MethodBase:Invoke(Object, Object[]) (at /Users/builduser/buildslave/mono/build/mcs/class/corlib/System.Reflection/MethodBase.cs:115)
UnityEditor.HostView:Invoke(String, Object) (at C:\buildslave\unity\build\Editor\Mono\HostView.cs:295)
UnityEditor.HostView:Invoke(String) (at C:\buildslave\unity\build\Editor\Mono\HostView.cs:288)
UnityEditor.HostView:OldOnGUI() (at C:\buildslave\unity\build\Editor\Mono\HostView.cs:107)
UnityEngine.Experimental.UIElements.IMGUIContainer:DoOnGUI(Event) (at C:\buildslave\unity\build\Runtime\UIElements\Managed\IMGUIContainer.cs:183)
UnityEngine.Experimental.UIElements.IMGUIContainer:HandleIMGUIEvent(Event) (at C:\buildslave\unity\build\Runtime\UIElements\Managed\IMGUIContainer.cs:339)
UnityEngine.Experimental.UIElements.IMGUIContainer:HandleEvent(EventBase) (at C:\buildslave\unity\build\Runtime\UIElements\Managed\IMGUIContainer.cs:318)
UnityEngine.Experimental.UIElements.EventDispatcher:DispatchEvent(EventBase, IPanel) (at C:\buildslave\unity\build\Runtime\UIElements\Managed\EventDispatcher.cs:250)
UnityEngine.Experimental.UIElements.UIElementsUtility:DoDispatch(BaseVisualElementPanel) (at C:\buildslave\unity\build\Runtime\UIElements\Managed\UIElementsUtility.cs:256)
UnityEngine.Experimental.UIElements.UIElementsUtility:ProcessEvent(Int32, IntPtr) (at C:\buildslave\unity\build\Runtime\UIElements\Managed\UIElementsUtility.cs:78)
UnityEngine.GUIUtility:ProcessEvent(Int32, IntPtr) (at C:\buildslave\unity\build\Runtime\IMGUI\Managed\GUIUtility.cs:175)
 
(Filename: /Users/builduser/buildslave/mono/build/mcs/class/corlib/System.Reflection/MonoMethod.cs Line: 222)

 Mapping new ns http://schemas.android.com/sdk/android/repo/sys-img2/04 to old ns http://schemas.android.com/sdk/android/repo/sys-img2/01
UnityEngine.DebugLogHandler:Internal_Log(LogType, String, Object)
UnityEngine.DebugLogHandler:LogFormat(LogType, Object, String, Object[])
UnityEngine.Logger:Log(LogType, Object)
UnityEngine.Debug:LogWarning(Object)
UnityEditor.Android.AndroidSDKTools:DetectErrorsAndWarnings(String, String)
UnityEditor.Android.AndroidSDKTools:RunAndroidSdkTool(String, String, Boolean, WaitingForProcessToExit, String)
UnityEditor.Android.AndroidSDKTools:ListTargetPlatforms(WaitingForProcessToExit)
UnityEditor.Android.AndroidSDKTools:GetTopAndroidPlatformAvailable(WaitingForProcessToExit)
UnityEditor.Android.PostProcessor.Tasks.SDKPlatformDetector:GetVersion(AndroidSDKTools)
UnityEditor.Android.PostProcessor.Tasks.SDKComponentDetector:Detect(AndroidSDKTools, Version, ProgressHandler)
UnityEditor.Android.PostProcessor.Tasks.CheckAndroidSDK:EnsureSDKComponentVersion(Version, SDKComponentDetector)
UnityEditor.Android.PostProcessor.Tasks.CheckAndroidSDK:EnsureSDKComponentVersion(Int32, SDKComponentDetector)
UnityEditor.Android.PostProcessor.Tasks.CheckAndroidSDK:Execute(PostProcessorContext)
UnityEditor.Android.PostProcessor.PostProcessRunner:RunAllTasks(PostProcessorContext)
UnityEditor.Android.PostProcessAndroidPlayer:PrepareForBuild(BuildOptions, BuildTarget)
UnityEditor.Android.AndroidBuildPostprocessor:PrepareForBuild(BuildOptions, BuildTarget)
UnityEditor.PostprocessBuildPlayer:PrepareForBuild(BuildOptions, BuildTargetGroup, BuildTarget) (at C:\buildslave\unity\build\Editor\Mono\BuildPipeline\PostprocessBuildPlayer.cs:87)
UnityEditor.BuildPipeline:BuildPlayerInternalNoCheck(String[], String, String, BuildTargetGroup, BuildTarget, BuildOptions, Boolean)
UnityEditor.DefaultBuildMethods:BuildPlayer(BuildPlayerOptions) (at C:\buildslave\unity\build\Editor\Mono\BuildPlayerWindowBuildMethods.cs:164)
UnityEditor.BuildPlayerWindow:CallBuildMethods(Boolean, BuildOptions) (at C:\buildslave\unity\build\Editor\Mono\BuildPlayerWindowBuildMethods.cs:88)
UnityEditor.BuildPlayerWindow:GUIBuildButtons(IBuildWindowExtension, Boolean, Boolean, Boolean, BuildPlatform) (at C:\buildslave\unity\build\Editor\Mono\BuildPlayerWindow.cs:882)
UnityEditor.BuildPlayerWindow:ShowBuildTargetSettings() (at C:\buildslave\unity\build\Editor\Mono\BuildPlayerWindow.cs:812)
UnityEditor.BuildPlayerWindow:OnGUI() (at C:\buildslave\unity\build\Editor\Mono\BuildPlayerWindow.cs:426)
System.Reflection.MonoMethod:InternalInvoke(Object, Object[], Exception&)
System.Reflection.MonoMethod:Invoke(Object, BindingFlags, Binder, Object[], CultureInfo) (at /Users/builduser/buildslave/mono/build/mcs/class/corlib/System.Reflection/MonoMethod.cs:222)
System.Reflection.MethodBase:Invoke(Object, Object[]) (at /Users/builduser/buildslave/mono/build/mcs/class/corlib/System.Reflection/MethodBase.cs:115)
UnityEditor.HostView:Invoke(String, Object) (at C:\buildslave\unity\build\Editor\Mono\HostView.cs:295)
UnityEditor.HostView:Invoke(String) (at C:\buildslave\unity\build\Editor\Mono\HostView.cs:288)
UnityEditor.HostView:OldOnGUI() (at C:\buildslave\unity\build\Editor\Mono\HostView.cs:107)
UnityEngine.Experimental.UIElements.IMGUIContainer:DoOnGUI(Event) (at C:\buildslave\unity\build\Runtime\UIElements\Managed\IMGUIContainer.cs:183)
UnityEngine.Experimental.UIElements.IMGUIContainer:HandleIMGUIEvent(Event) (at C:\buildslave\unity\build\Runtime\UIElements\Managed\IMGUIContainer.cs:339)
UnityEngine.Experimental.UIElements.IMGUIContainer:HandleEvent(EventBase) (at C:\buildslave\unity\build\Runtime\UIElements\Managed\IMGUIContainer.cs:318)
UnityEngine.Experimental.UIElements.EventDispatcher:DispatchEvent(EventBase, IPanel) (at C:\buildslave\unity\build\Runtime\UIElements\Managed\EventDispatcher.cs:250)
UnityEngine.Experimental.UIElements.UIElementsUtility:DoDispatch(BaseVisualElementPanel) (at C:\buildslave\unity\build\Runtime\UIElements\Managed\UIElementsUtility.cs:256)
UnityEngine.Experimental.UIElements.UIElementsUtility:ProcessEvent(Int32, IntPtr) (at C:\buildslave\unity\build\Runtime\UIElements\Managed\UIElementsUtility.cs:78)
UnityEngine.GUIUtility:ProcessEvent(Int32, IntPtr) (at C:\buildslave\unity\build\Runtime\IMGUI\Managed\GUIUtility.cs:175)
 
(Filename: /Users/builduser/buildslave/mono/build/mcs/class/corlib/System.Reflection/MonoMethod.cs Line: 222)

 Mapping new ns http://schemas.android.com/sdk/android/repo/sys-img2/03 to old ns http://schemas.android.com/sdk/android/repo/sys-img2/01
UnityEngine.DebugLogHandler:Internal_Log(LogType, String, Object)
UnityEngine.DebugLogHandler:LogFormat(LogType, Object, String, Object[])
UnityEngine.Logger:Log(LogType, Object)
UnityEngine.Debug:LogWarning(Object)
UnityEditor.Android.AndroidSDKTools:DetectErrorsAndWarnings(String, String)
UnityEditor.Android.AndroidSDKTools:RunAndroidSdkTool(String, String, Boolean, WaitingForProcessToExit, String)
UnityEditor.Android.AndroidSDKTools:ListTargetPlatforms(WaitingForProcessToExit)
UnityEditor.Android.AndroidSDKTools:GetTopAndroidPlatformAvailable(WaitingForProcessToExit)
UnityEditor.Android.PostProcessor.Tasks.SDKPlatformDetector:GetVersion(AndroidSDKTools)
UnityEditor.Android.PostProcessor.Tasks.SDKComponentDetector:Detect(AndroidSDKTools, Version, ProgressHandler)
UnityEditor.Android.PostProcessor.Tasks.CheckAndroidSDK:EnsureSDKComponentVersion(Version, SDKComponentDetector)
UnityEditor.Android.PostProcessor.Tasks.CheckAndroidSDK:EnsureSDKComponentVersion(Int32, SDKComponentDetector)
UnityEditor.Android.PostProcessor.Tasks.CheckAndroidSDK:Execute(PostProcessorContext)
UnityEditor.Android.PostProcessor.PostProcessRunner:RunAllTasks(PostProcessorContext)
UnityEditor.Android.PostProcessAndroidPlayer:PrepareForBuild(BuildOptions, BuildTarget)
UnityEditor.Android.AndroidBuildPostprocessor:PrepareForBuild(BuildOptions, BuildTarget)
UnityEditor.PostprocessBuildPlayer:PrepareForBuild(BuildOptions, BuildTargetGroup, BuildTarget) (at C:\buildslave\unity\build\Editor\Mono\BuildPipeline\PostprocessBuildPlayer.cs:87)
UnityEditor.BuildPipeline:BuildPlayerInternalNoCheck(String[], String, String, BuildTargetGroup, BuildTarget, BuildOptions, Boolean)
UnityEditor.DefaultBuildMethods:BuildPlayer(BuildPlayerOptions) (at C:\buildslave\unity\build\Editor\Mono\BuildPlayerWindowBuildMethods.cs:164)
UnityEditor.BuildPlayerWindow:CallBuildMethods(Boolean, BuildOptions) (at C:\buildslave\unity\build\Editor\Mono\BuildPlayerWindowBuildMethods.cs:88)
UnityEditor.BuildPlayerWindow:GUIBuildButtons(IBuildWindowExtension, Boolean, Boolean, Boolean, BuildPlatform) (at C:\buildslave\unity\build\Editor\Mono\BuildPlayerWindow.cs:882)
UnityEditor.BuildPlayerWindow:ShowBuildTargetSettings() (at C:\buildslave\unity\build\Editor\Mono\BuildPlayerWindow.cs:812)
UnityEditor.BuildPlayerWindow:OnGUI() (at C:\buildslave\unity\build\Editor\Mono\BuildPlayerWindow.cs:426)
System.Reflection.MonoMethod:InternalInvoke(Object, Object[], Exception&)
System.Reflection.MonoMethod:Invoke(Object, BindingFlags, Binder, Object[], CultureInfo) (at /Users/builduser/buildslave/mono/build/mcs/class/corlib/System.Reflection/MonoMethod.cs:222)
System.Reflection.MethodBase:Invoke(Object, Object[]) (at /Users/builduser/buildslave/mono/build/mcs/class/corlib/System.Reflection/MethodBase.cs:115)
UnityEditor.HostView:Invoke(String, Object) (at C:\buildslave\unity\build\Editor\Mono\HostView.cs:295)
UnityEditor.HostView:Invoke(String) (at C:\buildslave\unity\build\Editor\Mono\HostView.cs:288)
UnityEditor.HostView:OldOnGUI() (at C:\buildslave\unity\build\Editor\Mono\HostView.cs:107)
UnityEngine.Experimental.UIElements.IMGUIContainer:DoOnGUI(Event) (at C:\buildslave\unity\build\Runtime\UIElements\Managed\IMGUIContainer.cs:183)
UnityEngine.Experimental.UIElements.IMGUIContainer:HandleIMGUIEvent(Event) (at C:\buildslave\unity\build\Runtime\UIElements\Managed\IMGUIContainer.cs:339)
UnityEngine.Experimental.UIElements.IMGUIContainer:HandleEvent(EventBase) (at C:\buildslave\unity\build\Runtime\UIElements\Managed\IMGUIContainer.cs:318)
UnityEngine.Experimental.UIElements.EventDispatcher:DispatchEvent(EventBase, IPanel) (at C:\buildslave\unity\build\Runtime\UIElements\Managed\EventDispatcher.cs:250)
UnityEngine.Experimental.UIElements.UIElementsUtility:DoDispatch(BaseVisualElementPanel) (at C:\buildslave\unity\build\Runtime\UIElements\Managed\UIElementsUtility.cs:256)
UnityEngine.Experimental.UIElements.UIElementsUtility:ProcessEvent(Int32, IntPtr) (at C:\buildslave\unity\build\Runtime\UIElements\Managed\UIElementsUtility.cs:78)
UnityEngine.GUIUtility:ProcessEvent(Int32, IntPtr) (at C:\buildslave\unity\build\Runtime\IMGUI\Managed\GUIUtility.cs:175)
 
(Filename: /Users/builduser/buildslave/mono/build/mcs/class/corlib/System.Reflection/MonoMethod.cs Line: 222)

 Mapping new ns http://schemas.android.com/sdk/android/repo/sys-img2/02 to old ns http://schemas.android.com/sdk/android/repo/sys-img2/01
UnityEngine.DebugLogHandler:Internal_Log(LogType, String, Object)
UnityEngine.DebugLogHandler:LogFormat(LogType, Object, String, Object[])
UnityEngine.Logger:Log(LogType, Object)
UnityEngine.Debug:LogWarning(Object)
UnityEditor.Android.AndroidSDKTools:DetectErrorsAndWarnings(String, String)
UnityEditor.Android.AndroidSDKTools:RunAndroidSdkTool(String, String, Boolean, WaitingForProcessToExit, String)
UnityEditor.Android.AndroidSDKTools:ListTargetPlatforms(WaitingForProcessToExit)
UnityEditor.Android.AndroidSDKTools:GetTopAndroidPlatformAvailable(WaitingForProcessToExit)
UnityEditor.Android.PostProcessor.Tasks.SDKPlatformDetector:GetVersion(AndroidSDKTools)
UnityEditor.Android.PostProcessor.Tasks.SDKComponentDetector:Detect(AndroidSDKTools, Version, ProgressHandler)
UnityEditor.Android.PostProcessor.Tasks.CheckAndroidSDK:EnsureSDKComponentVersion(Version, SDKComponentDetector)
UnityEditor.Android.PostProcessor.Tasks.CheckAndroidSDK:EnsureSDKComponentVersion(Int32, SDKComponentDetector)
UnityEditor.Android.PostProcessor.Tasks.CheckAndroidSDK:Execute(PostProcessorContext)
UnityEditor.Android.PostProcessor.PostProcessRunner:RunAllTasks(PostProcessorContext)
UnityEditor.Android.PostProcessAndroidPlayer:PrepareForBuild(BuildOptions, BuildTarget)
UnityEditor.Android.AndroidBuildPostprocessor:PrepareForBuild(BuildOptions, BuildTarget)
UnityEditor.PostprocessBuildPlayer:PrepareForBuild(BuildOptions, BuildTargetGroup, BuildTarget) (at C:\buildslave\unity\build\Editor\Mono\BuildPipeline\PostprocessBuildPlayer.cs:87)
UnityEditor.BuildPipeline:BuildPlayerInternalNoCheck(String[], String, String, BuildTargetGroup, BuildTarget, BuildOptions, Boolean)
UnityEditor.DefaultBuildMethods:BuildPlayer(BuildPlayerOptions) (at C:\buildslave\unity\build\Editor\Mono\BuildPlayerWindowBuildMethods.cs:164)
UnityEditor.BuildPlayerWindow:CallBuildMethods(Boolean, BuildOptions) (at C:\buildslave\unity\build\Editor\Mono\BuildPlayerWindowBuildMethods.cs:88)
UnityEditor.BuildPlayerWindow:GUIBuildButtons(IBuildWindowExtension, Boolean, Boolean, Boolean, BuildPlatform) (at C:\buildslave\unity\build\Editor\Mono\BuildPlayerWindow.cs:882)
UnityEditor.BuildPlayerWindow:ShowBuildTargetSettings() (at C:\buildslave\unity\build\Editor\Mono\BuildPlayerWindow.cs:812)
UnityEditor.BuildPlayerWindow:OnGUI() (at C:\buildslave\unity\build\Editor\Mono\BuildPlayerWindow.cs:426)
System.Reflection.MonoMethod:InternalInvoke(Object, Object[], Exception&)
System.Reflection.MonoMethod:Invoke(Object, BindingFlags, Binder, Object[], CultureInfo) (at /Users/builduser/buildslave/mono/build/mcs/class/corlib/System.Reflection/MonoMethod.cs:222)
System.Reflection.MethodBase:Invoke(Object, Object[]) (at /Users/builduser/buildslave/mono/build/mcs/class/corlib/System.Reflection/MethodBase.cs:115)
UnityEditor.HostView:Invoke(String, Object) (at C:\buildslave\unity\build\Editor\Mono\HostView.cs:295)
UnityEditor.HostView:Invoke(String) (at C:\buildslave\unity\build\Editor\Mono\HostView.cs:288)
UnityEditor.HostView:OldOnGUI() (at C:\buildslave\unity\build\Editor\Mono\HostView.cs:107)
UnityEngine.Experimental.UIElements.IMGUIContainer:DoOnGUI(Event) (at C:\buildslave\unity\build\Runtime\UIElements\Managed\IMGUIContainer.cs:183)
UnityEngine.Experimental.UIElements.IMGUIContainer:HandleIMGUIEvent(Event) (at C:\buildslave\unity\build\Runtime\UIElements\Managed\IMGUIContainer.cs:339)
UnityEngine.Experimental.UIElements.IMGUIContainer:HandleEvent(EventBase) (at C:\buildslave\unity\build\Runtime\UIElements\Managed\IMGUIContainer.cs:318)
UnityEngine.Experimental.UIElements.EventDispatcher:DispatchEvent(EventBase, IPanel) (at C:\buildslave\unity\build\Runtime\UIElements\Managed\EventDispatcher.cs:250)
UnityEngine.Experimental.UIElements.UIElementsUtility:DoDispatch(BaseVisualElementPanel) (at C:\buildslave\unity\build\Runtime\UIElements\Managed\UIElementsUtility.cs:256)
UnityEngine.Experimental.UIElements.UIElementsUtility:ProcessEvent(Int32, IntPtr) (at C:\buildslave\unity\build\Runtime\UIElements\Managed\UIElementsUtility.cs:78)
UnityEngine.GUIUtility:ProcessEvent(Int32, IntPtr) (at C:\buildslave\unity\build\Runtime\IMGUI\Managed\GUIUtility.cs:175)
 
(Filename: /Users/builduser/buildslave/mono/build/mcs/class/corlib/System.Reflection/MonoMethod.cs Line: 222)

 cvc-complex-type.2.4.a: Se ha encontrado contenido no v�lido a partir del elemento 'extension-level'. Se esperaba uno de '{codename, layoutlib}'.
UnityEngine.DebugLogHandler:Internal_Log(LogType, String, Object)
UnityEngine.DebugLogHandler:LogFormat(LogType, Object, String, Object[])
UnityEngine.Logger:Log(LogType, Object)
UnityEngine.Debug:LogWarning(Object)
UnityEditor.Android.AndroidSDKTools:DetectErrorsAndWarnings(String, String)
UnityEditor.Android.AndroidSDKTools:RunAndroidSdkTool(String, String, Boolean, WaitingForProcessToExit, String)
UnityEditor.Android.AndroidSDKTools:ListTargetPlatforms(WaitingForProcessToExit)
UnityEditor.Android.AndroidSDKTools:GetTopAndroidPlatformAvailable(WaitingForProcessToExit)
UnityEditor.Android.PostProcessor.Tasks.SDKPlatformDetector:GetVersion(AndroidSDKTools)
UnityEditor.Android.PostProcessor.Tasks.SDKComponentDetector:Detect(AndroidSDKTools, Version, ProgressHandler)
UnityEditor.Android.PostProcessor.Tasks.CheckAndroidSDK:EnsureSDKComponentVersion(Version, SDKComponentDetector)
UnityEditor.Android.PostProcessor.Tasks.CheckAndroidSDK:EnsureSDKComponentVersion(Int32, SDKComponentDetector)
UnityEditor.Android.PostProcessor.Tasks.CheckAndroidSDK:Execute(PostProcessorContext)
UnityEditor.Android.PostProcessor.PostProcessRunner:RunAllTasks(PostProcessorContext)
UnityEditor.Android.PostProcessAndroidPlayer:PrepareForBuild(BuildOptions, BuildTarget)
UnityEditor.Android.AndroidBuildPostprocessor:PrepareForBuild(BuildOptions, BuildTarget)
UnityEditor.PostprocessBuildPlayer:PrepareForBuild(BuildOptions, BuildTargetGroup, BuildTarget) (at C:\buildslave\unity\build\Editor\Mono\BuildPipeline\PostprocessBuildPlayer.cs:87)
UnityEditor.BuildPipeline:BuildPlayerInternalNoCheck(String[], String, String, BuildTargetGroup, BuildTarget, BuildOptions, Boolean)
UnityEditor.DefaultBuildMethods:BuildPlayer(BuildPlayerOptions) (at C:\buildslave\unity\build\Editor\Mono\BuildPlayerWindowBuildMethods.cs:164)
UnityEditor.BuildPlayerWindow:CallBuildMethods(Boolean, BuildOptions) (at C:\buildslave\unity\build\Editor\Mono\BuildPlayerWindowBuildMethods.cs:88)
UnityEditor.BuildPlayerWindow:GUIBuildButtons(IBuildWindowExtension, Boolean, Boolean, Boolean, BuildPlatform) (at C:\buildslave\unity\build\Editor\Mono\BuildPlayerWindow.cs:882)
UnityEditor.BuildPlayerWindow:ShowBuildTargetSettings() (at C:\buildslave\unity\build\Editor\Mono\BuildPlayerWindow.cs:812)
UnityEditor.BuildPlayerWindow:OnGUI() (at C:\buildslave\unity\build\Editor\Mono\BuildPlayerWindow.cs:426)
System.Reflection.MonoMethod:InternalInvoke(Object, Object[], Exception&)
System.Reflection.MonoMethod:Invoke(Object, BindingFlags, Binder, Object[], CultureInfo) (at /Users/builduser/buildslave/mono/build/mcs/class/corlib/System.Reflection/MonoMethod.cs:222)
System.Reflection.MethodBase:Invoke(Object, Object[]) (at /Users/builduser/buildslave/mono/build/mcs/class/corlib/System.Reflection/MethodBase.cs:115)
UnityEditor.HostView:Invoke(String, Object) (at C:\buildslave\unity\build\Editor\Mono\HostView.cs:295)
UnityEditor.HostView:Invoke(String) (at C:\buildslave\unity\build\Editor\Mono\HostView.cs:288)
UnityEditor.HostView:OldOnGUI() (at C:\buildslave\unity\build\Editor\Mono\HostView.cs:107)
UnityEngine.Experimental.UIElements.IMGUIContainer:DoOnGUI(Event) (at C:\buildslave\unity\build\Runtime\UIElements\Managed\IMGUIContainer.cs:183)
UnityEngine.Experimental.UIElements.IMGUIContainer:HandleIMGUIEvent(Event) (at C:\buildslave\unity\build\Runtime\UIElements\Managed\IMGUIContainer.cs:339)
UnityEngine.Experimental.UIElements.IMGUIContainer:HandleEvent(EventBase) (at C:\buildslave\unity\build\Runtime\UIElements\Managed\IMGUIContainer.cs:318)
UnityEngine.Experimental.UIElements.EventDispatcher:DispatchEvent(EventBase, IPanel) (at C:\buildslave\unity\build\Runtime\UIElements\Managed\EventDispatcher.cs:250)
UnityEngine.Experimental.UIElements.UIElementsUtility:DoDispatch(BaseVisualElementPanel) (at C:\buildslave\unity\build\Runtime\UIElements\Managed\UIElementsUtility.cs:256)
UnityEngine.Experimental.UIElements.UIElementsUtility:ProcessEvent(Int32, IntPtr) (at C:\buildslave\unity\build\Runtime\UIElements\Managed\UIElementsUtility.cs:78)
UnityEngine.GUIUtility:ProcessEvent(Int32, IntPtr) (at C:\buildslave\unity\build\Runtime\IMGUI\Managed\GUIUtility.cs:175)
 
(Filename: /Users/builduser/buildslave/mono/build/mcs/class/corlib/System.Reflection/MonoMethod.cs Line: 222)

 elemento inesperado (URI:"", local:"extension-level"). Los elementos esperados son <{}codename>,<{}layoutlib>,<{}api-level>
UnityEngine.DebugLogHandler:Internal_Log(LogType, String, Object)
UnityEngine.DebugLogHandler:LogFormat(LogType, Object, String, Object[])
UnityEngine.Logger:Log(LogType, Object)
UnityEngine.Debug:LogWarning(Object)
UnityEditor.Android.AndroidSDKTools:DetectErrorsAndWarnings(String, String)
UnityEditor.Android.AndroidSDKTools:RunAndroidSdkTool(String, String, Boolean, WaitingForProcessToExit, String)
UnityEditor.Android.AndroidSDKTools:ListTargetPlatforms(WaitingForProcessToExit)
UnityEditor.Android.AndroidSDKTools:GetTopAndroidPlatformAvailable(WaitingForProcessToExit)
UnityEditor.Android.PostProcessor.Tasks.SDKPlatformDetector:GetVersion(AndroidSDKTools)
UnityEditor.Android.PostProcessor.Tasks.SDKComponentDetector:Detect(AndroidSDKTools, Version, ProgressHandler)
UnityEditor.Android.PostProcessor.Tasks.CheckAndroidSDK:EnsureSDKComponentVersion(Version, SDKComponentDetector)
UnityEditor.Android.PostProcessor.Tasks.CheckAndroidSDK:EnsureSDKComponentVersion(Int32, SDKComponentDetector)
UnityEditor.Android.PostProcessor.Tasks.CheckAndroidSDK:Execute(PostProcessorContext)
UnityEditor.Android.PostProcessor.PostProcessRunner:RunAllTasks(PostProcessorContext)
UnityEditor.Android.PostProcessAndroidPlayer:PrepareForBuild(BuildOptions, BuildTarget)
UnityEditor.Android.AndroidBuildPostprocessor:PrepareForBuild(BuildOptions, BuildTarget)
UnityEditor.PostprocessBuildPlayer:PrepareForBuild(BuildOptions, BuildTargetGroup, BuildTarget) (at C:\buildslave\unity\build\Editor\Mono\BuildPipeline\PostprocessBuildPlayer.cs:87)
UnityEditor.BuildPipeline:BuildPlayerInternalNoCheck(String[], String, String, BuildTargetGroup, BuildTarget, BuildOptions, Boolean)
UnityEditor.DefaultBuildMethods:BuildPlayer(BuildPlayerOptions) (at C:\buildslave\unity\build\Editor\Mono\BuildPlayerWindowBuildMethods.cs:164)
UnityEditor.BuildPlayerWindow:CallBuildMethods(Boolean, BuildOptions) (at C:\buildslave\unity\build\Editor\Mono\BuildPlayerWindowBuildMethods.cs:88)
UnityEditor.BuildPlayerWindow:GUIBuildButtons(IBuildWindowExtension, Boolean, Boolean, Boolean, BuildPlatform) (at C:\buildslave\unity\build\Editor\Mono\BuildPlayerWindow.cs:882)
UnityEditor.BuildPlayerWindow:ShowBuildTargetSettings() (at C:\buildslave\unity\build\Editor\Mono\BuildPlayerWindow.cs:812)
UnityEditor.BuildPlayerWindow:OnGUI() (at C:\buildslave\unity\build\Editor\Mono\BuildPlayerWindow.cs:426)
System.Reflection.MonoMethod:InternalInvoke(Object, Object[], Exception&)
System.Reflection.MonoMethod:Invoke(Object, BindingFlags, Binder, Object[], CultureInfo) (at /Users/builduser/buildslave/mono/build/mcs/class/corlib/System.Reflection/MonoMethod.cs:222)
System.Reflection.MethodBase:Invoke(Object, Object[]) (at /Users/builduser/buildslave/mono/build/mcs/class/corlib/System.Reflection/MethodBase.cs:115)
UnityEditor.HostView:Invoke(String, Object) (at C:\buildslave\unity\build\Editor\Mono\HostView.cs:295)
UnityEditor.HostView:Invoke(String) (at C:\buildslave\unity\build\Editor\Mono\HostView.cs:288)
UnityEditor.HostView:OldOnGUI() (at C:\buildslave\unity\build\Editor\Mono\HostView.cs:107)
UnityEngine.Experimental.UIElements.IMGUIContainer:DoOnGUI(Event) (at C:\buildslave\unity\build\Runtime\UIElements\Managed\IMGUIContainer.cs:183)
UnityEngine.Experimental.UIElements.IMGUIContainer:HandleIMGUIEvent(Event) (at C:\buildslave\unity\build\Runtime\UIElements\Managed\IMGUIContainer.cs:339)
UnityEngine.Experimental.UIElements.IMGUIContainer:HandleEvent(EventBase) (at C:\buildslave\unity\build\Runtime\UIElements\Managed\IMGUIContainer.cs:318)
UnityEngine.Experimental.UIElements.EventDispatcher:DispatchEvent(EventBase, IPanel) (at C:\buildslave\unity\build\Runtime\UIElements\Managed\EventDispatcher.cs:250)
UnityEngine.Experimental.UIElements.UIElementsUtility:DoDispatch(BaseVisualElementPanel) (at C:\buildslave\unity\build\Runtime\UIElements\Managed\UIElementsUtility.cs:256)
UnityEngine.Experimental.UIElements.UIElementsUtility:ProcessEvent(Int32, IntPtr) (at C:\buildslave\unity\build\Runtime\UIElements\Managed\UIElementsUtility.cs:78)
UnityEngine.GUIUtility:ProcessEvent(Int32, IntPtr) (at C:\buildslave\unity\build\Runtime\IMGUI\Managed\GUIUtility.cs:175)
 
(Filename: /Users/builduser/buildslave/mono/build/mcs/class/corlib/System.Reflection/MonoMethod.cs Line: 222)

 elemento inesperado (URI:"", local:"base-extension"). Los elementos esperados son <{}codename>,<{}layoutlib>,<{}api-level>
UnityEngine.DebugLogHandler:Internal_Log(LogType, String, Object)
UnityEngine.DebugLogHandler:LogFormat(LogType, Object, String, Object[])
UnityEngine.Logger:Log(LogType, Object)
UnityEngine.Debug:LogWarning(Object)
UnityEditor.Android.AndroidSDKTools:DetectErrorsAndWarnings(String, String)
UnityEditor.Android.AndroidSDKTools:RunAndroidSdkTool(String, String, Boolean, WaitingForProcessToExit, String)
UnityEditor.Android.AndroidSDKTools:ListTargetPlatforms(WaitingForProcessToExit)
UnityEditor.Android.AndroidSDKTools:GetTopAndroidPlatformAvailable(WaitingForProcessToExit)
UnityEditor.Android.PostProcessor.Tasks.SDKPlatformDetector:GetVersion(AndroidSDKTools)
UnityEditor.Android.PostProcessor.Tasks.SDKComponentDetector:Detect(AndroidSDKTools, Version, ProgressHandler)
UnityEditor.Android.PostProcessor.Tasks.CheckAndroidSDK:EnsureSDKComponentVersion(Version, SDKComponentDetector)
UnityEditor.Android.PostProcessor.Tasks.CheckAndroidSDK:EnsureSDKComponentVersion(Int32, SDKComponentDetector)
UnityEditor.Android.PostProcessor.Tasks.CheckAndroidSDK:Execute(PostProcessorContext)
UnityEditor.Android.PostProcessor.PostProcessRunner:RunAllTasks(PostProcessorContext)
UnityEditor.Android.PostProcessAndroidPlayer:PrepareForBuild(BuildOptions, BuildTarget)
UnityEditor.Android.AndroidBuildPostprocessor:PrepareForBuild(BuildOptions, BuildTarget)
UnityEditor.PostprocessBuildPlayer:PrepareForBuild(BuildOptions, BuildTargetGroup, BuildTarget) (at C:\buildslave\unity\build\Editor\Mono\BuildPipeline\PostprocessBuildPlayer.cs:87)
UnityEditor.BuildPipeline:BuildPlayerInternalNoCheck(String[], String, String, BuildTargetGroup, BuildTarget, BuildOptions, Boolean)
UnityEditor.DefaultBuildMethods:BuildPlayer(BuildPlayerOptions) (at C:\buildslave\unity\build\Editor\Mono\BuildPlayerWindowBuildMethods.cs:164)
UnityEditor.BuildPlayerWindow:CallBuildMethods(Boolean, BuildOptions) (at C:\buildslave\unity\build\Editor\Mono\BuildPlayerWindowBuildMethods.cs:88)
UnityEditor.BuildPlayerWindow:GUIBuildButtons(IBuildWindowExtension, Boolean, Boolean, Boolean, BuildPlatform) (at C:\buildslave\unity\build\Editor\Mono\BuildPlayerWindow.cs:882)
UnityEditor.BuildPlayerWindow:ShowBuildTargetSettings() (at C:\buildslave\unity\build\Editor\Mono\BuildPlayerWindow.cs:812)
UnityEditor.BuildPlayerWindow:OnGUI() (at C:\buildslave\unity\build\Editor\Mono\BuildPlayerWindow.cs:426)
System.Reflection.MonoMethod:InternalInvoke(Object, Object[], Exception&)
System.Reflection.MonoMethod:Invoke(Object, BindingFlags, Binder, Object[], CultureInfo) (at /Users/builduser/buildslave/mono/build/mcs/class/corlib/System.Reflection/MonoMethod.cs:222)
System.Reflection.MethodBase:Invoke(Object, Object[]) (at /Users/builduser/buildslave/mono/build/mcs/class/corlib/System.Reflection/MethodBase.cs:115)
UnityEditor.HostView:Invoke(String, Object) (at C:\buildslave\unity\build\Editor\Mono\HostView.cs:295)
UnityEditor.HostView:Invoke(String) (at C:\buildslave\unity\build\Editor\Mono\HostView.cs:288)
UnityEditor.HostView:OldOnGUI() (at C:\buildslave\unity\build\Editor\Mono\HostView.cs:107)
UnityEngine.Experimental.UIElements.IMGUIContainer:DoOnGUI(Event) (at C:\buildslave\unity\build\Runtime\UIElements\Managed\IMGUIContainer.cs:183)
UnityEngine.Experimental.UIElements.IMGUIContainer:HandleIMGUIEvent(Event) (at C:\buildslave\unity\build\Runtime\UIElements\Managed\IMGUIContainer.cs:339)
UnityEngine.Experimental.UIElements.IMGUIContainer:HandleEvent(EventBase) (at C:\buildslave\unity\build\Runtime\UIElements\Managed\IMGUIContainer.cs:318)
UnityEngine.Experimental.UIElements.EventDispatcher:DispatchEvent(EventBase, IPanel) (at C:\buildslave\unity\build\Runtime\UIElements\Managed\EventDispatcher.cs:250)
UnityEngine.Experimental.UIElements.UIElementsUtility:DoDispatch(BaseVisualElementPanel) (at C:\buildslave\unity\build\Runtime\UIElements\Managed\UIElementsUtility.cs:256)
UnityEngine.Experimental.UIElements.UIElementsUtility:ProcessEvent(Int32, IntPtr) (at C:\buildslave\unity\build\Runtime\UIElements\Managed\UIElementsUtility.cs:78)
UnityEngine.GUIUtility:ProcessEvent(Int32, IntPtr) (at C:\buildslave\unity\build\Runtime\IMGUI\Managed\GUIUtility.cs:175)
 
(Filename: /Users/builduser/buildslave/mono/build/mcs/class/corlib/System.Reflection/MonoMethod.cs Line: 222)

 Mapping new ns http://schemas.android.com/repository/android/common/02 to old ns http://schemas.android.com/repository/android/common/01
UnityEngine.DebugLogHandler:Internal_Log(LogType, String, Object)
UnityEngine.DebugLogHandler:LogFormat(LogType, Object, String, Object[])
UnityEngine.Logger:Log(LogType, Object)
UnityEngine.Debug:LogWarning(Object)
UnityEditor.Android.AndroidSDKTools:DetectErrorsAndWarnings(String, String)
UnityEditor.Android.AndroidSDKTools:RunAndroidSdkTool(String, String, Boolean, WaitingForProcessToExit, String)
UnityEditor.Android.AndroidSDKTools:ListTargetPlatforms(WaitingForProcessToExit)
UnityEditor.Android.AndroidSDKTools:GetTopAndroidPlatformAvailable(WaitingForProcessToExit)
UnityEditor.Android.PostProcessor.Tasks.SDKPlatformDetector:GetVersion(AndroidSDKTools)
UnityEditor.Android.PostProcessor.Tasks.SDKComponentDetector:Detect(AndroidSDKTools, Version, ProgressHandler)
UnityEditor.Android.PostProcessor.Tasks.CheckAndroidSDK:EnsureSDKComponentVersion(Version, SDKComponentDetector)
UnityEditor.Android.PostProcessor.Tasks.CheckAndroidSDK:EnsureSDKComponentVersion(Int32, SDKComponentDetector)
UnityEditor.Android.PostProcessor.Tasks.CheckAndroidSDK:Execute(PostProcessorContext)
UnityEditor.Android.PostProcessor.PostProcessRunner:RunAllTasks(PostProcessorContext)
UnityEditor.Android.PostProcessAndroidPlayer:PrepareForBuild(BuildOptions, BuildTarget)
UnityEditor.Android.AndroidBuildPostprocessor:PrepareForBuild(BuildOptions, BuildTarget)
UnityEditor.PostprocessBuildPlayer:PrepareForBuild(BuildOptions, BuildTargetGroup, BuildTarget) (at C:\buildslave\unity\build\Editor\Mono\BuildPipeline\PostprocessBuildPlayer.cs:87)
UnityEditor.BuildPipeline:BuildPlayerInternalNoCheck(String[], String, String, BuildTargetGroup, BuildTarget, BuildOptions, Boolean)
UnityEditor.DefaultBuildMethods:BuildPlayer(BuildPlayerOptions) (at C:\buildslave\unity\build\Editor\Mono\BuildPlayerWindowBuildMethods.cs:164)
UnityEditor.BuildPlayerWindow:CallBuildMethods(Boolean, BuildOptions) (at C:\buildslave\unity\build\Editor\Mono\BuildPlayerWindowBuildMethods.cs:88)
UnityEditor.BuildPlayerWindow:GUIBuildButtons(IBuildWindowExtension, Boolean, Boolean, Boolean, BuildPlatform) (at C:\buildslave\unity\build\Editor\Mono\BuildPlayerWindow.cs:882)
UnityEditor.BuildPlayerWindow:ShowBuildTargetSettings() (at C:\buildslave\unity\build\Editor\Mono\BuildPlayerWindow.cs:812)
UnityEditor.BuildPlayerWindow:OnGUI() (at C:\buildslave\unity\build\Editor\Mono\BuildPlayerWindow.cs:426)
System.Reflection.MonoMethod:InternalInvoke(Object, Object[], Exception&)
System.Reflection.MonoMethod:Invoke(Object, BindingFlags, Binder, Object[], CultureInfo) (at /Users/builduser/buildslave/mono/build/mcs/class/corlib/System.Reflection/MonoMethod.cs:222)
System.Reflection.MethodBase:Invoke(Object, Object[]) (at /Users/builduser/buildslave/mono/build/mcs/class/corlib/System.Reflection/MethodBase.cs:115)
UnityEditor.HostView:Invoke(String, Object) (at C:\buildslave\unity\build\Editor\Mono\HostView.cs:295)
UnityEditor.HostView:Invoke(String) (at C:\buildslave\unity\build\Editor\Mono\HostView.cs:288)
UnityEditor.HostView:OldOnGUI() (at C:\buildslave\unity\build\Editor\Mono\HostView.cs:107)
UnityEngine.Experimental.UIElements.IMGUIContainer:DoOnGUI(Event) (at C:\buildslave\unity\build\Runtime\UIElements\Managed\IMGUIContainer.cs:183)
UnityEngine.Experimental.UIElements.IMGUIContainer:HandleIMGUIEvent(Event) (at C:\buildslave\unity\build\Runtime\UIElements\Managed\IMGUIContainer.cs:339)
UnityEngine.Experimental.UIElements.IMGUIContainer:HandleEvent(EventBase) (at C:\buildslave\unity\build\Runtime\UIElements\Managed\IMGUIContainer.cs:318)
UnityEngine.Experimental.UIElements.EventDispatcher:DispatchEvent(EventBase, IPanel) (at C:\buildslave\unity\build\Runtime\UIElements\Managed\EventDispatcher.cs:250)
UnityEngine.Experimental.UIElements.UIElementsUtility:DoDispatch(BaseVisualElementPanel) (at C:\buildslave\unity\build\Runtime\UIElements\Managed\UIElementsUtility.cs:256)
UnityEngine.Experimental.UIElements.UIElementsUtility:ProcessEvent(Int32, IntPtr) (at C:\buildslave\unity\build\Runtime\UIElements\Managed\UIElementsUtility.cs:78)
UnityEngine.GUIUtility:ProcessEvent(Int32, IntPtr) (at C:\buildslave\unity\build\Runtime\IMGUI\Managed\GUIUtility.cs:175)
 
(Filename: /Users/builduser/buildslave/mono/build/mcs/class/corlib/System.Reflection/MonoMethod.cs Line: 222)

 Mapping new ns http://schemas.android.com/repository/android/generic/02 to old ns http://schemas.android.com/repository/android/generic/01
UnityEngine.DebugLogHandler:Internal_Log(LogType, String, Object)
UnityEngine.DebugLogHandler:LogFormat(LogType, Object, String, Object[])
UnityEngine.Logger:Log(LogType, Object)
UnityEngine.Debug:LogWarning(Object)
UnityEditor.Android.AndroidSDKTools:DetectErrorsAndWarnings(String, String)
UnityEditor.Android.AndroidSDKTools:RunAndroidSdkTool(String, String, Boolean, WaitingForProcessToExit, String)
UnityEditor.Android.AndroidSDKTools:ListTargetPlatforms(WaitingForProcessToExit)
UnityEditor.Android.AndroidSDKTools:GetTopAndroidPlatformAvailable(WaitingForProcessToExit)
UnityEditor.Android.PostProcessor.Tasks.SDKPlatformDetector:GetVersion(AndroidSDKTools)
UnityEditor.Android.PostProcessor.Tasks.SDKComponentDetector:Detect(AndroidSDKTools, Version, ProgressHandler)
UnityEditor.Android.PostProcessor.Tasks.CheckAndroidSDK:EnsureSDKComponentVersion(Version, SDKComponentDetector)
UnityEditor.Android.PostProcessor.Tasks.CheckAndroidSDK:EnsureSDKComponentVersion(Int32, SDKComponentDetector)
UnityEditor.Android.PostProcessor.Tasks.CheckAndroidSDK:Execute(PostProcessorContext)
UnityEditor.Android.PostProcessor.PostProcessRunner:RunAllTasks(PostProcessorContext)
UnityEditor.Android.PostProcessAndroidPlayer:PrepareForBuild(BuildOptions, BuildTarget)
UnityEditor.Android.AndroidBuildPostprocessor:PrepareForBuild(BuildOptions, BuildTarget)
UnityEditor.PostprocessBuildPlayer:PrepareForBuild(BuildOptions, BuildTargetGroup, BuildTarget) (at C:\buildslave\unity\build\Editor\Mono\BuildPipeline\PostprocessBuildPlayer.cs:87)
UnityEditor.BuildPipeline:BuildPlayerInternalNoCheck(String[], String, String, BuildTargetGroup, BuildTarget, BuildOptions, Boolean)
UnityEditor.DefaultBuildMethods:BuildPlayer(BuildPlayerOptions) (at C:\buildslave\unity\build\Editor\Mono\BuildPlayerWindowBuildMethods.cs:164)
UnityEditor.BuildPlayerWindow:CallBuildMethods(Boolean, BuildOptions) (at C:\buildslave\unity\build\Editor\Mono\BuildPlayerWindowBuildMethods.cs:88)
UnityEditor.BuildPlayerWindow:GUIBuildButtons(IBuildWindowExtension, Boolean, Boolean, Boolean, BuildPlatform) (at C:\buildslave\unity\build\Editor\Mono\BuildPlayerWindow.cs:882)
UnityEditor.BuildPlayerWindow:ShowBuildTargetSettings() (at C:\buildslave\unity\build\Editor\Mono\BuildPlayerWindow.cs:812)
UnityEditor.BuildPlayerWindow:OnGUI() (at C:\buildslave\unity\build\Editor\Mono\BuildPlayerWindow.cs:426)
System.Reflection.MonoMethod:InternalInvoke(Object, Object[], Exception&)
System.Reflection.MonoMethod:Invoke(Object, BindingFlags, Binder, Object[], CultureInfo) (at /Users/builduser/buildslave/mono/build/mcs/class/corlib/System.Reflection/MonoMethod.cs:222)
System.Reflection.MethodBase:Invoke(Object, Object[]) (at /Users/builduser/buildslave/mono/build/mcs/class/corlib/System.Reflection/MethodBase.cs:115)
UnityEditor.HostView:Invoke(String, Object) (at C:\buildslave\unity\build\Editor\Mono\HostView.cs:295)
UnityEditor.HostView:Invoke(String) (at C:\buildslave\unity\build\Editor\Mono\HostView.cs:288)
UnityEditor.HostView:OldOnGUI() (at C:\buildslave\unity\build\Editor\Mono\HostView.cs:107)
UnityEngine.Experimental.UIElements.IMGUIContainer:DoOnGUI(Event) (at C:\buildslave\unity\build\Runtime\UIElements\Managed\IMGUIContainer.cs:183)
UnityEngine.Experimental.UIElements.IMGUIContainer:HandleIMGUIEvent(Event) (at C:\buildslave\unity\build\Runtime\UIElements\Managed\IMGUIContainer.cs:339)
UnityEngine.Experimental.UIElements.IMGUIContainer:HandleEvent(EventBase) (at C:\buildslave\unity\build\Runtime\UIElements\Managed\IMGUIContainer.cs:318)
UnityEngine.Experimental.UIElements.EventDispatcher:DispatchEvent(EventBase, IPanel) (at C:\buildslave\unity\build\Runtime\UIElements\Managed\EventDispatcher.cs:250)
UnityEngine.Experimental.UIElements.UIElementsUtility:DoDispatch(BaseVisualElementPanel) (at C:\buildslave\unity\build\Runtime\UIElements\Managed\UIElementsUtility.cs:256)
UnityEngine.Experimental.UIElements.UIElementsUtility:ProcessEvent(Int32, IntPtr) (at C:\buildslave\unity\build\Runtime\UIElements\Managed\UIElementsUtility.cs:78)
UnityEngine.GUIUtility:ProcessEvent(Int32, IntPtr) (at C:\buildslave\unity\build\Runtime\IMGUI\Managed\GUIUtility.cs:175)
 
(Filename: /Users/builduser/buildslave/mono/build/mcs/class/corlib/System.Reflection/MonoMethod.cs Line: 222)

 Mapping new ns http://schemas.android.com/sdk/android/repo/addon2/02 to old ns http://schemas.android.com/sdk/android/repo/addon2/01
UnityEngine.DebugLogHandler:Internal_Log(LogType, String, Object)
UnityEngine.DebugLogHandler:LogFormat(LogType, Object, String, Object[])
UnityEngine.Logger:Log(LogType, Object)
UnityEngine.Debug:LogWarning(Object)
UnityEditor.Android.AndroidSDKTools:DetectErrorsAndWarnings(String, String)
UnityEditor.Android.AndroidSDKTools:RunAndroidSdkTool(String, String, Boolean, WaitingForProcessToExit, String)
UnityEditor.Android.AndroidSDKTools:ListTargetPlatforms(WaitingForProcessToExit)
UnityEditor.Android.AndroidSDKTools:GetTopAndroidPlatformAvailable(WaitingForProcessToExit)
UnityEditor.Android.PostProcessor.Tasks.SDKPlatformDetector:GetVersion(AndroidSDKTools)
UnityEditor.Android.PostProcessor.Tasks.SDKComponentDetector:Detect(AndroidSDKTools, Version, ProgressHandler)
UnityEditor.Android.PostProcessor.Tasks.CheckAndroidSDK:EnsureSDKComponentVersion(Version, SDKComponentDetector)
UnityEditor.Android.PostProcessor.Tasks.CheckAndroidSDK:EnsureSDKComponentVersion(Int32, SDKComponentDetector)
UnityEditor.Android.PostProcessor.Tasks.CheckAndroidSDK:Execute(PostProcessorContext)
UnityEditor.Android.PostProcessor.PostProcessRunner:RunAllTasks(PostProcessorContext)
UnityEditor.Android.PostProcessAndroidPlayer:PrepareForBuild(BuildOptions, BuildTarget)
UnityEditor.Android.AndroidBuildPostprocessor:PrepareForBuild(BuildOptions, BuildTarget)
UnityEditor.PostprocessBuildPlayer:PrepareForBuild(BuildOptions, BuildTargetGroup, BuildTarget) (at C:\buildslave\unity\build\Editor\Mono\BuildPipeline\PostprocessBuildPlayer.cs:87)
UnityEditor.BuildPipeline:BuildPlayerInternalNoCheck(String[], String, String, BuildTargetGroup, BuildTarget, BuildOptions, Boolean)
UnityEditor.DefaultBuildMethods:BuildPlayer(BuildPlayerOptions) (at C:\buildslave\unity\build\Editor\Mono\BuildPlayerWindowBuildMethods.cs:164)
UnityEditor.BuildPlayerWindow:CallBuildMethods(Boolean, BuildOptions) (at C:\buildslave\unity\build\Editor\Mono\BuildPlayerWindowBuildMethods.cs:88)
UnityEditor.BuildPlayerWindow:GUIBuildButtons(IBuildWindowExtension, Boolean, Boolean, Boolean, BuildPlatform) (at C:\buildslave\unity\build\Editor\Mono\BuildPlayerWindow.cs:882)
UnityEditor.BuildPlayerWindow:ShowBuildTargetSettings() (at C:\buildslave\unity\build\Editor\Mono\BuildPlayerWindow.cs:812)
UnityEditor.BuildPlayerWindow:OnGUI() (at C:\buildslave\unity\build\Editor\Mono\BuildPlayerWindow.cs:426)
System.Reflection.MonoMethod:InternalInvoke(Object, Object[], Exception&)
System.Reflection.MonoMethod:Invoke(Object, BindingFlags, Binder, Object[], CultureInfo) (at /Users/builduser/buildslave/mono/build/mcs/class/corlib/System.Reflection/MonoMethod.cs:222)
System.Reflection.MethodBase:Invoke(Object, Object[]) (at /Users/builduser/buildslave/mono/build/mcs/class/corlib/System.Reflection/MethodBase.cs:115)
UnityEditor.HostView:Invoke(String, Object) (at C:\buildslave\unity\build\Editor\Mono\HostView.cs:295)
UnityEditor.HostView:Invoke(String) (at C:\buildslave\unity\build\Editor\Mono\HostView.cs:288)
UnityEditor.HostView:OldOnGUI() (at C:\buildslave\unity\build\Editor\Mono\HostView.cs:107)
UnityEngine.Experimental.UIElements.IMGUIContainer:DoOnGUI(Event) (at C:\buildslave\unity\build\Runtime\UIElements\Managed\IMGUIContainer.cs:183)
UnityEngine.Experimental.UIElements.IMGUIContainer:HandleIMGUIEvent(Event) (at C:\buildslave\unity\build\Runtime\UIElements\Managed\IMGUIContainer.cs:339)
UnityEngine.Experimental.UIElements.IMGUIContainer:HandleEvent(EventBase) (at C:\buildslave\unity\build\Runtime\UIElements\Managed\IMGUIContainer.cs:318)
UnityEngine.Experimental.UIElements.EventDispatcher:DispatchEvent(EventBase, IPanel) (at C:\buildslave\unity\build\Runtime\UIElements\Managed\EventDispatcher.cs:250)
UnityEngine.Experimental.UIElements.UIElementsUtility:DoDispatch(BaseVisualElementPanel) (at C:\buildslave\unity\build\Runtime\UIElements\Managed\UIElementsUtility.cs:256)
UnityEngine.Experimental.UIElements.UIElementsUtility:ProcessEvent(Int32, IntPtr) (at C:\buildslave\unity\build\Runtime\UIElements\Managed\UIElementsUtility.cs:78)
UnityEngine.GUIUtility:ProcessEvent(Int32, IntPtr) (at C:\buildslave\unity\build\Runtime\IMGUI\Managed\GUIUtility.cs:175)
 
(Filename: /Users/builduser/buildslave/mono/build/mcs/class/corlib/System.Reflection/MonoMethod.cs Line: 222)

 Mapping new ns http://schemas.android.com/sdk/android/repo/addon2/03 to old ns http://schemas.android.com/sdk/android/repo/addon2/01
UnityEngine.DebugLogHandler:Internal_Log(LogType, String, Object)
UnityEngine.DebugLogHandler:LogFormat(LogType, Object, String, Object[])
UnityEngine.Logger:Log(LogType, Object)
UnityEngine.Debug:LogWarning(Object)
UnityEditor.Android.AndroidSDKTools:DetectErrorsAndWarnings(String, String)
UnityEditor.Android.AndroidSDKTools:RunAndroidSdkTool(String, String, Boolean, WaitingForProcessToExit, String)
UnityEditor.Android.AndroidSDKTools:ListTargetPlatforms(WaitingForProcessToExit)
UnityEditor.Android.AndroidSDKTools:GetTopAndroidPlatformAvailable(WaitingForProcessToExit)
UnityEditor.Android.PostProcessor.Tasks.SDKPlatformDetector:GetVersion(AndroidSDKTools)
UnityEditor.Android.PostProcessor.Tasks.SDKComponentDetector:Detect(AndroidSDKTools, Version, ProgressHandler)
UnityEditor.Android.PostProcessor.Tasks.CheckAndroidSDK:EnsureSDKComponentVersion(Version, SDKComponentDetector)
UnityEditor.Android.PostProcessor.Tasks.CheckAndroidSDK:EnsureSDKComponentVersion(Int32, SDKComponentDetector)
UnityEditor.Android.PostProcessor.Tasks.CheckAndroidSDK:Execute(PostProcessorContext)
UnityEditor.Android.PostProcessor.PostProcessRunner:RunAllTasks(PostProcessorContext)
UnityEditor.Android.PostProcessAndroidPlayer:PrepareForBuild(BuildOptions, BuildTarget)
UnityEditor.Android.AndroidBuildPostprocessor:PrepareForBuild(BuildOptions, BuildTarget)
UnityEditor.PostprocessBuildPlayer:PrepareForBuild(BuildOptions, BuildTargetGroup, BuildTarget) (at C:\buildslave\unity\build\Editor\Mono\BuildPipeline\PostprocessBuildPlayer.cs:87)
UnityEditor.BuildPipeline:BuildPlayerInternalNoCheck(String[], String, String, BuildTargetGroup, BuildTarget, BuildOptions, Boolean)
UnityEditor.DefaultBuildMethods:BuildPlayer(BuildPlayerOptions) (at C:\buildslave\unity\build\Editor\Mono\BuildPlayerWindowBuildMethods.cs:164)
UnityEditor.BuildPlayerWindow:CallBuildMethods(Boolean, BuildOptions) (at C:\buildslave\unity\build\Editor\Mono\BuildPlayerWindowBuildMethods.cs:88)
UnityEditor.BuildPlayerWindow:GUIBuildButtons(IBuildWindowExtension, Boolean, Boolean, Boolean, BuildPlatform) (at C:\buildslave\unity\build\Editor\Mono\BuildPlayerWindow.cs:882)
UnityEditor.BuildPlayerWindow:ShowBuildTargetSettings() (at C:\buildslave\unity\build\Editor\Mono\BuildPlayerWindow.cs:812)
UnityEditor.BuildPlayerWindow:OnGUI() (at C:\buildslave\unity\build\Editor\Mono\BuildPlayerWindow.cs:426)
System.Reflection.MonoMethod:InternalInvoke(Object, Object[], Exception&)
System.Reflection.MonoMethod:Invoke(Object, BindingFlags, Binder, Object[], CultureInfo) (at /Users/builduser/buildslave/mono/build/mcs/class/corlib/System.Reflection/MonoMethod.cs:222)
System.Reflection.MethodBase:Invoke(Object, Object[]) (at /Users/builduser/buildslave/mono/build/mcs/class/corlib/System.Reflection/MethodBase.cs:115)
UnityEditor.HostView:Invoke(String, Object) (at C:\buildslave\unity\build\Editor\Mono\HostView.cs:295)
UnityEditor.HostView:Invoke(String) (at C:\buildslave\unity\build\Editor\Mono\HostView.cs:288)
UnityEditor.HostView:OldOnGUI() (at C:\buildslave\unity\build\Editor\Mono\HostView.cs:107)
UnityEngine.Experimental.UIElements.IMGUIContainer:DoOnGUI(Event) (at C:\buildslave\unity\build\Runtime\UIElements\Managed\IMGUIContainer.cs:183)
UnityEngine.Experimental.UIElements.IMGUIContainer:HandleIMGUIEvent(Event) (at C:\buildslave\unity\build\Runtime\UIElements\Managed\IMGUIContainer.cs:339)
UnityEngine.Experimental.UIElements.IMGUIContainer:HandleEvent(EventBase) (at C:\buildslave\unity\build\Runtime\UIElements\Managed\IMGUIContainer.cs:318)
UnityEngine.Experimental.UIElements.EventDispatcher:DispatchEvent(EventBase, IPanel) (at C:\buildslave\unity\build\Runtime\UIElements\Managed\EventDispatcher.cs:250)
UnityEngine.Experimental.UIElements.UIElementsUtility:DoDispatch(BaseVisualElementPanel) (at C:\buildslave\unity\build\Runtime\UIElements\Managed\UIElementsUtility.cs:256)
UnityEngine.Experimental.UIElements.UIElementsUtility:ProcessEvent(Int32, IntPtr) (at C:\buildslave\unity\build\Runtime\UIElements\Managed\UIElementsUtility.cs:78)
UnityEngine.GUIUtility:ProcessEvent(Int32, IntPtr) (at C:\buildslave\unity\build\Runtime\IMGUI\Managed\GUIUtility.cs:175)
 
(Filename: /Users/builduser/buildslave/mono/build/mcs/class/corlib/System.Reflection/MonoMethod.cs Line: 222)

 Mapping new ns http://schemas.android.com/sdk/android/repo/repository2/02 to old ns http://schemas.android.com/sdk/android/repo/repository2/01
UnityEngine.DebugLogHandler:Internal_Log(LogType, String, Object)
UnityEngine.DebugLogHandler:LogFormat(LogType, Object, String, Object[])
UnityEngine.Logger:Log(LogType, Object)
UnityEngine.Debug:LogWarning(Object)
UnityEditor.Android.AndroidSDKTools:DetectErrorsAndWarnings(String, String)
UnityEditor.Android.AndroidSDKTools:RunAndroidSdkTool(String, String, Boolean, WaitingForProcessToExit, String)
UnityEditor.Android.AndroidSDKTools:ListTargetPlatforms(WaitingForProcessToExit)
UnityEditor.Android.AndroidSDKTools:GetTopAndroidPlatformAvailable(WaitingForProcessToExit)
UnityEditor.Android.PostProcessor.Tasks.SDKPlatformDetector:GetVersion(AndroidSDKTools)
UnityEditor.Android.PostProcessor.Tasks.SDKComponentDetector:Detect(AndroidSDKTools, Version, ProgressHandler)
UnityEditor.Android.PostProcessor.Tasks.CheckAndroidSDK:EnsureSDKComponentVersion(Version, SDKComponentDetector)
UnityEditor.Android.PostProcessor.Tasks.CheckAndroidSDK:EnsureSDKComponentVersion(Int32, SDKComponentDetector)
UnityEditor.Android.PostProcessor.Tasks.CheckAndroidSDK:Execute(PostProcessorContext)
UnityEditor.Android.PostProcessor.PostProcessRunner:RunAllTasks(PostProcessorContext)
UnityEditor.Android.PostProcessAndroidPlayer:PrepareForBuild(BuildOptions, BuildTarget)
UnityEditor.Android.AndroidBuildPostprocessor:PrepareForBuild(BuildOptions, BuildTarget)
UnityEditor.PostprocessBuildPlayer:PrepareForBuild(BuildOptions, BuildTargetGroup, BuildTarget) (at C:\buildslave\unity\build\Editor\Mono\BuildPipeline\PostprocessBuildPlayer.cs:87)
UnityEditor.BuildPipeline:BuildPlayerInternalNoCheck(String[], String, String, BuildTargetGroup, BuildTarget, BuildOptions, Boolean)
UnityEditor.DefaultBuildMethods:BuildPlayer(BuildPlayerOptions) (at C:\buildslave\unity\build\Editor\Mono\BuildPlayerWindowBuildMethods.cs:164)
UnityEditor.BuildPlayerWindow:CallBuildMethods(Boolean, BuildOptions) (at C:\buildslave\unity\build\Editor\Mono\BuildPlayerWindowBuildMethods.cs:88)
UnityEditor.BuildPlayerWindow:GUIBuildButtons(IBuildWindowExtension, Boolean, Boolean, Boolean, BuildPlatform) (at C:\buildslave\unity\build\Editor\Mono\BuildPlayerWindow.cs:882)
UnityEditor.BuildPlayerWindow:ShowBuildTargetSettings() (at C:\buildslave\unity\build\Editor\Mono\BuildPlayerWindow.cs:812)
UnityEditor.BuildPlayerWindow:OnGUI() (at C:\buildslave\unity\build\Editor\Mono\BuildPlayerWindow.cs:426)
System.Reflection.MonoMethod:InternalInvoke(Object, Object[], Exception&)
System.Reflection.MonoMethod:Invoke(Object, BindingFlags, Binder, Object[], CultureInfo) (at /Users/builduser/buildslave/mono/build/mcs/class/corlib/System.Reflection/MonoMethod.cs:222)
System.Reflection.MethodBase:Invoke(Object, Object[]) (at /Users/builduser/buildslave/mono/build/mcs/class/corlib/System.Reflection/MethodBase.cs:115)
UnityEditor.HostView:Invoke(String, Object) (at C:\buildslave\unity\build\Editor\Mono\HostView.cs:295)
UnityEditor.HostView:Invoke(String) (at C:\buildslave\unity\build\Editor\Mono\HostView.cs:288)
UnityEditor.HostView:OldOnGUI() (at C:\buildslave\unity\build\Editor\Mono\HostView.cs:107)
UnityEngine.Experimental.UIElements.IMGUIContainer:DoOnGUI(Event) (at C:\buildslave\unity\build\Runtime\UIElements\Managed\IMGUIContainer.cs:183)
UnityEngine.Experimental.UIElements.IMGUIContainer:HandleIMGUIEvent(Event) (at C:\buildslave\unity\build\Runtime\UIElements\Managed\IMGUIContainer.cs:339)
UnityEngine.Experimental.UIElements.IMGUIContainer:HandleEvent(EventBase) (at C:\buildslave\unity\build\Runtime\UIElements\Managed\IMGUIContainer.cs:318)
UnityEngine.Experimental.UIElements.EventDispatcher:DispatchEvent(EventBase, IPanel) (at C:\buildslave\unity\build\Runtime\UIElements\Managed\EventDispatcher.cs:250)
UnityEngine.Experimental.UIElements.UIElementsUtility:DoDispatch(BaseVisualElementPanel) (at C:\buildslave\unity\build\Runtime\UIElements\Managed\UIElementsUtility.cs:256)
UnityEngine.Experimental.UIElements.UIElementsUtility:ProcessEvent(Int32, IntPtr) (at C:\buildslave\unity\build\Runtime\UIElements\Managed\UIElementsUtility.cs:78)
UnityEngine.GUIUtility:ProcessEvent(Int32, IntPtr) (at C:\buildslave\unity\build\Runtime\IMGUI\Managed\GUIUtility.cs:175)
 
(Filename: /Users/builduser/buildslave/mono/build/mcs/class/corlib/System.Reflection/MonoMethod.cs Line: 222)

 Mapping new ns http://schemas.android.com/sdk/android/repo/repository2/03 to old ns http://schemas.android.com/sdk/android/repo/repository2/01
UnityEngine.DebugLogHandler:Internal_Log(LogType, String, Object)
UnityEngine.DebugLogHandler:LogFormat(LogType, Object, String, Object[])
UnityEngine.Logger:Log(LogType, Object)
UnityEngine.Debug:LogWarning(Object)
UnityEditor.Android.AndroidSDKTools:DetectErrorsAndWarnings(String, String)
UnityEditor.Android.AndroidSDKTools:RunAndroidSdkTool(String, String, Boolean, WaitingForProcessToExit, String)
UnityEditor.Android.AndroidSDKTools:ListTargetPlatforms(WaitingForProcessToExit)
UnityEditor.Android.AndroidSDKTools:GetTopAndroidPlatformAvailable(WaitingForProcessToExit)
UnityEditor.Android.PostProcessor.Tasks.SDKPlatformDetector:GetVersion(AndroidSDKTools)
UnityEditor.Android.PostProcessor.Tasks.SDKComponentDetector:Detect(AndroidSDKTools, Version, ProgressHandler)
UnityEditor.Android.PostProcessor.Tasks.CheckAndroidSDK:EnsureSDKComponentVersion(Version, SDKComponentDetector)
UnityEditor.Android.PostProcessor.Tasks.CheckAndroidSDK:EnsureSDKComponentVersion(Int32, SDKComponentDetector)
UnityEditor.Android.PostProcessor.Tasks.CheckAndroidSDK:Execute(PostProcessorContext)
UnityEditor.Android.PostProcessor.PostProcessRunner:RunAllTasks(PostProcessorContext)
UnityEditor.Android.PostProcessAndroidPlayer:PrepareForBuild(BuildOptions, BuildTarget)
UnityEditor.Android.AndroidBuildPostprocessor:PrepareForBuild(BuildOptions, BuildTarget)
UnityEditor.PostprocessBuildPlayer:PrepareForBuild(BuildOptions, BuildTargetGroup, BuildTarget) (at C:\buildslave\unity\build\Editor\Mono\BuildPipeline\PostprocessBuildPlayer.cs:87)
UnityEditor.BuildPipeline:BuildPlayerInternalNoCheck(String[], String, String, BuildTargetGroup, BuildTarget, BuildOptions, Boolean)
UnityEditor.DefaultBuildMethods:BuildPlayer(BuildPlayerOptions) (at C:\buildslave\unity\build\Editor\Mono\BuildPlayerWindowBuildMethods.cs:164)
UnityEditor.BuildPlayerWindow:CallBuildMethods(Boolean, BuildOptions) (at C:\buildslave\unity\build\Editor\Mono\BuildPlayerWindowBuildMethods.cs:88)
UnityEditor.BuildPlayerWindow:GUIBuildButtons(IBuildWindowExtension, Boolean, Boolean, Boolean, BuildPlatform) (at C:\buildslave\unity\build\Editor\Mono\BuildPlayerWindow.cs:882)
UnityEditor.BuildPlayerWindow:ShowBuildTargetSettings() (at C:\buildslave\unity\build\Editor\Mono\BuildPlayerWindow.cs:812)
UnityEditor.BuildPlayerWindow:OnGUI() (at C:\buildslave\unity\build\Editor\Mono\BuildPlayerWindow.cs:426)
System.Reflection.MonoMethod:InternalInvoke(Object, Object[], Exception&)
System.Reflection.MonoMethod:Invoke(Object, BindingFlags, Binder, Object[], CultureInfo) (at /Users/builduser/buildslave/mono/build/mcs/class/corlib/System.Reflection/MonoMethod.cs:222)
System.Reflection.MethodBase:Invoke(Object, Object[]) (at /Users/builduser/buildslave/mono/build/mcs/class/corlib/System.Reflection/MethodBase.cs:115)
UnityEditor.HostView:Invoke(String, Object) (at C:\buildslave\unity\build\Editor\Mono\HostView.cs:295)
UnityEditor.HostView:Invoke(String) (at C:\buildslave\unity\build\Editor\Mono\HostView.cs:288)
UnityEditor.HostView:OldOnGUI() (at C:\buildslave\unity\build\Editor\Mono\HostView.cs:107)
UnityEngine.Experimental.UIElements.IMGUIContainer:DoOnGUI(Event) (at C:\buildslave\unity\build\Runtime\UIElements\Managed\IMGUIContainer.cs:183)
UnityEngine.Experimental.UIElements.IMGUIContainer:HandleIMGUIEvent(Event) (at C:\buildslave\unity\build\Runtime\UIElements\Managed\IMGUIContainer.cs:339)
UnityEngine.Experimental.UIElements.IMGUIContainer:HandleEvent(EventBase) (at C:\buildslave\unity\build\Runtime\UIElements\Managed\IMGUIContainer.cs:318)
UnityEngine.Experimental.UIElements.EventDispatcher:DispatchEvent(EventBase, IPanel) (at C:\buildslave\unity\build\Runtime\UIElements\Managed\EventDispatcher.cs:250)
UnityEngine.Experimental.UIElements.UIElementsUtility:DoDispatch(BaseVisualElementPanel) (at C:\buildslave\unity\build\Runtime\UIElements\Managed\UIElementsUtility.cs:256)
UnityEngine.Experimental.UIElements.UIElementsUtility:ProcessEvent(Int32, IntPtr) (at C:\buildslave\unity\build\Runtime\UIElements\Managed\UIElementsUtility.cs:78)
UnityEngine.GUIUtility:ProcessEvent(Int32, IntPtr) (at C:\buildslave\unity\build\Runtime\IMGUI\Managed\GUIUtility.cs:175)
 
(Filename: /Users/builduser/buildslave/mono/build/mcs/class/corlib/System.Reflection/MonoMethod.cs Line: 222)

 Mapping new ns http://schemas.android.com/sdk/android/repo/sys-img2/04 to old ns http://schemas.android.com/sdk/android/repo/sys-img2/01
UnityEngine.DebugLogHandler:Internal_Log(LogType, String, Object)
UnityEngine.DebugLogHandler:LogFormat(LogType, Object, String, Object[])
UnityEngine.Logger:Log(LogType, Object)
UnityEngine.Debug:LogWarning(Object)
UnityEditor.Android.AndroidSDKTools:DetectErrorsAndWarnings(String, String)
UnityEditor.Android.AndroidSDKTools:RunAndroidSdkTool(String, String, Boolean, WaitingForProcessToExit, String)
UnityEditor.Android.AndroidSDKTools:ListTargetPlatforms(WaitingForProcessToExit)
UnityEditor.Android.AndroidSDKTools:GetTopAndroidPlatformAvailable(WaitingForProcessToExit)
UnityEditor.Android.PostProcessor.Tasks.SDKPlatformDetector:GetVersion(AndroidSDKTools)
UnityEditor.Android.PostProcessor.Tasks.SDKComponentDetector:Detect(AndroidSDKTools, Version, ProgressHandler)
UnityEditor.Android.PostProcessor.Tasks.CheckAndroidSDK:EnsureSDKComponentVersion(Version, SDKComponentDetector)
UnityEditor.Android.PostProcessor.Tasks.CheckAndroidSDK:EnsureSDKComponentVersion(Int32, SDKComponentDetector)
UnityEditor.Android.PostProcessor.Tasks.CheckAndroidSDK:Execute(PostProcessorContext)
UnityEditor.Android.PostProcessor.PostProcessRunner:RunAllTasks(PostProcessorContext)
UnityEditor.Android.PostProcessAndroidPlayer:PrepareForBuild(BuildOptions, BuildTarget)
UnityEditor.Android.AndroidBuildPostprocessor:PrepareForBuild(BuildOptions, BuildTarget)
UnityEditor.PostprocessBuildPlayer:PrepareForBuild(BuildOptions, BuildTargetGroup, BuildTarget) (at C:\buildslave\unity\build\Editor\Mono\BuildPipeline\PostprocessBuildPlayer.cs:87)
UnityEditor.BuildPipeline:BuildPlayerInternalNoCheck(String[], String, String, BuildTargetGroup, BuildTarget, BuildOptions, Boolean)
UnityEditor.DefaultBuildMethods:BuildPlayer(BuildPlayerOptions) (at C:\buildslave\unity\build\Editor\Mono\BuildPlayerWindowBuildMethods.cs:164)
UnityEditor.BuildPlayerWindow:CallBuildMethods(Boolean, BuildOptions) (at C:\buildslave\unity\build\Editor\Mono\BuildPlayerWindowBuildMethods.cs:88)
UnityEditor.BuildPlayerWindow:GUIBuildButtons(IBuildWindowExtension, Boolean, Boolean, Boolean, BuildPlatform) (at C:\buildslave\unity\build\Editor\Mono\BuildPlayerWindow.cs:882)
UnityEditor.BuildPlayerWindow:ShowBuildTargetSettings() (at C:\buildslave\unity\build\Editor\Mono\BuildPlayerWindow.cs:812)
UnityEditor.BuildPlayerWindow:OnGUI() (at C:\buildslave\unity\build\Editor\Mono\BuildPlayerWindow.cs:426)
System.Reflection.MonoMethod:InternalInvoke(Object, Object[], Exception&)
System.Reflection.MonoMethod:Invoke(Object, BindingFlags, Binder, Object[], CultureInfo) (at /Users/builduser/buildslave/mono/build/mcs/class/corlib/System.Reflection/MonoMethod.cs:222)
System.Reflection.MethodBase:Invoke(Object, Object[]) (at /Users/builduser/buildslave/mono/build/mcs/class/corlib/System.Reflection/MethodBase.cs:115)
UnityEditor.HostView:Invoke(String, Object) (at C:\buildslave\unity\build\Editor\Mono\HostView.cs:295)
UnityEditor.HostView:Invoke(String) (at C:\buildslave\unity\build\Editor\Mono\HostView.cs:288)
UnityEditor.HostView:OldOnGUI() (at C:\buildslave\unity\build\Editor\Mono\HostView.cs:107)
UnityEngine.Experimental.UIElements.IMGUIContainer:DoOnGUI(Event) (at C:\buildslave\unity\build\Runtime\UIElements\Managed\IMGUIContainer.cs:183)
UnityEngine.Experimental.UIElements.IMGUIContainer:HandleIMGUIEvent(Event) (at C:\buildslave\unity\build\Runtime\UIElements\Managed\IMGUIContainer.cs:339)
UnityEngine.Experimental.UIElements.IMGUIContainer:HandleEvent(EventBase) (at C:\buildslave\unity\build\Runtime\UIElements\Managed\IMGUIContainer.cs:318)
UnityEngine.Experimental.UIElements.EventDispatcher:DispatchEvent(EventBase, IPanel) (at C:\buildslave\unity\build\Runtime\UIElements\Managed\EventDispatcher.cs:250)
UnityEngine.Experimental.UIElements.UIElementsUtility:DoDispatch(BaseVisualElementPanel) (at C:\buildslave\unity\build\Runtime\UIElements\Managed\UIElementsUtility.cs:256)
UnityEngine.Experimental.UIElements.UIElementsUtility:ProcessEvent(Int32, IntPtr) (at C:\buildslave\unity\build\Runtime\UIElements\Managed\UIElementsUtility.cs:78)
UnityEngine.GUIUtility:ProcessEvent(Int32, IntPtr) (at C:\buildslave\unity\build\Runtime\IMGUI\Managed\GUIUtility.cs:175)
 
(Filename: /Users/builduser/buildslave/mono/build/mcs/class/corlib/System.Reflection/MonoMethod.cs Line: 222)

 Mapping new ns http://schemas.android.com/sdk/android/repo/sys-img2/03 to old ns http://schemas.android.com/sdk/android/repo/sys-img2/01
UnityEngine.DebugLogHandler:Internal_Log(LogType, String, Object)
UnityEngine.DebugLogHandler:LogFormat(LogType, Object, String, Object[])
UnityEngine.Logger:Log(LogType, Object)
UnityEngine.Debug:LogWarning(Object)
UnityEditor.Android.AndroidSDKTools:DetectErrorsAndWarnings(String, String)
UnityEditor.Android.AndroidSDKTools:RunAndroidSdkTool(String, String, Boolean, WaitingForProcessToExit, String)
UnityEditor.Android.AndroidSDKTools:ListTargetPlatforms(WaitingForProcessToExit)
UnityEditor.Android.AndroidSDKTools:GetTopAndroidPlatformAvailable(WaitingForProcessToExit)
UnityEditor.Android.PostProcessor.Tasks.SDKPlatformDetector:GetVersion(AndroidSDKTools)
UnityEditor.Android.PostProcessor.Tasks.SDKComponentDetector:Detect(AndroidSDKTools, Version, ProgressHandler)
UnityEditor.Android.PostProcessor.Tasks.CheckAndroidSDK:EnsureSDKComponentVersion(Version, SDKComponentDetector)
UnityEditor.Android.PostProcessor.Tasks.CheckAndroidSDK:EnsureSDKComponentVersion(Int32, SDKComponentDetector)
UnityEditor.Android.PostProcessor.Tasks.CheckAndroidSDK:Execute(PostProcessorContext)
UnityEditor.Android.PostProcessor.PostProcessRunner:RunAllTasks(PostProcessorContext)
UnityEditor.Android.PostProcessAndroidPlayer:PrepareForBuild(BuildOptions, BuildTarget)
UnityEditor.Android.AndroidBuildPostprocessor:PrepareForBuild(BuildOptions, BuildTarget)
UnityEditor.PostprocessBuildPlayer:PrepareForBuild(BuildOptions, BuildTargetGroup, BuildTarget) (at C:\buildslave\unity\build\Editor\Mono\BuildPipeline\PostprocessBuildPlayer.cs:87)
UnityEditor.BuildPipeline:BuildPlayerInternalNoCheck(String[], String, String, BuildTargetGroup, BuildTarget, BuildOptions, Boolean)
UnityEditor.DefaultBuildMethods:BuildPlayer(BuildPlayerOptions) (at C:\buildslave\unity\build\Editor\Mono\BuildPlayerWindowBuildMethods.cs:164)
UnityEditor.BuildPlayerWindow:CallBuildMethods(Boolean, BuildOptions) (at C:\buildslave\unity\build\Editor\Mono\BuildPlayerWindowBuildMethods.cs:88)
UnityEditor.BuildPlayerWindow:GUIBuildButtons(IBuildWindowExtension, Boolean, Boolean, Boolean, BuildPlatform) (at C:\buildslave\unity\build\Editor\Mono\BuildPlayerWindow.cs:882)
UnityEditor.BuildPlayerWindow:ShowBuildTargetSettings() (at C:\buildslave\unity\build\Editor\Mono\BuildPlayerWindow.cs:812)
UnityEditor.BuildPlayerWindow:OnGUI() (at C:\buildslave\unity\build\Editor\Mono\BuildPlayerWindow.cs:426)
System.Reflection.MonoMethod:InternalInvoke(Object, Object[], Exception&)
System.Reflection.MonoMethod:Invoke(Object, BindingFlags, Binder, Object[], CultureInfo) (at /Users/builduser/buildslave/mono/build/mcs/class/corlib/System.Reflection/MonoMethod.cs:222)
System.Reflection.MethodBase:Invoke(Object, Object[]) (at /Users/builduser/buildslave/mono/build/mcs/class/corlib/System.Reflection/MethodBase.cs:115)
UnityEditor.HostView:Invoke(String, Object) (at C:\buildslave\unity\build\Editor\Mono\HostView.cs:295)
UnityEditor.HostView:Invoke(String) (at C:\buildslave\unity\build\Editor\Mono\HostView.cs:288)
UnityEditor.HostView:OldOnGUI() (at C:\buildslave\unity\build\Editor\Mono\HostView.cs:107)
UnityEngine.Experimental.UIElements.IMGUIContainer:DoOnGUI(Event) (at C:\buildslave\unity\build\Runtime\UIElements\Managed\IMGUIContainer.cs:183)
UnityEngine.Experimental.UIElements.IMGUIContainer:HandleIMGUIEvent(Event) (at C:\buildslave\unity\build\Runtime\UIElements\Managed\IMGUIContainer.cs:339)
UnityEngine.Experimental.UIElements.IMGUIContainer:HandleEvent(EventBase) (at C:\buildslave\unity\build\Runtime\UIElements\Managed\IMGUIContainer.cs:318)
UnityEngine.Experimental.UIElements.EventDispatcher:DispatchEvent(EventBase, IPanel) (at C:\buildslave\unity\build\Runtime\UIElements\Managed\EventDispatcher.cs:250)
UnityEngine.Experimental.UIElements.UIElementsUtility:DoDispatch(BaseVisualElementPanel) (at C:\buildslave\unity\build\Runtime\UIElements\Managed\UIElementsUtility.cs:256)
UnityEngine.Experimental.UIElements.UIElementsUtility:ProcessEvent(Int32, IntPtr) (at C:\buildslave\unity\build\Runtime\UIElements\Managed\UIElementsUtility.cs:78)
UnityEngine.GUIUtility:ProcessEvent(Int32, IntPtr) (at C:\buildslave\unity\build\Runtime\IMGUI\Managed\GUIUtility.cs:175)
 
(Filename: /Users/builduser/buildslave/mono/build/mcs/class/corlib/System.Reflection/MonoMethod.cs Line: 222)

 Mapping new ns http://schemas.android.com/sdk/android/repo/sys-img2/02 to old ns http://schemas.android.com/sdk/android/repo/sys-img2/01
UnityEngine.DebugLogHandler:Internal_Log(LogType, String, Object)
UnityEngine.DebugLogHandler:LogFormat(LogType, Object, String, Object[])
UnityEngine.Logger:Log(LogType, Object)
UnityEngine.Debug:LogWarning(Object)
UnityEditor.Android.AndroidSDKTools:DetectErrorsAndWarnings(String, String)
UnityEditor.Android.AndroidSDKTools:RunAndroidSdkTool(String, String, Boolean, WaitingForProcessToExit, String)
UnityEditor.Android.AndroidSDKTools:ListTargetPlatforms(WaitingForProcessToExit)
UnityEditor.Android.AndroidSDKTools:GetTopAndroidPlatformAvailable(WaitingForProcessToExit)
UnityEditor.Android.PostProcessor.Tasks.SDKPlatformDetector:GetVersion(AndroidSDKTools)
UnityEditor.Android.PostProcessor.Tasks.SDKComponentDetector:Detect(AndroidSDKTools, Version, ProgressHandler)
UnityEditor.Android.PostProcessor.Tasks.CheckAndroidSDK:EnsureSDKComponentVersion(Version, SDKComponentDetector)
UnityEditor.Android.PostProcessor.Tasks.CheckAndroidSDK:EnsureSDKComponentVersion(Int32, SDKComponentDetector)
UnityEditor.Android.PostProcessor.Tasks.CheckAndroidSDK:Execute(PostProcessorContext)
UnityEditor.Android.PostProcessor.PostProcessRunner:RunAllTasks(PostProcessorContext)
UnityEditor.Android.PostProcessAndroidPlayer:PrepareForBuild(BuildOptions, BuildTarget)
UnityEditor.Android.AndroidBuildPostprocessor:PrepareForBuild(BuildOptions, BuildTarget)
UnityEditor.PostprocessBuildPlayer:PrepareForBuild(BuildOptions, BuildTargetGroup, BuildTarget) (at C:\buildslave\unity\build\Editor\Mono\BuildPipeline\PostprocessBuildPlayer.cs:87)
UnityEditor.BuildPipeline:BuildPlayerInternalNoCheck(String[], String, String, BuildTargetGroup, BuildTarget, BuildOptions, Boolean)
UnityEditor.DefaultBuildMethods:BuildPlayer(BuildPlayerOptions) (at C:\buildslave\unity\build\Editor\Mono\BuildPlayerWindowBuildMethods.cs:164)
UnityEditor.BuildPlayerWindow:CallBuildMethods(Boolean, BuildOptions) (at C:\buildslave\unity\build\Editor\Mono\BuildPlayerWindowBuildMethods.cs:88)
UnityEditor.BuildPlayerWindow:GUIBuildButtons(IBuildWindowExtension, Boolean, Boolean, Boolean, BuildPlatform) (at C:\buildslave\unity\build\Editor\Mono\BuildPlayerWindow.cs:882)
UnityEditor.BuildPlayerWindow:ShowBuildTargetSettings() (at C:\buildslave\unity\build\Editor\Mono\BuildPlayerWindow.cs:812)
UnityEditor.BuildPlayerWindow:OnGUI() (at C:\buildslave\unity\build\Editor\Mono\BuildPlayerWindow.cs:426)
System.Reflection.MonoMethod:InternalInvoke(Object, Object[], Exception&)
System.Reflection.MonoMethod:Invoke(Object, BindingFlags, Binder, Object[], CultureInfo) (at /Users/builduser/buildslave/mono/build/mcs/class/corlib/System.Reflection/MonoMethod.cs:222)
System.Reflection.MethodBase:Invoke(Object, Object[]) (at /Users/builduser/buildslave/mono/build/mcs/class/corlib/System.Reflection/MethodBase.cs:115)
UnityEditor.HostView:Invoke(String, Object) (at C:\buildslave\unity\build\Editor\Mono\HostView.cs:295)
UnityEditor.HostView:Invoke(String) (at C:\buildslave\unity\build\Editor\Mono\HostView.cs:288)
UnityEditor.HostView:OldOnGUI() (at C:\buildslave\unity\build\Editor\Mono\HostView.cs:107)
UnityEngine.Experimental.UIElements.IMGUIContainer:DoOnGUI(Event) (at C:\buildslave\unity\build\Runtime\UIElements\Managed\IMGUIContainer.cs:183)
UnityEngine.Experimental.UIElements.IMGUIContainer:HandleIMGUIEvent(Event) (at C:\buildslave\unity\build\Runtime\UIElements\Managed\IMGUIContainer.cs:339)
UnityEngine.Experimental.UIElements.IMGUIContainer:HandleEvent(EventBase) (at C:\buildslave\unity\build\Runtime\UIElements\Managed\IMGUIContainer.cs:318)
UnityEngine.Experimental.UIElements.EventDispatcher:DispatchEvent(EventBase, IPanel) (at C:\buildslave\unity\build\Runtime\UIElements\Managed\EventDispatcher.cs:250)
UnityEngine.Experimental.UIElements.UIElementsUtility:DoDispatch(BaseVisualElementPanel) (at C:\buildslave\unity\build\Runtime\UIElements\Managed\UIElementsUtility.cs:256)
UnityEngine.Experimental.UIElements.UIElementsUtility:ProcessEvent(Int32, IntPtr) (at C:\buildslave\unity\build\Runtime\UIElements\Managed\UIElementsUtility.cs:78)
UnityEngine.GUIUtility:ProcessEvent(Int32, IntPtr) (at C:\buildslave\unity\build\Runtime\IMGUI\Managed\GUIUtility.cs:175)
 
(Filename: /Users/builduser/buildslave/mono/build/mcs/class/corlib/System.Reflection/MonoMethod.cs Line: 222)

 cvc-complex-type.2.4.a: Se ha encontrado contenido no v�lido a partir del elemento 'extension-level'. Se esperaba uno de '{codename, layoutlib}'.
UnityEngine.DebugLogHandler:Internal_Log(LogType, String, Object)
UnityEngine.DebugLogHandler:LogFormat(LogType, Object, String, Object[])
UnityEngine.Logger:Log(LogType, Object)
UnityEngine.Debug:LogWarning(Object)
UnityEditor.Android.AndroidSDKTools:DetectErrorsAndWarnings(String, String)
UnityEditor.Android.AndroidSDKTools:RunAndroidSdkTool(String, String, Boolean, WaitingForProcessToExit, String)
UnityEditor.Android.AndroidSDKTools:ListTargetPlatforms(WaitingForProcessToExit)
UnityEditor.Android.AndroidSDKTools:GetTopAndroidPlatformAvailable(WaitingForProcessToExit)
UnityEditor.Android.PostProcessor.Tasks.SDKPlatformDetector:GetVersion(AndroidSDKTools)
UnityEditor.Android.PostProcessor.Tasks.SDKComponentDetector:Detect(AndroidSDKTools, Version, ProgressHandler)
UnityEditor.Android.PostProcessor.Tasks.CheckAndroidSDK:EnsureSDKComponentVersion(Version, SDKComponentDetector)
UnityEditor.Android.PostProcessor.Tasks.CheckAndroidSDK:EnsureSDKComponentVersion(Int32, SDKComponentDetector)
UnityEditor.Android.PostProcessor.Tasks.CheckAndroidSDK:Execute(PostProcessorContext)
UnityEditor.Android.PostProcessor.PostProcessRunner:RunAllTasks(PostProcessorContext)
UnityEditor.Android.PostProcessAndroidPlayer:PrepareForBuild(BuildOptions, BuildTarget)
UnityEditor.Android.AndroidBuildPostprocessor:PrepareForBuild(BuildOptions, BuildTarget)
UnityEditor.PostprocessBuildPlayer:PrepareForBuild(BuildOptions, BuildTargetGroup, BuildTarget) (at C:\buildslave\unity\build\Editor\Mono\BuildPipeline\PostprocessBuildPlayer.cs:87)
UnityEditor.BuildPipeline:BuildPlayerInternalNoCheck(String[], String, String, BuildTargetGroup, BuildTarget, BuildOptions, Boolean)
UnityEditor.DefaultBuildMethods:BuildPlayer(BuildPlayerOptions) (at C:\buildslave\unity\build\Editor\Mono\BuildPlayerWindowBuildMethods.cs:164)
UnityEditor.BuildPlayerWindow:CallBuildMethods(Boolean, BuildOptions) (at C:\buildslave\unity\build\Editor\Mono\BuildPlayerWindowBuildMethods.cs:88)
UnityEditor.BuildPlayerWindow:GUIBuildButtons(IBuildWindowExtension, Boolean, Boolean, Boolean, BuildPlatform) (at C:\buildslave\unity\build\Editor\Mono\BuildPlayerWindow.cs:882)
UnityEditor.BuildPlayerWindow:ShowBuildTargetSettings() (at C:\buildslave\unity\build\Editor\Mono\BuildPlayerWindow.cs:812)
UnityEditor.BuildPlayerWindow:OnGUI() (at C:\buildslave\unity\build\Editor\Mono\BuildPlayerWindow.cs:426)
System.Reflection.MonoMethod:InternalInvoke(Object, Object[], Exception&)
System.Reflection.MonoMethod:Invoke(Object, BindingFlags, Binder, Object[], CultureInfo) (at /Users/builduser/buildslave/mono/build/mcs/class/corlib/System.Reflection/MonoMethod.cs:222)
System.Reflection.MethodBase:Invoke(Object, Object[]) (at /Users/builduser/buildslave/mono/build/mcs/class/corlib/System.Reflection/MethodBase.cs:115)
UnityEditor.HostView:Invoke(String, Object) (at C:\buildslave\unity\build\Editor\Mono\HostView.cs:295)
UnityEditor.HostView:Invoke(String) (at C:\buildslave\unity\build\Editor\Mono\HostView.cs:288)
UnityEditor.HostView:OldOnGUI() (at C:\buildslave\unity\build\Editor\Mono\HostView.cs:107)
UnityEngine.Experimental.UIElements.IMGUIContainer:DoOnGUI(Event) (at C:\buildslave\unity\build\Runtime\UIElements\Managed\IMGUIContainer.cs:183)
UnityEngine.Experimental.UIElements.IMGUIContainer:HandleIMGUIEvent(Event) (at C:\buildslave\unity\build\Runtime\UIElements\Managed\IMGUIContainer.cs:339)
UnityEngine.Experimental.UIElements.IMGUIContainer:HandleEvent(EventBase) (at C:\buildslave\unity\build\Runtime\UIElements\Managed\IMGUIContainer.cs:318)
UnityEngine.Experimental.UIElements.EventDispatcher:DispatchEvent(EventBase, IPanel) (at C:\buildslave\unity\build\Runtime\UIElements\Managed\EventDispatcher.cs:250)
UnityEngine.Experimental.UIElements.UIElementsUtility:DoDispatch(BaseVisualElementPanel) (at C:\buildslave\unity\build\Runtime\UIElements\Managed\UIElementsUtility.cs:256)
UnityEngine.Experimental.UIElements.UIElementsUtility:ProcessEvent(Int32, IntPtr) (at C:\buildslave\unity\build\Runtime\UIElements\Managed\UIElementsUtility.cs:78)
UnityEngine.GUIUtility:ProcessEvent(Int32, IntPtr) (at C:\buildslave\unity\build\Runtime\IMGUI\Managed\GUIUtility.cs:175)
 
(Filename: /Users/builduser/buildslave/mono/build/mcs/class/corlib/System.Reflection/MonoMethod.cs Line: 222)

 elemento inesperado (URI:"", local:"extension-level"). Los elementos esperados son <{}codename>,<{}layoutlib>,<{}api-level>
UnityEngine.DebugLogHandler:Internal_Log(LogType, String, Object)
UnityEngine.DebugLogHandler:LogFormat(LogType, Object, String, Object[])
UnityEngine.Logger:Log(LogType, Object)
UnityEngine.Debug:LogWarning(Object)
UnityEditor.Android.AndroidSDKTools:DetectErrorsAndWarnings(String, String)
UnityEditor.Android.AndroidSDKTools:RunAndroidSdkTool(String, String, Boolean, WaitingForProcessToExit, String)
UnityEditor.Android.AndroidSDKTools:ListTargetPlatforms(WaitingForProcessToExit)
UnityEditor.Android.AndroidSDKTools:GetTopAndroidPlatformAvailable(WaitingForProcessToExit)
UnityEditor.Android.PostProcessor.Tasks.SDKPlatformDetector:GetVersion(AndroidSDKTools)
UnityEditor.Android.PostProcessor.Tasks.SDKComponentDetector:Detect(AndroidSDKTools, Version, ProgressHandler)
UnityEditor.Android.PostProcessor.Tasks.CheckAndroidSDK:EnsureSDKComponentVersion(Version, SDKComponentDetector)
UnityEditor.Android.PostProcessor.Tasks.CheckAndroidSDK:EnsureSDKComponentVersion(Int32, SDKComponentDetector)
UnityEditor.Android.PostProcessor.Tasks.CheckAndroidSDK:Execute(PostProcessorContext)
UnityEditor.Android.PostProcessor.PostProcessRunner:RunAllTasks(PostProcessorContext)
UnityEditor.Android.PostProcessAndroidPlayer:PrepareForBuild(BuildOptions, BuildTarget)
UnityEditor.Android.AndroidBuildPostprocessor:PrepareForBuild(BuildOptions, BuildTarget)
UnityEditor.PostprocessBuildPlayer:PrepareForBuild(BuildOptions, BuildTargetGroup, BuildTarget) (at C:\buildslave\unity\build\Editor\Mono\BuildPipeline\PostprocessBuildPlayer.cs:87)
UnityEditor.BuildPipeline:BuildPlayerInternalNoCheck(String[], String, String, BuildTargetGroup, BuildTarget, BuildOptions, Boolean)
UnityEditor.DefaultBuildMethods:BuildPlayer(BuildPlayerOptions) (at C:\buildslave\unity\build\Editor\Mono\BuildPlayerWindowBuildMethods.cs:164)
UnityEditor.BuildPlayerWindow:CallBuildMethods(Boolean, BuildOptions) (at C:\buildslave\unity\build\Editor\Mono\BuildPlayerWindowBuildMethods.cs:88)
UnityEditor.BuildPlayerWindow:GUIBuildButtons(IBuildWindowExtension, Boolean, Boolean, Boolean, BuildPlatform) (at C:\buildslave\unity\build\Editor\Mono\BuildPlayerWindow.cs:882)
UnityEditor.BuildPlayerWindow:ShowBuildTargetSettings() (at C:\buildslave\unity\build\Editor\Mono\BuildPlayerWindow.cs:812)
UnityEditor.BuildPlayerWindow:OnGUI() (at C:\buildslave\unity\build\Editor\Mono\BuildPlayerWindow.cs:426)
System.Reflection.MonoMethod:InternalInvoke(Object, Object[], Exception&)
System.Reflection.MonoMethod:Invoke(Object, BindingFlags, Binder, Object[], CultureInfo) (at /Users/builduser/buildslave/mono/build/mcs/class/corlib/System.Reflection/MonoMethod.cs:222)
System.Reflection.MethodBase:Invoke(Object, Object[]) (at /Users/builduser/buildslave/mono/build/mcs/class/corlib/System.Reflection/MethodBase.cs:115)
UnityEditor.HostView:Invoke(String, Object) (at C:\buildslave\unity\build\Editor\Mono\HostView.cs:295)
UnityEditor.HostView:Invoke(String) (at C:\buildslave\unity\build\Editor\Mono\HostView.cs:288)
UnityEditor.HostView:OldOnGUI() (at C:\buildslave\unity\build\Editor\Mono\HostView.cs:107)
UnityEngine.Experimental.UIElements.IMGUIContainer:DoOnGUI(Event) (at C:\buildslave\unity\build\Runtime\UIElements\Managed\IMGUIContainer.cs:183)
UnityEngine.Experimental.UIElements.IMGUIContainer:HandleIMGUIEvent(Event) (at C:\buildslave\unity\build\Runtime\UIElements\Managed\IMGUIContainer.cs:339)
UnityEngine.Experimental.UIElements.IMGUIContainer:HandleEvent(EventBase) (at C:\buildslave\unity\build\Runtime\UIElements\Managed\IMGUIContainer.cs:318)
UnityEngine.Experimental.UIElements.EventDispatcher:DispatchEvent(EventBase, IPanel) (at C:\buildslave\unity\build\Runtime\UIElements\Managed\EventDispatcher.cs:250)
UnityEngine.Experimental.UIElements.UIElementsUtility:DoDispatch(BaseVisualElementPanel) (at C:\buildslave\unity\build\Runtime\UIElements\Managed\UIElementsUtility.cs:256)
UnityEngine.Experimental.UIElements.UIElementsUtility:ProcessEvent(Int32, IntPtr) (at C:\buildslave\unity\build\Runtime\UIElements\Managed\UIElementsUtility.cs:78)
UnityEngine.GUIUtility:ProcessEvent(Int32, IntPtr) (at C:\buildslave\unity\build\Runtime\IMGUI\Managed\GUIUtility.cs:175)
 
(Filename: /Users/builduser/buildslave/mono/build/mcs/class/corlib/System.Reflection/MonoMethod.cs Line: 222)

 elemento inesperado (URI:"", local:"base-extension"). Los elementos esperados son <{}codename>,<{}layoutlib>,<{}api-level>
UnityEngine.DebugLogHandler:Internal_Log(LogType, String, Object)
UnityEngine.DebugLogHandler:LogFormat(LogType, Object, String, Object[])
UnityEngine.Logger:Log(LogType, Object)
UnityEngine.Debug:LogWarning(Object)
UnityEditor.Android.AndroidSDKTools:DetectErrorsAndWarnings(String, String)
UnityEditor.Android.AndroidSDKTools:RunAndroidSdkTool(String, String, Boolean, WaitingForProcessToExit, String)
UnityEditor.Android.AndroidSDKTools:ListTargetPlatforms(WaitingForProcessToExit)
UnityEditor.Android.AndroidSDKTools:GetTopAndroidPlatformAvailable(WaitingForProcessToExit)
UnityEditor.Android.PostProcessor.Tasks.SDKPlatformDetector:GetVersion(AndroidSDKTools)
UnityEditor.Android.PostProcessor.Tasks.SDKComponentDetector:Detect(AndroidSDKTools, Version, ProgressHandler)
UnityEditor.Android.PostProcessor.Tasks.CheckAndroidSDK:EnsureSDKComponentVersion(Version, SDKComponentDetector)
UnityEditor.Android.PostProcessor.Tasks.CheckAndroidSDK:EnsureSDKComponentVersion(Int32, SDKComponentDetector)
UnityEditor.Android.PostProcessor.Tasks.CheckAndroidSDK:Execute(PostProcessorContext)
UnityEditor.Android.PostProcessor.PostProcessRunner:RunAllTasks(PostProcessorContext)
UnityEditor.Android.PostProcessAndroidPlayer:PrepareForBuild(BuildOptions, BuildTarget)
UnityEditor.Android.AndroidBuildPostprocessor:PrepareForBuild(BuildOptions, BuildTarget)
UnityEditor.PostprocessBuildPlayer:PrepareForBuild(BuildOptions, BuildTargetGroup, BuildTarget) (at C:\buildslave\unity\build\Editor\Mono\BuildPipeline\PostprocessBuildPlayer.cs:87)
UnityEditor.BuildPipeline:BuildPlayerInternalNoCheck(String[], String, String, BuildTargetGroup, BuildTarget, BuildOptions, Boolean)
UnityEditor.DefaultBuildMethods:BuildPlayer(BuildPlayerOptions) (at C:\buildslave\unity\build\Editor\Mono\BuildPlayerWindowBuildMethods.cs:164)
UnityEditor.BuildPlayerWindow:CallBuildMethods(Boolean, BuildOptions) (at C:\buildslave\unity\build\Editor\Mono\BuildPlayerWindowBuildMethods.cs:88)
UnityEditor.BuildPlayerWindow:GUIBuildButtons(IBuildWindowExtension, Boolean, Boolean, Boolean, BuildPlatform) (at C:\buildslave\unity\build\Editor\Mono\BuildPlayerWindow.cs:882)
UnityEditor.BuildPlayerWindow:ShowBuildTargetSettings() (at C:\buildslave\unity\build\Editor\Mono\BuildPlayerWindow.cs:812)
UnityEditor.BuildPlayerWindow:OnGUI() (at C:\buildslave\unity\build\Editor\Mono\BuildPlayerWindow.cs:426)
System.Reflection.MonoMethod:InternalInvoke(Object, Object[], Exception&)
System.Reflection.MonoMethod:Invoke(Object, BindingFlags, Binder, Object[], CultureInfo) (at /Users/builduser/buildslave/mono/build/mcs/class/corlib/System.Reflection/MonoMethod.cs:222)
System.Reflection.MethodBase:Invoke(Object, Object[]) (at /Users/builduser/buildslave/mono/build/mcs/class/corlib/System.Reflection/MethodBase.cs:115)
UnityEditor.HostView:Invoke(String, Object) (at C:\buildslave\unity\build\Editor\Mono\HostView.cs:295)
UnityEditor.HostView:Invoke(String) (at C:\buildslave\unity\build\Editor\Mono\HostView.cs:288)
UnityEditor.HostView:OldOnGUI() (at C:\buildslave\unity\build\Editor\Mono\HostView.cs:107)
UnityEngine.Experimental.UIElements.IMGUIContainer:DoOnGUI(Event) (at C:\buildslave\unity\build\Runtime\UIElements\Managed\IMGUIContainer.cs:183)
UnityEngine.Experimental.UIElements.IMGUIContainer:HandleIMGUIEvent(Event) (at C:\buildslave\unity\build\Runtime\UIElements\Managed\IMGUIContainer.cs:339)
UnityEngine.Experimental.UIElements.IMGUIContainer:HandleEvent(EventBase) (at C:\buildslave\unity\build\Runtime\UIElements\Managed\IMGUIContainer.cs:318)
UnityEngine.Experimental.UIElements.EventDispatcher:DispatchEvent(EventBase, IPanel) (at C:\buildslave\unity\build\Runtime\UIElements\Managed\EventDispatcher.cs:250)
UnityEngine.Experimental.UIElements.UIElementsUtility:DoDispatch(BaseVisualElementPanel) (at C:\buildslave\unity\build\Runtime\UIElements\Managed\UIElementsUtility.cs:256)
UnityEngine.Experimental.UIElements.UIElementsUtility:ProcessEvent(Int32, IntPtr) (at C:\buildslave\unity\build\Runtime\UIElements\Managed\UIElementsUtility.cs:78)
UnityEngine.GUIUtility:ProcessEvent(Int32, IntPtr) (at C:\buildslave\unity\build\Runtime\IMGUI\Managed\GUIUtility.cs:175)
 
(Filename: /Users/builduser/buildslave/mono/build/mcs/class/corlib/System.Reflection/MonoMethod.cs Line: 222)

 Mapping new ns http://schemas.android.com/repository/android/common/02 to old ns http://schemas.android.com/repository/android/common/01
UnityEngine.DebugLogHandler:Internal_Log(LogType, String, Object)
UnityEngine.DebugLogHandler:LogFormat(LogType, Object, String, Object[])
UnityEngine.Logger:Log(LogType, Object)
UnityEngine.Debug:LogWarning(Object)
UnityEditor.Android.AndroidSDKTools:DetectErrorsAndWarnings(String, String)
UnityEditor.Android.AndroidSDKTools:RunAndroidSdkTool(String, String, Boolean, WaitingForProcessToExit, String)
UnityEditor.Android.AndroidSDKTools:ListTargetPlatforms(WaitingForProcessToExit)
UnityEditor.Android.AndroidSDKTools:GetTopAndroidPlatformAvailable(WaitingForProcessToExit)
UnityEditor.Android.PostProcessor.Tasks.SDKPlatformDetector:GetVersion(AndroidSDKTools)
UnityEditor.Android.PostProcessor.Tasks.SDKComponentDetector:Detect(AndroidSDKTools, Version, ProgressHandler)
UnityEditor.Android.PostProcessor.Tasks.CheckAndroidSDK:EnsureSDKComponentVersion(Version, SDKComponentDetector)
UnityEditor.Android.PostProcessor.Tasks.CheckAndroidSDK:EnsureSDKComponentVersion(Int32, SDKComponentDetector)
UnityEditor.Android.PostProcessor.Tasks.CheckAndroidSDK:Execute(PostProcessorContext)
UnityEditor.Android.PostProcessor.PostProcessRunner:RunAllTasks(PostProcessorContext)
UnityEditor.Android.PostProcessAndroidPlayer:PrepareForBuild(BuildOptions, BuildTarget)
UnityEditor.Android.AndroidBuildPostprocessor:PrepareForBuild(BuildOptions, BuildTarget)
UnityEditor.PostprocessBuildPlayer:PrepareForBuild(BuildOptions, BuildTargetGroup, BuildTarget) (at C:\buildslave\unity\build\Editor\Mono\BuildPipeline\PostprocessBuildPlayer.cs:87)
UnityEditor.BuildPipeline:BuildPlayerInternalNoCheck(String[], String, String, BuildTargetGroup, BuildTarget, BuildOptions, Boolean)
UnityEditor.DefaultBuildMethods:BuildPlayer(BuildPlayerOptions) (at C:\buildslave\unity\build\Editor\Mono\BuildPlayerWindowBuildMethods.cs:164)
UnityEditor.BuildPlayerWindow:CallBuildMethods(Boolean, BuildOptions) (at C:\buildslave\unity\build\Editor\Mono\BuildPlayerWindowBuildMethods.cs:88)
UnityEditor.BuildPlayerWindow:GUIBuildButtons(IBuildWindowExtension, Boolean, Boolean, Boolean, BuildPlatform) (at C:\buildslave\unity\build\Editor\Mono\BuildPlayerWindow.cs:882)
UnityEditor.BuildPlayerWindow:ShowBuildTargetSettings() (at C:\buildslave\unity\build\Editor\Mono\BuildPlayerWindow.cs:812)
UnityEditor.BuildPlayerWindow:OnGUI() (at C:\buildslave\unity\build\Editor\Mono\BuildPlayerWindow.cs:426)
System.Reflection.MonoMethod:InternalInvoke(Object, Object[], Exception&)
System.Reflection.MonoMethod:Invoke(Object, BindingFlags, Binder, Object[], CultureInfo) (at /Users/builduser/buildslave/mono/build/mcs/class/corlib/System.Reflection/MonoMethod.cs:222)
System.Reflection.MethodBase:Invoke(Object, Object[]) (at /Users/builduser/buildslave/mono/build/mcs/class/corlib/System.Reflection/MethodBase.cs:115)
UnityEditor.HostView:Invoke(String, Object) (at C:\buildslave\unity\build\Editor\Mono\HostView.cs:295)
UnityEditor.HostView:Invoke(String) (at C:\buildslave\unity\build\Editor\Mono\HostView.cs:288)
UnityEditor.HostView:OldOnGUI() (at C:\buildslave\unity\build\Editor\Mono\HostView.cs:107)
UnityEngine.Experimental.UIElements.IMGUIContainer:DoOnGUI(Event) (at C:\buildslave\unity\build\Runtime\UIElements\Managed\IMGUIContainer.cs:183)
UnityEngine.Experimental.UIElements.IMGUIContainer:HandleIMGUIEvent(Event) (at C:\buildslave\unity\build\Runtime\UIElements\Managed\IMGUIContainer.cs:339)
UnityEngine.Experimental.UIElements.IMGUIContainer:HandleEvent(EventBase) (at C:\buildslave\unity\build\Runtime\UIElements\Managed\IMGUIContainer.cs:318)
UnityEngine.Experimental.UIElements.EventDispatcher:DispatchEvent(EventBase, IPanel) (at C:\buildslave\unity\build\Runtime\UIElements\Managed\EventDispatcher.cs:250)
UnityEngine.Experimental.UIElements.UIElementsUtility:DoDispatch(BaseVisualElementPanel) (at C:\buildslave\unity\build\Runtime\UIElements\Managed\UIElementsUtility.cs:256)
UnityEngine.Experimental.UIElements.UIElementsUtility:ProcessEvent(Int32, IntPtr) (at C:\buildslave\unity\build\Runtime\UIElements\Managed\UIElementsUtility.cs:78)
UnityEngine.GUIUtility:ProcessEvent(Int32, IntPtr) (at C:\buildslave\unity\build\Runtime\IMGUI\Managed\GUIUtility.cs:175)
 
(Filename: /Users/builduser/buildslave/mono/build/mcs/class/corlib/System.Reflection/MonoMethod.cs Line: 222)

 Mapping new ns http://schemas.android.com/repository/android/generic/02 to old ns http://schemas.android.com/repository/android/generic/01
UnityEngine.DebugLogHandler:Internal_Log(LogType, String, Object)
UnityEngine.DebugLogHandler:LogFormat(LogType, Object, String, Object[])
UnityEngine.Logger:Log(LogType, Object)
UnityEngine.Debug:LogWarning(Object)
UnityEditor.Android.AndroidSDKTools:DetectErrorsAndWarnings(String, String)
UnityEditor.Android.AndroidSDKTools:RunAndroidSdkTool(String, String, Boolean, WaitingForProcessToExit, String)
UnityEditor.Android.AndroidSDKTools:ListTargetPlatforms(WaitingForProcessToExit)
UnityEditor.Android.AndroidSDKTools:GetTopAndroidPlatformAvailable(WaitingForProcessToExit)
UnityEditor.Android.PostProcessor.Tasks.SDKPlatformDetector:GetVersion(AndroidSDKTools)
UnityEditor.Android.PostProcessor.Tasks.SDKComponentDetector:Detect(AndroidSDKTools, Version, ProgressHandler)
UnityEditor.Android.PostProcessor.Tasks.CheckAndroidSDK:EnsureSDKComponentVersion(Version, SDKComponentDetector)
UnityEditor.Android.PostProcessor.Tasks.CheckAndroidSDK:EnsureSDKComponentVersion(Int32, SDKComponentDetector)
UnityEditor.Android.PostProcessor.Tasks.CheckAndroidSDK:Execute(PostProcessorContext)
UnityEditor.Android.PostProcessor.PostProcessRunner:RunAllTasks(PostProcessorContext)
UnityEditor.Android.PostProcessAndroidPlayer:PrepareForBuild(BuildOptions, BuildTarget)
UnityEditor.Android.AndroidBuildPostprocessor:PrepareForBuild(BuildOptions, BuildTarget)
UnityEditor.PostprocessBuildPlayer:PrepareForBuild(BuildOptions, BuildTargetGroup, BuildTarget) (at C:\buildslave\unity\build\Editor\Mono\BuildPipeline\PostprocessBuildPlayer.cs:87)
UnityEditor.BuildPipeline:BuildPlayerInternalNoCheck(String[], String, String, BuildTargetGroup, BuildTarget, BuildOptions, Boolean)
UnityEditor.DefaultBuildMethods:BuildPlayer(BuildPlayerOptions) (at C:\buildslave\unity\build\Editor\Mono\BuildPlayerWindowBuildMethods.cs:164)
UnityEditor.BuildPlayerWindow:CallBuildMethods(Boolean, BuildOptions) (at C:\buildslave\unity\build\Editor\Mono\BuildPlayerWindowBuildMethods.cs:88)
UnityEditor.BuildPlayerWindow:GUIBuildButtons(IBuildWindowExtension, Boolean, Boolean, Boolean, BuildPlatform) (at C:\buildslave\unity\build\Editor\Mono\BuildPlayerWindow.cs:882)
UnityEditor.BuildPlayerWindow:ShowBuildTargetSettings() (at C:\buildslave\unity\build\Editor\Mono\BuildPlayerWindow.cs:812)
UnityEditor.BuildPlayerWindow:OnGUI() (at C:\buildslave\unity\build\Editor\Mono\BuildPlayerWindow.cs:426)
System.Reflection.MonoMethod:InternalInvoke(Object, Object[], Exception&)
System.Reflection.MonoMethod:Invoke(Object, BindingFlags, Binder, Object[], CultureInfo) (at /Users/builduser/buildslave/mono/build/mcs/class/corlib/System.Reflection/MonoMethod.cs:222)
System.Reflection.MethodBase:Invoke(Object, Object[]) (at /Users/builduser/buildslave/mono/build/mcs/class/corlib/System.Reflection/MethodBase.cs:115)
UnityEditor.HostView:Invoke(String, Object) (at C:\buildslave\unity\build\Editor\Mono\HostView.cs:295)
UnityEditor.HostView:Invoke(String) (at C:\buildslave\unity\build\Editor\Mono\HostView.cs:288)
UnityEditor.HostView:OldOnGUI() (at C:\buildslave\unity\build\Editor\Mono\HostView.cs:107)
UnityEngine.Experimental.UIElements.IMGUIContainer:DoOnGUI(Event) (at C:\buildslave\unity\build\Runtime\UIElements\Managed\IMGUIContainer.cs:183)
UnityEngine.Experimental.UIElements.IMGUIContainer:HandleIMGUIEvent(Event) (at C:\buildslave\unity\build\Runtime\UIElements\Managed\IMGUIContainer.cs:339)
UnityEngine.Experimental.UIElements.IMGUIContainer:HandleEvent(EventBase) (at C:\buildslave\unity\build\Runtime\UIElements\Managed\IMGUIContainer.cs:318)
UnityEngine.Experimental.UIElements.EventDispatcher:DispatchEvent(EventBase, IPanel) (at C:\buildslave\unity\build\Runtime\UIElements\Managed\EventDispatcher.cs:250)
UnityEngine.Experimental.UIElements.UIElementsUtility:DoDispatch(BaseVisualElementPanel) (at C:\buildslave\unity\build\Runtime\UIElements\Managed\UIElementsUtility.cs:256)
UnityEngine.Experimental.UIElements.UIElementsUtility:ProcessEvent(Int32, IntPtr) (at C:\buildslave\unity\build\Runtime\UIElements\Managed\UIElementsUtility.cs:78)
UnityEngine.GUIUtility:ProcessEvent(Int32, IntPtr) (at C:\buildslave\unity\build\Runtime\IMGUI\Managed\GUIUtility.cs:175)
 
(Filename: /Users/builduser/buildslave/mono/build/mcs/class/corlib/System.Reflection/MonoMethod.cs Line: 222)

 Mapping new ns http://schemas.android.com/sdk/android/repo/addon2/02 to old ns http://schemas.android.com/sdk/android/repo/addon2/01
UnityEngine.DebugLogHandler:Internal_Log(LogType, String, Object)
UnityEngine.DebugLogHandler:LogFormat(LogType, Object, String, Object[])
UnityEngine.Logger:Log(LogType, Object)
UnityEngine.Debug:LogWarning(Object)
UnityEditor.Android.AndroidSDKTools:DetectErrorsAndWarnings(String, String)
UnityEditor.Android.AndroidSDKTools:RunAndroidSdkTool(String, String, Boolean, WaitingForProcessToExit, String)
UnityEditor.Android.AndroidSDKTools:ListTargetPlatforms(WaitingForProcessToExit)
UnityEditor.Android.AndroidSDKTools:GetTopAndroidPlatformAvailable(WaitingForProcessToExit)
UnityEditor.Android.PostProcessor.Tasks.SDKPlatformDetector:GetVersion(AndroidSDKTools)
UnityEditor.Android.PostProcessor.Tasks.SDKComponentDetector:Detect(AndroidSDKTools, Version, ProgressHandler)
UnityEditor.Android.PostProcessor.Tasks.CheckAndroidSDK:EnsureSDKComponentVersion(Version, SDKComponentDetector)
UnityEditor.Android.PostProcessor.Tasks.CheckAndroidSDK:EnsureSDKComponentVersion(Int32, SDKComponentDetector)
UnityEditor.Android.PostProcessor.Tasks.CheckAndroidSDK:Execute(PostProcessorContext)
UnityEditor.Android.PostProcessor.PostProcessRunner:RunAllTasks(PostProcessorContext)
UnityEditor.Android.PostProcessAndroidPlayer:PrepareForBuild(BuildOptions, BuildTarget)
UnityEditor.Android.AndroidBuildPostprocessor:PrepareForBuild(BuildOptions, BuildTarget)
UnityEditor.PostprocessBuildPlayer:PrepareForBuild(BuildOptions, BuildTargetGroup, BuildTarget) (at C:\buildslave\unity\build\Editor\Mono\BuildPipeline\PostprocessBuildPlayer.cs:87)
UnityEditor.BuildPipeline:BuildPlayerInternalNoCheck(String[], String, String, BuildTargetGroup, BuildTarget, BuildOptions, Boolean)
UnityEditor.DefaultBuildMethods:BuildPlayer(BuildPlayerOptions) (at C:\buildslave\unity\build\Editor\Mono\BuildPlayerWindowBuildMethods.cs:164)
UnityEditor.BuildPlayerWindow:CallBuildMethods(Boolean, BuildOptions) (at C:\buildslave\unity\build\Editor\Mono\BuildPlayerWindowBuildMethods.cs:88)
UnityEditor.BuildPlayerWindow:GUIBuildButtons(IBuildWindowExtension, Boolean, Boolean, Boolean, BuildPlatform) (at C:\buildslave\unity\build\Editor\Mono\BuildPlayerWindow.cs:882)
UnityEditor.BuildPlayerWindow:ShowBuildTargetSettings() (at C:\buildslave\unity\build\Editor\Mono\BuildPlayerWindow.cs:812)
UnityEditor.BuildPlayerWindow:OnGUI() (at C:\buildslave\unity\build\Editor\Mono\BuildPlayerWindow.cs:426)
System.Reflection.MonoMethod:InternalInvoke(Object, Object[], Exception&)
System.Reflection.MonoMethod:Invoke(Object, BindingFlags, Binder, Object[], CultureInfo) (at /Users/builduser/buildslave/mono/build/mcs/class/corlib/System.Reflection/MonoMethod.cs:222)
System.Reflection.MethodBase:Invoke(Object, Object[]) (at /Users/builduser/buildslave/mono/build/mcs/class/corlib/System.Reflection/MethodBase.cs:115)
UnityEditor.HostView:Invoke(String, Object) (at C:\buildslave\unity\build\Editor\Mono\HostView.cs:295)
UnityEditor.HostView:Invoke(String) (at C:\buildslave\unity\build\Editor\Mono\HostView.cs:288)
UnityEditor.HostView:OldOnGUI() (at C:\buildslave\unity\build\Editor\Mono\HostView.cs:107)
UnityEngine.Experimental.UIElements.IMGUIContainer:DoOnGUI(Event) (at C:\buildslave\unity\build\Runtime\UIElements\Managed\IMGUIContainer.cs:183)
UnityEngine.Experimental.UIElements.IMGUIContainer:HandleIMGUIEvent(Event) (at C:\buildslave\unity\build\Runtime\UIElements\Managed\IMGUIContainer.cs:339)
UnityEngine.Experimental.UIElements.IMGUIContainer:HandleEvent(EventBase) (at C:\buildslave\unity\build\Runtime\UIElements\Managed\IMGUIContainer.cs:318)
UnityEngine.Experimental.UIElements.EventDispatcher:DispatchEvent(EventBase, IPanel) (at C:\buildslave\unity\build\Runtime\UIElements\Managed\EventDispatcher.cs:250)
UnityEngine.Experimental.UIElements.UIElementsUtility:DoDispatch(BaseVisualElementPanel) (at C:\buildslave\unity\build\Runtime\UIElements\Managed\UIElementsUtility.cs:256)
UnityEngine.Experimental.UIElements.UIElementsUtility:ProcessEvent(Int32, IntPtr) (at C:\buildslave\unity\build\Runtime\UIElements\Managed\UIElementsUtility.cs:78)
UnityEngine.GUIUtility:ProcessEvent(Int32, IntPtr) (at C:\buildslave\unity\build\Runtime\IMGUI\Managed\GUIUtility.cs:175)
 
(Filename: /Users/builduser/buildslave/mono/build/mcs/class/corlib/System.Reflection/MonoMethod.cs Line: 222)

 Mapping new ns http://schemas.android.com/sdk/android/repo/addon2/03 to old ns http://schemas.android.com/sdk/android/repo/addon2/01
UnityEngine.DebugLogHandler:Internal_Log(LogType, String, Object)
UnityEngine.DebugLogHandler:LogFormat(LogType, Object, String, Object[])
UnityEngine.Logger:Log(LogType, Object)
UnityEngine.Debug:LogWarning(Object)
UnityEditor.Android.AndroidSDKTools:DetectErrorsAndWarnings(String, String)
UnityEditor.Android.AndroidSDKTools:RunAndroidSdkTool(String, String, Boolean, WaitingForProcessToExit, String)
UnityEditor.Android.AndroidSDKTools:ListTargetPlatforms(WaitingForProcessToExit)
UnityEditor.Android.AndroidSDKTools:GetTopAndroidPlatformAvailable(WaitingForProcessToExit)
UnityEditor.Android.PostProcessor.Tasks.SDKPlatformDetector:GetVersion(AndroidSDKTools)
UnityEditor.Android.PostProcessor.Tasks.SDKComponentDetector:Detect(AndroidSDKTools, Version, ProgressHandler)
UnityEditor.Android.PostProcessor.Tasks.CheckAndroidSDK:EnsureSDKComponentVersion(Version, SDKComponentDetector)
UnityEditor.Android.PostProcessor.Tasks.CheckAndroidSDK:EnsureSDKComponentVersion(Int32, SDKComponentDetector)
UnityEditor.Android.PostProcessor.Tasks.CheckAndroidSDK:Execute(PostProcessorContext)
UnityEditor.Android.PostProcessor.PostProcessRunner:RunAllTasks(PostProcessorContext)
UnityEditor.Android.PostProcessAndroidPlayer:PrepareForBuild(BuildOptions, BuildTarget)
UnityEditor.Android.AndroidBuildPostprocessor:PrepareForBuild(BuildOptions, BuildTarget)
UnityEditor.PostprocessBuildPlayer:PrepareForBuild(BuildOptions, BuildTargetGroup, BuildTarget) (at C:\buildslave\unity\build\Editor\Mono\BuildPipeline\PostprocessBuildPlayer.cs:87)
UnityEditor.BuildPipeline:BuildPlayerInternalNoCheck(String[], String, String, BuildTargetGroup, BuildTarget, BuildOptions, Boolean)
UnityEditor.DefaultBuildMethods:BuildPlayer(BuildPlayerOptions) (at C:\buildslave\unity\build\Editor\Mono\BuildPlayerWindowBuildMethods.cs:164)
UnityEditor.BuildPlayerWindow:CallBuildMethods(Boolean, BuildOptions) (at C:\buildslave\unity\build\Editor\Mono\BuildPlayerWindowBuildMethods.cs:88)
UnityEditor.BuildPlayerWindow:GUIBuildButtons(IBuildWindowExtension, Boolean, Boolean, Boolean, BuildPlatform) (at C:\buildslave\unity\build\Editor\Mono\BuildPlayerWindow.cs:882)
UnityEditor.BuildPlayerWindow:ShowBuildTargetSettings() (at C:\buildslave\unity\build\Editor\Mono\BuildPlayerWindow.cs:812)
UnityEditor.BuildPlayerWindow:OnGUI() (at C:\buildslave\unity\build\Editor\Mono\BuildPlayerWindow.cs:426)
System.Reflection.MonoMethod:InternalInvoke(Object, Object[], Exception&)
System.Reflection.MonoMethod:Invoke(Object, BindingFlags, Binder, Object[], CultureInfo) (at /Users/builduser/buildslave/mono/build/mcs/class/corlib/System.Reflection/MonoMethod.cs:222)
System.Reflection.MethodBase:Invoke(Object, Object[]) (at /Users/builduser/buildslave/mono/build/mcs/class/corlib/System.Reflection/MethodBase.cs:115)
UnityEditor.HostView:Invoke(String, Object) (at C:\buildslave\unity\build\Editor\Mono\HostView.cs:295)
UnityEditor.HostView:Invoke(String) (at C:\buildslave\unity\build\Editor\Mono\HostView.cs:288)
UnityEditor.HostView:OldOnGUI() (at C:\buildslave\unity\build\Editor\Mono\HostView.cs:107)
UnityEngine.Experimental.UIElements.IMGUIContainer:DoOnGUI(Event) (at C:\buildslave\unity\build\Runtime\UIElements\Managed\IMGUIContainer.cs:183)
UnityEngine.Experimental.UIElements.IMGUIContainer:HandleIMGUIEvent(Event) (at C:\buildslave\unity\build\Runtime\UIElements\Managed\IMGUIContainer.cs:339)
UnityEngine.Experimental.UIElements.IMGUIContainer:HandleEvent(EventBase) (at C:\buildslave\unity\build\Runtime\UIElements\Managed\IMGUIContainer.cs:318)
UnityEngine.Experimental.UIElements.EventDispatcher:DispatchEvent(EventBase, IPanel) (at C:\buildslave\unity\build\Runtime\UIElements\Managed\EventDispatcher.cs:250)
UnityEngine.Experimental.UIElements.UIElementsUtility:DoDispatch(BaseVisualElementPanel) (at C:\buildslave\unity\build\Runtime\UIElements\Managed\UIElementsUtility.cs:256)
UnityEngine.Experimental.UIElements.UIElementsUtility:ProcessEvent(Int32, IntPtr) (at C:\buildslave\unity\build\Runtime\UIElements\Managed\UIElementsUtility.cs:78)
UnityEngine.GUIUtility:ProcessEvent(Int32, IntPtr) (at C:\buildslave\unity\build\Runtime\IMGUI\Managed\GUIUtility.cs:175)
 
(Filename: /Users/builduser/buildslave/mono/build/mcs/class/corlib/System.Reflection/MonoMethod.cs Line: 222)

 Mapping new ns http://schemas.android.com/sdk/android/repo/repository2/02 to old ns http://schemas.android.com/sdk/android/repo/repository2/01
UnityEngine.DebugLogHandler:Internal_Log(LogType, String, Object)
UnityEngine.DebugLogHandler:LogFormat(LogType, Object, String, Object[])
UnityEngine.Logger:Log(LogType, Object)
UnityEngine.Debug:LogWarning(Object)
UnityEditor.Android.AndroidSDKTools:DetectErrorsAndWarnings(String, String)
UnityEditor.Android.AndroidSDKTools:RunAndroidSdkTool(String, String, Boolean, WaitingForProcessToExit, String)
UnityEditor.Android.AndroidSDKTools:ListTargetPlatforms(WaitingForProcessToExit)
UnityEditor.Android.AndroidSDKTools:GetTopAndroidPlatformAvailable(WaitingForProcessToExit)
UnityEditor.Android.PostProcessor.Tasks.SDKPlatformDetector:GetVersion(AndroidSDKTools)
UnityEditor.Android.PostProcessor.Tasks.SDKComponentDetector:Detect(AndroidSDKTools, Version, ProgressHandler)
UnityEditor.Android.PostProcessor.Tasks.CheckAndroidSDK:EnsureSDKComponentVersion(Version, SDKComponentDetector)
UnityEditor.Android.PostProcessor.Tasks.CheckAndroidSDK:EnsureSDKComponentVersion(Int32, SDKComponentDetector)
UnityEditor.Android.PostProcessor.Tasks.CheckAndroidSDK:Execute(PostProcessorContext)
UnityEditor.Android.PostProcessor.PostProcessRunner:RunAllTasks(PostProcessorContext)
UnityEditor.Android.PostProcessAndroidPlayer:PrepareForBuild(BuildOptions, BuildTarget)
UnityEditor.Android.AndroidBuildPostprocessor:PrepareForBuild(BuildOptions, BuildTarget)
UnityEditor.PostprocessBuildPlayer:PrepareForBuild(BuildOptions, BuildTargetGroup, BuildTarget) (at C:\buildslave\unity\build\Editor\Mono\BuildPipeline\PostprocessBuildPlayer.cs:87)
UnityEditor.BuildPipeline:BuildPlayerInternalNoCheck(String[], String, String, BuildTargetGroup, BuildTarget, BuildOptions, Boolean)
UnityEditor.DefaultBuildMethods:BuildPlayer(BuildPlayerOptions) (at C:\buildslave\unity\build\Editor\Mono\BuildPlayerWindowBuildMethods.cs:164)
UnityEditor.BuildPlayerWindow:CallBuildMethods(Boolean, BuildOptions) (at C:\buildslave\unity\build\Editor\Mono\BuildPlayerWindowBuildMethods.cs:88)
UnityEditor.BuildPlayerWindow:GUIBuildButtons(IBuildWindowExtension, Boolean, Boolean, Boolean, BuildPlatform) (at C:\buildslave\unity\build\Editor\Mono\BuildPlayerWindow.cs:882)
UnityEditor.BuildPlayerWindow:ShowBuildTargetSettings() (at C:\buildslave\unity\build\Editor\Mono\BuildPlayerWindow.cs:812)
UnityEditor.BuildPlayerWindow:OnGUI() (at C:\buildslave\unity\build\Editor\Mono\BuildPlayerWindow.cs:426)
System.Reflection.MonoMethod:InternalInvoke(Object, Object[], Exception&)
System.Reflection.MonoMethod:Invoke(Object, BindingFlags, Binder, Object[], CultureInfo) (at /Users/builduser/buildslave/mono/build/mcs/class/corlib/System.Reflection/MonoMethod.cs:222)
System.Reflection.MethodBase:Invoke(Object, Object[]) (at /Users/builduser/buildslave/mono/build/mcs/class/corlib/System.Reflection/MethodBase.cs:115)
UnityEditor.HostView:Invoke(String, Object) (at C:\buildslave\unity\build\Editor\Mono\HostView.cs:295)
UnityEditor.HostView:Invoke(String) (at C:\buildslave\unity\build\Editor\Mono\HostView.cs:288)
UnityEditor.HostView:OldOnGUI() (at C:\buildslave\unity\build\Editor\Mono\HostView.cs:107)
UnityEngine.Experimental.UIElements.IMGUIContainer:DoOnGUI(Event) (at C:\buildslave\unity\build\Runtime\UIElements\Managed\IMGUIContainer.cs:183)
UnityEngine.Experimental.UIElements.IMGUIContainer:HandleIMGUIEvent(Event) (at C:\buildslave\unity\build\Runtime\UIElements\Managed\IMGUIContainer.cs:339)
UnityEngine.Experimental.UIElements.IMGUIContainer:HandleEvent(EventBase) (at C:\buildslave\unity\build\Runtime\UIElements\Managed\IMGUIContainer.cs:318)
UnityEngine.Experimental.UIElements.EventDispatcher:DispatchEvent(EventBase, IPanel) (at C:\buildslave\unity\build\Runtime\UIElements\Managed\EventDispatcher.cs:250)
UnityEngine.Experimental.UIElements.UIElementsUtility:DoDispatch(BaseVisualElementPanel) (at C:\buildslave\unity\build\Runtime\UIElements\Managed\UIElementsUtility.cs:256)
UnityEngine.Experimental.UIElements.UIElementsUtility:ProcessEvent(Int32, IntPtr) (at C:\buildslave\unity\build\Runtime\UIElements\Managed\UIElementsUtility.cs:78)
UnityEngine.GUIUtility:ProcessEvent(Int32, IntPtr) (at C:\buildslave\unity\build\Runtime\IMGUI\Managed\GUIUtility.cs:175)
 
(Filename: /Users/builduser/buildslave/mono/build/mcs/class/corlib/System.Reflection/MonoMethod.cs Line: 222)

 Mapping new ns http://schemas.android.com/sdk/android/repo/repository2/03 to old ns http://schemas.android.com/sdk/android/repo/repository2/01
UnityEngine.DebugLogHandler:Internal_Log(LogType, String, Object)
UnityEngine.DebugLogHandler:LogFormat(LogType, Object, String, Object[])
UnityEngine.Logger:Log(LogType, Object)
UnityEngine.Debug:LogWarning(Object)
UnityEditor.Android.AndroidSDKTools:DetectErrorsAndWarnings(String, String)
UnityEditor.Android.AndroidSDKTools:RunAndroidSdkTool(String, String, Boolean, WaitingForProcessToExit, String)
UnityEditor.Android.AndroidSDKTools:ListTargetPlatforms(WaitingForProcessToExit)
UnityEditor.Android.AndroidSDKTools:GetTopAndroidPlatformAvailable(WaitingForProcessToExit)
UnityEditor.Android.PostProcessor.Tasks.SDKPlatformDetector:GetVersion(AndroidSDKTools)
UnityEditor.Android.PostProcessor.Tasks.SDKComponentDetector:Detect(AndroidSDKTools, Version, ProgressHandler)
UnityEditor.Android.PostProcessor.Tasks.CheckAndroidSDK:EnsureSDKComponentVersion(Version, SDKComponentDetector)
UnityEditor.Android.PostProcessor.Tasks.CheckAndroidSDK:EnsureSDKComponentVersion(Int32, SDKComponentDetector)
UnityEditor.Android.PostProcessor.Tasks.CheckAndroidSDK:Execute(PostProcessorContext)
UnityEditor.Android.PostProcessor.PostProcessRunner:RunAllTasks(PostProcessorContext)
UnityEditor.Android.PostProcessAndroidPlayer:PrepareForBuild(BuildOptions, BuildTarget)
UnityEditor.Android.AndroidBuildPostprocessor:PrepareForBuild(BuildOptions, BuildTarget)
UnityEditor.PostprocessBuildPlayer:PrepareForBuild(BuildOptions, BuildTargetGroup, BuildTarget) (at C:\buildslave\unity\build\Editor\Mono\BuildPipeline\PostprocessBuildPlayer.cs:87)
UnityEditor.BuildPipeline:BuildPlayerInternalNoCheck(String[], String, String, BuildTargetGroup, BuildTarget, BuildOptions, Boolean)
UnityEditor.DefaultBuildMethods:BuildPlayer(BuildPlayerOptions) (at C:\buildslave\unity\build\Editor\Mono\BuildPlayerWindowBuildMethods.cs:164)
UnityEditor.BuildPlayerWindow:CallBuildMethods(Boolean, BuildOptions) (at C:\buildslave\unity\build\Editor\Mono\BuildPlayerWindowBuildMethods.cs:88)
UnityEditor.BuildPlayerWindow:GUIBuildButtons(IBuildWindowExtension, Boolean, Boolean, Boolean, BuildPlatform) (at C:\buildslave\unity\build\Editor\Mono\BuildPlayerWindow.cs:882)
UnityEditor.BuildPlayerWindow:ShowBuildTargetSettings() (at C:\buildslave\unity\build\Editor\Mono\BuildPlayerWindow.cs:812)
UnityEditor.BuildPlayerWindow:OnGUI() (at C:\buildslave\unity\build\Editor\Mono\BuildPlayerWindow.cs:426)
System.Reflection.MonoMethod:InternalInvoke(Object, Object[], Exception&)
System.Reflection.MonoMethod:Invoke(Object, BindingFlags, Binder, Object[], CultureInfo) (at /Users/builduser/buildslave/mono/build/mcs/class/corlib/System.Reflection/MonoMethod.cs:222)
System.Reflection.MethodBase:Invoke(Object, Object[]) (at /Users/builduser/buildslave/mono/build/mcs/class/corlib/System.Reflection/MethodBase.cs:115)
UnityEditor.HostView:Invoke(String, Object) (at C:\buildslave\unity\build\Editor\Mono\HostView.cs:295)
UnityEditor.HostView:Invoke(String) (at C:\buildslave\unity\build\Editor\Mono\HostView.cs:288)
UnityEditor.HostView:OldOnGUI() (at C:\buildslave\unity\build\Editor\Mono\HostView.cs:107)
UnityEngine.Experimental.UIElements.IMGUIContainer:DoOnGUI(Event) (at C:\buildslave\unity\build\Runtime\UIElements\Managed\IMGUIContainer.cs:183)
UnityEngine.Experimental.UIElements.IMGUIContainer:HandleIMGUIEvent(Event) (at C:\buildslave\unity\build\Runtime\UIElements\Managed\IMGUIContainer.cs:339)
UnityEngine.Experimental.UIElements.IMGUIContainer:HandleEvent(EventBase) (at C:\buildslave\unity\build\Runtime\UIElements\Managed\IMGUIContainer.cs:318)
UnityEngine.Experimental.UIElements.EventDispatcher:DispatchEvent(EventBase, IPanel) (at C:\buildslave\unity\build\Runtime\UIElements\Managed\EventDispatcher.cs:250)
UnityEngine.Experimental.UIElements.UIElementsUtility:DoDispatch(BaseVisualElementPanel) (at C:\buildslave\unity\build\Runtime\UIElements\Managed\UIElementsUtility.cs:256)
UnityEngine.Experimental.UIElements.UIElementsUtility:ProcessEvent(Int32, IntPtr) (at C:\buildslave\unity\build\Runtime\UIElements\Managed\UIElementsUtility.cs:78)
UnityEngine.GUIUtility:ProcessEvent(Int32, IntPtr) (at C:\buildslave\unity\build\Runtime\IMGUI\Managed\GUIUtility.cs:175)
 
(Filename: /Users/builduser/buildslave/mono/build/mcs/class/corlib/System.Reflection/MonoMethod.cs Line: 222)

 Mapping new ns http://schemas.android.com/sdk/android/repo/sys-img2/04 to old ns http://schemas.android.com/sdk/android/repo/sys-img2/01
UnityEngine.DebugLogHandler:Internal_Log(LogType, String, Object)
UnityEngine.DebugLogHandler:LogFormat(LogType, Object, String, Object[])
UnityEngine.Logger:Log(LogType, Object)
UnityEngine.Debug:LogWarning(Object)
UnityEditor.Android.AndroidSDKTools:DetectErrorsAndWarnings(String, String)
UnityEditor.Android.AndroidSDKTools:RunAndroidSdkTool(String, String, Boolean, WaitingForProcessToExit, String)
UnityEditor.Android.AndroidSDKTools:ListTargetPlatforms(WaitingForProcessToExit)
UnityEditor.Android.AndroidSDKTools:GetTopAndroidPlatformAvailable(WaitingForProcessToExit)
UnityEditor.Android.PostProcessor.Tasks.SDKPlatformDetector:GetVersion(AndroidSDKTools)
UnityEditor.Android.PostProcessor.Tasks.SDKComponentDetector:Detect(AndroidSDKTools, Version, ProgressHandler)
UnityEditor.Android.PostProcessor.Tasks.CheckAndroidSDK:EnsureSDKComponentVersion(Version, SDKComponentDetector)
UnityEditor.Android.PostProcessor.Tasks.CheckAndroidSDK:EnsureSDKComponentVersion(Int32, SDKComponentDetector)
UnityEditor.Android.PostProcessor.Tasks.CheckAndroidSDK:Execute(PostProcessorContext)
UnityEditor.Android.PostProcessor.PostProcessRunner:RunAllTasks(PostProcessorContext)
UnityEditor.Android.PostProcessAndroidPlayer:PrepareForBuild(BuildOptions, BuildTarget)
UnityEditor.Android.AndroidBuildPostprocessor:PrepareForBuild(BuildOptions, BuildTarget)
UnityEditor.PostprocessBuildPlayer:PrepareForBuild(BuildOptions, BuildTargetGroup, BuildTarget) (at C:\buildslave\unity\build\Editor\Mono\BuildPipeline\PostprocessBuildPlayer.cs:87)
UnityEditor.BuildPipeline:BuildPlayerInternalNoCheck(String[], String, String, BuildTargetGroup, BuildTarget, BuildOptions, Boolean)
UnityEditor.DefaultBuildMethods:BuildPlayer(BuildPlayerOptions) (at C:\buildslave\unity\build\Editor\Mono\BuildPlayerWindowBuildMethods.cs:164)
UnityEditor.BuildPlayerWindow:CallBuildMethods(Boolean, BuildOptions) (at C:\buildslave\unity\build\Editor\Mono\BuildPlayerWindowBuildMethods.cs:88)
UnityEditor.BuildPlayerWindow:GUIBuildButtons(IBuildWindowExtension, Boolean, Boolean, Boolean, BuildPlatform) (at C:\buildslave\unity\build\Editor\Mono\BuildPlayerWindow.cs:882)
UnityEditor.BuildPlayerWindow:ShowBuildTargetSettings() (at C:\buildslave\unity\build\Editor\Mono\BuildPlayerWindow.cs:812)
UnityEditor.BuildPlayerWindow:OnGUI() (at C:\buildslave\unity\build\Editor\Mono\BuildPlayerWindow.cs:426)
System.Reflection.MonoMethod:InternalInvoke(Object, Object[], Exception&)
System.Reflection.MonoMethod:Invoke(Object, BindingFlags, Binder, Object[], CultureInfo) (at /Users/builduser/buildslave/mono/build/mcs/class/corlib/System.Reflection/MonoMethod.cs:222)
System.Reflection.MethodBase:Invoke(Object, Object[]) (at /Users/builduser/buildslave/mono/build/mcs/class/corlib/System.Reflection/MethodBase.cs:115)
UnityEditor.HostView:Invoke(String, Object) (at C:\buildslave\unity\build\Editor\Mono\HostView.cs:295)
UnityEditor.HostView:Invoke(String) (at C:\buildslave\unity\build\Editor\Mono\HostView.cs:288)
UnityEditor.HostView:OldOnGUI() (at C:\buildslave\unity\build\Editor\Mono\HostView.cs:107)
UnityEngine.Experimental.UIElements.IMGUIContainer:DoOnGUI(Event) (at C:\buildslave\unity\build\Runtime\UIElements\Managed\IMGUIContainer.cs:183)
UnityEngine.Experimental.UIElements.IMGUIContainer:HandleIMGUIEvent(Event) (at C:\buildslave\unity\build\Runtime\UIElements\Managed\IMGUIContainer.cs:339)
UnityEngine.Experimental.UIElements.IMGUIContainer:HandleEvent(EventBase) (at C:\buildslave\unity\build\Runtime\UIElements\Managed\IMGUIContainer.cs:318)
UnityEngine.Experimental.UIElements.EventDispatcher:DispatchEvent(EventBase, IPanel) (at C:\buildslave\unity\build\Runtime\UIElements\Managed\EventDispatcher.cs:250)
UnityEngine.Experimental.UIElements.UIElementsUtility:DoDispatch(BaseVisualElementPanel) (at C:\buildslave\unity\build\Runtime\UIElements\Managed\UIElementsUtility.cs:256)
UnityEngine.Experimental.UIElements.UIElementsUtility:ProcessEvent(Int32, IntPtr) (at C:\buildslave\unity\build\Runtime\UIElements\Managed\UIElementsUtility.cs:78)
UnityEngine.GUIUtility:ProcessEvent(Int32, IntPtr) (at C:\buildslave\unity\build\Runtime\IMGUI\Managed\GUIUtility.cs:175)
 
(Filename: /Users/builduser/buildslave/mono/build/mcs/class/corlib/System.Reflection/MonoMethod.cs Line: 222)

 Mapping new ns http://schemas.android.com/sdk/android/repo/sys-img2/03 to old ns http://schemas.android.com/sdk/android/repo/sys-img2/01
UnityEngine.DebugLogHandler:Internal_Log(LogType, String, Object)
UnityEngine.DebugLogHandler:LogFormat(LogType, Object, String, Object[])
UnityEngine.Logger:Log(LogType, Object)
UnityEngine.Debug:LogWarning(Object)
UnityEditor.Android.AndroidSDKTools:DetectErrorsAndWarnings(String, String)
UnityEditor.Android.AndroidSDKTools:RunAndroidSdkTool(String, String, Boolean, WaitingForProcessToExit, String)
UnityEditor.Android.AndroidSDKTools:ListTargetPlatforms(WaitingForProcessToExit)
UnityEditor.Android.AndroidSDKTools:GetTopAndroidPlatformAvailable(WaitingForProcessToExit)
UnityEditor.Android.PostProcessor.Tasks.SDKPlatformDetector:GetVersion(AndroidSDKTools)
UnityEditor.Android.PostProcessor.Tasks.SDKComponentDetector:Detect(AndroidSDKTools, Version, ProgressHandler)
UnityEditor.Android.PostProcessor.Tasks.CheckAndroidSDK:EnsureSDKComponentVersion(Version, SDKComponentDetector)
UnityEditor.Android.PostProcessor.Tasks.CheckAndroidSDK:EnsureSDKComponentVersion(Int32, SDKComponentDetector)
UnityEditor.Android.PostProcessor.Tasks.CheckAndroidSDK:Execute(PostProcessorContext)
UnityEditor.Android.PostProcessor.PostProcessRunner:RunAllTasks(PostProcessorContext)
UnityEditor.Android.PostProcessAndroidPlayer:PrepareForBuild(BuildOptions, BuildTarget)
UnityEditor.Android.AndroidBuildPostprocessor:PrepareForBuild(BuildOptions, BuildTarget)
UnityEditor.PostprocessBuildPlayer:PrepareForBuild(BuildOptions, BuildTargetGroup, BuildTarget) (at C:\buildslave\unity\build\Editor\Mono\BuildPipeline\PostprocessBuildPlayer.cs:87)
UnityEditor.BuildPipeline:BuildPlayerInternalNoCheck(String[], String, String, BuildTargetGroup, BuildTarget, BuildOptions, Boolean)
UnityEditor.DefaultBuildMethods:BuildPlayer(BuildPlayerOptions) (at C:\buildslave\unity\build\Editor\Mono\BuildPlayerWindowBuildMethods.cs:164)
UnityEditor.BuildPlayerWindow:CallBuildMethods(Boolean, BuildOptions) (at C:\buildslave\unity\build\Editor\Mono\BuildPlayerWindowBuildMethods.cs:88)
UnityEditor.BuildPlayerWindow:GUIBuildButtons(IBuildWindowExtension, Boolean, Boolean, Boolean, BuildPlatform) (at C:\buildslave\unity\build\Editor\Mono\BuildPlayerWindow.cs:882)
UnityEditor.BuildPlayerWindow:ShowBuildTargetSettings() (at C:\buildslave\unity\build\Editor\Mono\BuildPlayerWindow.cs:812)
UnityEditor.BuildPlayerWindow:OnGUI() (at C:\buildslave\unity\build\Editor\Mono\BuildPlayerWindow.cs:426)
System.Reflection.MonoMethod:InternalInvoke(Object, Object[], Exception&)
System.Reflection.MonoMethod:Invoke(Object, BindingFlags, Binder, Object[], CultureInfo) (at /Users/builduser/buildslave/mono/build/mcs/class/corlib/System.Reflection/MonoMethod.cs:222)
System.Reflection.MethodBase:Invoke(Object, Object[]) (at /Users/builduser/buildslave/mono/build/mcs/class/corlib/System.Reflection/MethodBase.cs:115)
UnityEditor.HostView:Invoke(String, Object) (at C:\buildslave\unity\build\Editor\Mono\HostView.cs:295)
UnityEditor.HostView:Invoke(String) (at C:\buildslave\unity\build\Editor\Mono\HostView.cs:288)
UnityEditor.HostView:OldOnGUI() (at C:\buildslave\unity\build\Editor\Mono\HostView.cs:107)
UnityEngine.Experimental.UIElements.IMGUIContainer:DoOnGUI(Event) (at C:\buildslave\unity\build\Runtime\UIElements\Managed\IMGUIContainer.cs:183)
UnityEngine.Experimental.UIElements.IMGUIContainer:HandleIMGUIEvent(Event) (at C:\buildslave\unity\build\Runtime\UIElements\Managed\IMGUIContainer.cs:339)
UnityEngine.Experimental.UIElements.IMGUIContainer:HandleEvent(EventBase) (at C:\buildslave\unity\build\Runtime\UIElements\Managed\IMGUIContainer.cs:318)
UnityEngine.Experimental.UIElements.EventDispatcher:DispatchEvent(EventBase, IPanel) (at C:\buildslave\unity\build\Runtime\UIElements\Managed\EventDispatcher.cs:250)
UnityEngine.Experimental.UIElements.UIElementsUtility:DoDispatch(BaseVisualElementPanel) (at C:\buildslave\unity\build\Runtime\UIElements\Managed\UIElementsUtility.cs:256)
UnityEngine.Experimental.UIElements.UIElementsUtility:ProcessEvent(Int32, IntPtr) (at C:\buildslave\unity\build\Runtime\UIElements\Managed\UIElementsUtility.cs:78)
UnityEngine.GUIUtility:ProcessEvent(Int32, IntPtr) (at C:\buildslave\unity\build\Runtime\IMGUI\Managed\GUIUtility.cs:175)
 
(Filename: /Users/builduser/buildslave/mono/build/mcs/class/corlib/System.Reflection/MonoMethod.cs Line: 222)

 Mapping new ns http://schemas.android.com/sdk/android/repo/sys-img2/02 to old ns http://schemas.android.com/sdk/android/repo/sys-img2/01
UnityEngine.DebugLogHandler:Internal_Log(LogType, String, Object)
UnityEngine.DebugLogHandler:LogFormat(LogType, Object, String, Object[])
UnityEngine.Logger:Log(LogType, Object)
UnityEngine.Debug:LogWarning(Object)
UnityEditor.Android.AndroidSDKTools:DetectErrorsAndWarnings(String, String)
UnityEditor.Android.AndroidSDKTools:RunAndroidSdkTool(String, String, Boolean, WaitingForProcessToExit, String)
UnityEditor.Android.AndroidSDKTools:ListTargetPlatforms(WaitingForProcessToExit)
UnityEditor.Android.AndroidSDKTools:GetTopAndroidPlatformAvailable(WaitingForProcessToExit)
UnityEditor.Android.PostProcessor.Tasks.SDKPlatformDetector:GetVersion(AndroidSDKTools)
UnityEditor.Android.PostProcessor.Tasks.SDKComponentDetector:Detect(AndroidSDKTools, Version, ProgressHandler)
UnityEditor.Android.PostProcessor.Tasks.CheckAndroidSDK:EnsureSDKComponentVersion(Version, SDKComponentDetector)
UnityEditor.Android.PostProcessor.Tasks.CheckAndroidSDK:EnsureSDKComponentVersion(Int32, SDKComponentDetector)
UnityEditor.Android.PostProcessor.Tasks.CheckAndroidSDK:Execute(PostProcessorContext)
UnityEditor.Android.PostProcessor.PostProcessRunner:RunAllTasks(PostProcessorContext)
UnityEditor.Android.PostProcessAndroidPlayer:PrepareForBuild(BuildOptions, BuildTarget)
UnityEditor.Android.AndroidBuildPostprocessor:PrepareForBuild(BuildOptions, BuildTarget)
UnityEditor.PostprocessBuildPlayer:PrepareForBuild(BuildOptions, BuildTargetGroup, BuildTarget) (at C:\buildslave\unity\build\Editor\Mono\BuildPipeline\PostprocessBuildPlayer.cs:87)
UnityEditor.BuildPipeline:BuildPlayerInternalNoCheck(String[], String, String, BuildTargetGroup, BuildTarget, BuildOptions, Boolean)
UnityEditor.DefaultBuildMethods:BuildPlayer(BuildPlayerOptions) (at C:\buildslave\unity\build\Editor\Mono\BuildPlayerWindowBuildMethods.cs:164)
UnityEditor.BuildPlayerWindow:CallBuildMethods(Boolean, BuildOptions) (at C:\buildslave\unity\build\Editor\Mono\BuildPlayerWindowBuildMethods.cs:88)
UnityEditor.BuildPlayerWindow:GUIBuildButtons(IBuildWindowExtension, Boolean, Boolean, Boolean, BuildPlatform) (at C:\buildslave\unity\build\Editor\Mono\BuildPlayerWindow.cs:882)
UnityEditor.BuildPlayerWindow:ShowBuildTargetSettings() (at C:\buildslave\unity\build\Editor\Mono\BuildPlayerWindow.cs:812)
UnityEditor.BuildPlayerWindow:OnGUI() (at C:\buildslave\unity\build\Editor\Mono\BuildPlayerWindow.cs:426)
System.Reflection.MonoMethod:InternalInvoke(Object, Object[], Exception&)
System.Reflection.MonoMethod:Invoke(Object, BindingFlags, Binder, Object[], CultureInfo) (at /Users/builduser/buildslave/mono/build/mcs/class/corlib/System.Reflection/MonoMethod.cs:222)
System.Reflection.MethodBase:Invoke(Object, Object[]) (at /Users/builduser/buildslave/mono/build/mcs/class/corlib/System.Reflection/MethodBase.cs:115)
UnityEditor.HostView:Invoke(String, Object) (at C:\buildslave\unity\build\Editor\Mono\HostView.cs:295)
UnityEditor.HostView:Invoke(String) (at C:\buildslave\unity\build\Editor\Mono\HostView.cs:288)
UnityEditor.HostView:OldOnGUI() (at C:\buildslave\unity\build\Editor\Mono\HostView.cs:107)
UnityEngine.Experimental.UIElements.IMGUIContainer:DoOnGUI(Event) (at C:\buildslave\unity\build\Runtime\UIElements\Managed\IMGUIContainer.cs:183)
UnityEngine.Experimental.UIElements.IMGUIContainer:HandleIMGUIEvent(Event) (at C:\buildslave\unity\build\Runtime\UIElements\Managed\IMGUIContainer.cs:339)
UnityEngine.Experimental.UIElements.IMGUIContainer:HandleEvent(EventBase) (at C:\buildslave\unity\build\Runtime\UIElements\Managed\IMGUIContainer.cs:318)
UnityEngine.Experimental.UIElements.EventDispatcher:DispatchEvent(EventBase, IPanel) (at C:\buildslave\unity\build\Runtime\UIElements\Managed\EventDispatcher.cs:250)
UnityEngine.Experimental.UIElements.UIElementsUtility:DoDispatch(BaseVisualElementPanel) (at C:\buildslave\unity\build\Runtime\UIElements\Managed\UIElementsUtility.cs:256)
UnityEngine.Experimental.UIElements.UIElementsUtility:ProcessEvent(Int32, IntPtr) (at C:\buildslave\unity\build\Runtime\UIElements\Managed\UIElementsUtility.cs:78)
UnityEngine.GUIUtility:ProcessEvent(Int32, IntPtr) (at C:\buildslave\unity\build\Runtime\IMGUI\Managed\GUIUtility.cs:175)
 
(Filename: /Users/builduser/buildslave/mono/build/mcs/class/corlib/System.Reflection/MonoMethod.cs Line: 222)

 cvc-complex-type.2.4.a: Se ha encontrado contenido no v�lido a partir del elemento 'extension-level'. Se esperaba uno de '{codename}'.
UnityEngine.DebugLogHandler:Internal_Log(LogType, String, Object)
UnityEngine.DebugLogHandler:LogFormat(LogType, Object, String, Object[])
UnityEngine.Logger:Log(LogType, Object)
UnityEngine.Debug:LogWarning(Object)
UnityEditor.Android.AndroidSDKTools:DetectErrorsAndWarnings(String, String)
UnityEditor.Android.AndroidSDKTools:RunAndroidSdkTool(String, String, Boolean, WaitingForProcessToExit, String)
UnityEditor.Android.AndroidSDKTools:ListTargetPlatforms(WaitingForProcessToExit)
UnityEditor.Android.AndroidSDKTools:GetTopAndroidPlatformAvailable(WaitingForProcessToExit)
UnityEditor.Android.PostProcessor.Tasks.SDKPlatformDetector:GetVersion(AndroidSDKTools)
UnityEditor.Android.PostProcessor.Tasks.SDKComponentDetector:Detect(AndroidSDKTools, Version, ProgressHandler)
UnityEditor.Android.PostProcessor.Tasks.CheckAndroidSDK:EnsureSDKComponentVersion(Version, SDKComponentDetector)
UnityEditor.Android.PostProcessor.Tasks.CheckAndroidSDK:EnsureSDKComponentVersion(Int32, SDKComponentDetector)
UnityEditor.Android.PostProcessor.Tasks.CheckAndroidSDK:Execute(PostProcessorContext)
UnityEditor.Android.PostProcessor.PostProcessRunner:RunAllTasks(PostProcessorContext)
UnityEditor.Android.PostProcessAndroidPlayer:PrepareForBuild(BuildOptions, BuildTarget)
UnityEditor.Android.AndroidBuildPostprocessor:PrepareForBuild(BuildOptions, BuildTarget)
UnityEditor.PostprocessBuildPlayer:PrepareForBuild(BuildOptions, BuildTargetGroup, BuildTarget) (at C:\buildslave\unity\build\Editor\Mono\BuildPipeline\PostprocessBuildPlayer.cs:87)
UnityEditor.BuildPipeline:BuildPlayerInternalNoCheck(String[], String, String, BuildTargetGroup, BuildTarget, BuildOptions, Boolean)
UnityEditor.DefaultBuildMethods:BuildPlayer(BuildPlayerOptions) (at C:\buildslave\unity\build\Editor\Mono\BuildPlayerWindowBuildMethods.cs:164)
UnityEditor.BuildPlayerWindow:CallBuildMethods(Boolean, BuildOptions) (at C:\buildslave\unity\build\Editor\Mono\BuildPlayerWindowBuildMethods.cs:88)
UnityEditor.BuildPlayerWindow:GUIBuildButtons(IBuildWindowExtension, Boolean, Boolean, Boolean, BuildPlatform) (at C:\buildslave\unity\build\Editor\Mono\BuildPlayerWindow.cs:882)
UnityEditor.BuildPlayerWindow:ShowBuildTargetSettings() (at C:\buildslave\unity\build\Editor\Mono\BuildPlayerWindow.cs:812)
UnityEditor.BuildPlayerWindow:OnGUI() (at C:\buildslave\unity\build\Editor\Mono\BuildPlayerWindow.cs:426)
System.Reflection.MonoMethod:InternalInvoke(Object, Object[], Exception&)
System.Reflection.MonoMethod:Invoke(Object, BindingFlags, Binder, Object[], CultureInfo) (at /Users/builduser/buildslave/mono/build/mcs/class/corlib/System.Reflection/MonoMethod.cs:222)
System.Reflection.MethodBase:Invoke(Object, Object[]) (at /Users/builduser/buildslave/mono/build/mcs/class/corlib/System.Reflection/MethodBase.cs:115)
UnityEditor.HostView:Invoke(String, Object) (at C:\buildslave\unity\build\Editor\Mono\HostView.cs:295)
UnityEditor.HostView:Invoke(String) (at C:\buildslave\unity\build\Editor\Mono\HostView.cs:288)
UnityEditor.HostView:OldOnGUI() (at C:\buildslave\unity\build\Editor\Mono\HostView.cs:107)
UnityEngine.Experimental.UIElements.IMGUIContainer:DoOnGUI(Event) (at C:\buildslave\unity\build\Runtime\UIElements\Managed\IMGUIContainer.cs:183)
UnityEngine.Experimental.UIElements.IMGUIContainer:HandleIMGUIEvent(Event) (at C:\buildslave\unity\build\Runtime\UIElements\Managed\IMGUIContainer.cs:339)
UnityEngine.Experimental.UIElements.IMGUIContainer:HandleEvent(EventBase) (at C:\buildslave\unity\build\Runtime\UIElements\Managed\IMGUIContainer.cs:318)
UnityEngine.Experimental.UIElements.EventDispatcher:DispatchEvent(EventBase, IPanel) (at C:\buildslave\unity\build\Runtime\UIElements\Managed\EventDispatcher.cs:250)
UnityEngine.Experimental.UIElements.UIElementsUtility:DoDispatch(BaseVisualElementPanel) (at C:\buildslave\unity\build\Runtime\UIElements\Managed\UIElementsUtility.cs:256)
UnityEngine.Experimental.UIElements.UIElementsUtility:ProcessEvent(Int32, IntPtr) (at C:\buildslave\unity\build\Runtime\UIElements\Managed\UIElementsUtility.cs:78)
UnityEngine.GUIUtility:ProcessEvent(Int32, IntPtr) (at C:\buildslave\unity\build\Runtime\IMGUI\Managed\GUIUtility.cs:175)
 
(Filename: /Users/builduser/buildslave/mono/build/mcs/class/corlib/System.Reflection/MonoMethod.cs Line: 222)

 Errors limit exceeded. To receive all errors set com.sun.xml.internal.bind logger to FINEST level.
UnityEngine.DebugLogHandler:Internal_Log(LogType, String, Object)
UnityEngine.DebugLogHandler:LogFormat(LogType, Object, String, Object[])
UnityEngine.Logger:Log(LogType, Object)
UnityEngine.Debug:LogWarning(Object)
UnityEditor.Android.AndroidSDKTools:DetectErrorsAndWarnings(String, String)
UnityEditor.Android.AndroidSDKTools:RunAndroidSdkTool(String, String, Boolean, WaitingForProcessToExit, String)
UnityEditor.Android.AndroidSDKTools:ListTargetPlatforms(WaitingForProcessToExit)
UnityEditor.Android.AndroidSDKTools:GetTopAndroidPlatformAvailable(WaitingForProcessToExit)
UnityEditor.Android.PostProcessor.Tasks.SDKPlatformDetector:GetVersion(AndroidSDKTools)
UnityEditor.Android.PostProcessor.Tasks.SDKComponentDetector:Detect(AndroidSDKTools, Version, ProgressHandler)
UnityEditor.Android.PostProcessor.Tasks.CheckAndroidSDK:EnsureSDKComponentVersion(Version, SDKComponentDetector)
UnityEditor.Android.PostProcessor.Tasks.CheckAndroidSDK:EnsureSDKComponentVersion(Int32, SDKComponentDetector)
UnityEditor.Android.PostProcessor.Tasks.CheckAndroidSDK:Execute(PostProcessorContext)
UnityEditor.Android.PostProcessor.PostProcessRunner:RunAllTasks(PostProcessorContext)
UnityEditor.Android.PostProcessAndroidPlayer:PrepareForBuild(BuildOptions, BuildTarget)
UnityEditor.Android.AndroidBuildPostprocessor:PrepareForBuild(BuildOptions, BuildTarget)
UnityEditor.PostprocessBuildPlayer:PrepareForBuild(BuildOptions, BuildTargetGroup, BuildTarget) (at C:\buildslave\unity\build\Editor\Mono\BuildPipeline\PostprocessBuildPlayer.cs:87)
UnityEditor.BuildPipeline:BuildPlayerInternalNoCheck(String[], String, String, BuildTargetGroup, BuildTarget, BuildOptions, Boolean)
UnityEditor.DefaultBuildMethods:BuildPlayer(BuildPlayerOptions) (at C:\buildslave\unity\build\Editor\Mono\BuildPlayerWindowBuildMethods.cs:164)
UnityEditor.BuildPlayerWindow:CallBuildMethods(Boolean, BuildOptions) (at C:\buildslave\unity\build\Editor\Mono\BuildPlayerWindowBuildMethods.cs:88)
UnityEditor.BuildPlayerWindow:GUIBuildButtons(IBuildWindowExtension, Boolean, Boolean, Boolean, BuildPlatform) (at C:\buildslave\unity\build\Editor\Mono\BuildPlayerWindow.cs:882)
UnityEditor.BuildPlayerWindow:ShowBuildTargetSettings() (at C:\buildslave\unity\build\Editor\Mono\BuildPlayerWindow.cs:812)
UnityEditor.BuildPlayerWindow:OnGUI() (at C:\buildslave\unity\build\Editor\Mono\BuildPlayerWindow.cs:426)
System.Reflection.MonoMethod:InternalInvoke(Object, Object[], Exception&)
System.Reflection.MonoMethod:Invoke(Object, BindingFlags, Binder, Object[], CultureInfo) (at /Users/builduser/buildslave/mono/build/mcs/class/corlib/System.Reflection/MonoMethod.cs:222)
System.Reflection.MethodBase:Invoke(Object, Object[]) (at /Users/builduser/buildslave/mono/build/mcs/class/corlib/System.Reflection/MethodBase.cs:115)
UnityEditor.HostView:Invoke(String, Object) (at C:\buildslave\unity\build\Editor\Mono\HostView.cs:295)
UnityEditor.HostView:Invoke(String) (at C:\buildslave\unity\build\Editor\Mono\HostView.cs:288)
UnityEditor.HostView:OldOnGUI() (at C:\buildslave\unity\build\Editor\Mono\HostView.cs:107)
UnityEngine.Experimental.UIElements.IMGUIContainer:DoOnGUI(Event) (at C:\buildslave\unity\build\Runtime\UIElements\Managed\IMGUIContainer.cs:183)
UnityEngine.Experimental.UIElements.IMGUIContainer:HandleIMGUIEvent(Event) (at C:\buildslave\unity\build\Runtime\UIElements\Managed\IMGUIContainer.cs:339)
UnityEngine.Experimental.UIElements.IMGUIContainer:HandleEvent(EventBase) (at C:\buildslave\unity\build\Runtime\UIElements\Managed\IMGUIContainer.cs:318)
UnityEngine.Experimental.UIElements.EventDispatcher:DispatchEvent(EventBase, IPanel) (at C:\buildslave\unity\build\Runtime\UIElements\Managed\EventDispatcher.cs:250)
UnityEngine.Experimental.UIElements.UIElementsUtility:DoDispatch(BaseVisualElementPanel) (at C:\buildslave\unity\build\Runtime\UIElements\Managed\UIElementsUtility.cs:256)
UnityEngine.Experimental.UIElements.UIElementsUtility:ProcessEvent(Int32, IntPtr) (at C:\buildslave\unity\build\Runtime\UIElements\Managed\UIElementsUtility.cs:78)
UnityEngine.GUIUtility:ProcessEvent(Int32, IntPtr) (at C:\buildslave\unity\build\Runtime\IMGUI\Managed\GUIUtility.cs:175)
 
(Filename: /Users/builduser/buildslave/mono/build/mcs/class/corlib/System.Reflection/MonoMethod.cs Line: 222)

 elemento inesperado (URI:"", local:"extension-level"). Los elementos esperados son <{}codename>,<{}api-level>
UnityEngine.DebugLogHandler:Internal_Log(LogType, String, Object)
UnityEngine.DebugLogHandler:LogFormat(LogType, Object, String, Object[])
UnityEngine.Logger:Log(LogType, Object)
UnityEngine.Debug:LogWarning(Object)
UnityEditor.Android.AndroidSDKTools:DetectErrorsAndWarnings(String, String)
UnityEditor.Android.AndroidSDKTools:RunAndroidSdkTool(String, String, Boolean, WaitingForProcessToExit, String)
UnityEditor.Android.AndroidSDKTools:ListTargetPlatforms(WaitingForProcessToExit)
UnityEditor.Android.AndroidSDKTools:GetTopAndroidPlatformAvailable(WaitingForProcessToExit)
UnityEditor.Android.PostProcessor.Tasks.SDKPlatformDetector:GetVersion(AndroidSDKTools)
UnityEditor.Android.PostProcessor.Tasks.SDKComponentDetector:Detect(AndroidSDKTools, Version, ProgressHandler)
UnityEditor.Android.PostProcessor.Tasks.CheckAndroidSDK:EnsureSDKComponentVersion(Version, SDKComponentDetector)
UnityEditor.Android.PostProcessor.Tasks.CheckAndroidSDK:EnsureSDKComponentVersion(Int32, SDKComponentDetector)
UnityEditor.Android.PostProcessor.Tasks.CheckAndroidSDK:Execute(PostProcessorContext)
UnityEditor.Android.PostProcessor.PostProcessRunner:RunAllTasks(PostProcessorContext)
UnityEditor.Android.PostProcessAndroidPlayer:PrepareForBuild(BuildOptions, BuildTarget)
UnityEditor.Android.AndroidBuildPostprocessor:PrepareForBuild(BuildOptions, BuildTarget)
UnityEditor.PostprocessBuildPlayer:PrepareForBuild(BuildOptions, BuildTargetGroup, BuildTarget) (at C:\buildslave\unity\build\Editor\Mono\BuildPipeline\PostprocessBuildPlayer.cs:87)
UnityEditor.BuildPipeline:BuildPlayerInternalNoCheck(String[], String, String, BuildTargetGroup, BuildTarget, BuildOptions, Boolean)
UnityEditor.DefaultBuildMethods:BuildPlayer(BuildPlayerOptions) (at C:\buildslave\unity\build\Editor\Mono\BuildPlayerWindowBuildMethods.cs:164)
UnityEditor.BuildPlayerWindow:CallBuildMethods(Boolean, BuildOptions) (at C:\buildslave\unity\build\Editor\Mono\BuildPlayerWindowBuildMethods.cs:88)
UnityEditor.BuildPlayerWindow:GUIBuildButtons(IBuildWindowExtension, Boolean, Boolean, Boolean, BuildPlatform) (at C:\buildslave\unity\build\Editor\Mono\BuildPlayerWindow.cs:882)
UnityEditor.BuildPlayerWindow:ShowBuildTargetSettings() (at C:\buildslave\unity\build\Editor\Mono\BuildPlayerWindow.cs:812)
UnityEditor.BuildPlayerWindow:OnGUI() (at C:\buildslave\unity\build\Editor\Mono\BuildPlayerWindow.cs:426)
System.Reflection.MonoMethod:InternalInvoke(Object, Object[], Exception&)
System.Reflection.MonoMethod:Invoke(Object, BindingFlags, Binder, Object[], CultureInfo) (at /Users/builduser/buildslave/mono/build/mcs/class/corlib/System.Reflection/MonoMethod.cs:222)
System.Reflection.MethodBase:Invoke(Object, Object[]) (at /Users/builduser/buildslave/mono/build/mcs/class/corlib/System.Reflection/MethodBase.cs:115)
UnityEditor.HostView:Invoke(String, Object) (at C:\buildslave\unity\build\Editor\Mono\HostView.cs:295)
UnityEditor.HostView:Invoke(String) (at C:\buildslave\unity\build\Editor\Mono\HostView.cs:288)
UnityEditor.HostView:OldOnGUI() (at C:\buildslave\unity\build\Editor\Mono\HostView.cs:107)
UnityEngine.Experimental.UIElements.IMGUIContainer:DoOnGUI(Event) (at C:\buildslave\unity\build\Runtime\UIElements\Managed\IMGUIContainer.cs:183)
UnityEngine.Experimental.UIElements.IMGUIContainer:HandleIMGUIEvent(Event) (at C:\buildslave\unity\build\Runtime\UIElements\Managed\IMGUIContainer.cs:339)
UnityEngine.Experimental.UIElements.IMGUIContainer:HandleEvent(EventBase) (at C:\buildslave\unity\build\Runtime\UIElements\Managed\IMGUIContainer.cs:318)
UnityEngine.Experimental.UIElements.EventDispatcher:DispatchEvent(EventBase, IPanel) (at C:\buildslave\unity\build\Runtime\UIElements\Managed\EventDispatcher.cs:250)
UnityEngine.Experimental.UIElements.UIElementsUtility:DoDispatch(BaseVisualElementPanel) (at C:\buildslave\unity\build\Runtime\UIElements\Managed\UIElementsUtility.cs:256)
UnityEngine.Experimental.UIElements.UIElementsUtility:ProcessEvent(Int32, IntPtr) (at C:\buildslave\unity\build\Runtime\UIElements\Managed\UIElementsUtility.cs:78)
UnityEngine.GUIUtility:ProcessEvent(Int32, IntPtr) (at C:\buildslave\unity\build\Runtime\IMGUI\Managed\GUIUtility.cs:175)
 
(Filename: /Users/builduser/buildslave/mono/build/mcs/class/corlib/System.Reflection/MonoMethod.cs Line: 222)

 Mapping new ns http://schemas.android.com/repository/android/common/02 to old ns http://schemas.android.com/repository/android/common/01
UnityEngine.DebugLogHandler:Internal_Log(LogType, String, Object)
UnityEngine.DebugLogHandler:LogFormat(LogType, Object, String, Object[])
UnityEngine.Logger:Log(LogType, Object)
UnityEngine.Debug:LogWarning(Object)
UnityEditor.Android.AndroidSDKTools:DetectErrorsAndWarnings(String, String)
UnityEditor.Android.AndroidSDKTools:RunAndroidSdkTool(String, String, Boolean, WaitingForProcessToExit, String)
UnityEditor.Android.AndroidSDKTools:ListTargetPlatforms(WaitingForProcessToExit)
UnityEditor.Android.AndroidSDKTools:GetTopAndroidPlatformAvailable(WaitingForProcessToExit)
UnityEditor.Android.PostProcessor.Tasks.SDKPlatformDetector:GetVersion(AndroidSDKTools)
UnityEditor.Android.PostProcessor.Tasks.SDKComponentDetector:Detect(AndroidSDKTools, Version, ProgressHandler)
UnityEditor.Android.PostProcessor.Tasks.CheckAndroidSDK:EnsureSDKComponentVersion(Version, SDKComponentDetector)
UnityEditor.Android.PostProcessor.Tasks.CheckAndroidSDK:EnsureSDKComponentVersion(Int32, SDKComponentDetector)
UnityEditor.Android.PostProcessor.Tasks.CheckAndroidSDK:Execute(PostProcessorContext)
UnityEditor.Android.PostProcessor.PostProcessRunner:RunAllTasks(PostProcessorContext)
UnityEditor.Android.PostProcessAndroidPlayer:PrepareForBuild(BuildOptions, BuildTarget)
UnityEditor.Android.AndroidBuildPostprocessor:PrepareForBuild(BuildOptions, BuildTarget)
UnityEditor.PostprocessBuildPlayer:PrepareForBuild(BuildOptions, BuildTargetGroup, BuildTarget) (at C:\buildslave\unity\build\Editor\Mono\BuildPipeline\PostprocessBuildPlayer.cs:87)
UnityEditor.BuildPipeline:BuildPlayerInternalNoCheck(String[], String, String, BuildTargetGroup, BuildTarget, BuildOptions, Boolean)
UnityEditor.DefaultBuildMethods:BuildPlayer(BuildPlayerOptions) (at C:\buildslave\unity\build\Editor\Mono\BuildPlayerWindowBuildMethods.cs:164)
UnityEditor.BuildPlayerWindow:CallBuildMethods(Boolean, BuildOptions) (at C:\buildslave\unity\build\Editor\Mono\BuildPlayerWindowBuildMethods.cs:88)
UnityEditor.BuildPlayerWindow:GUIBuildButtons(IBuildWindowExtension, Boolean, Boolean, Boolean, BuildPlatform) (at C:\buildslave\unity\build\Editor\Mono\BuildPlayerWindow.cs:882)
UnityEditor.BuildPlayerWindow:ShowBuildTargetSettings() (at C:\buildslave\unity\build\Editor\Mono\BuildPlayerWindow.cs:812)
UnityEditor.BuildPlayerWindow:OnGUI() (at C:\buildslave\unity\build\Editor\Mono\BuildPlayerWindow.cs:426)
System.Reflection.MonoMethod:InternalInvoke(Object, Object[], Exception&)
System.Reflection.MonoMethod:Invoke(Object, BindingFlags, Binder, Object[], CultureInfo) (at /Users/builduser/buildslave/mono/build/mcs/class/corlib/System.Reflection/MonoMethod.cs:222)
System.Reflection.MethodBase:Invoke(Object, Object[]) (at /Users/builduser/buildslave/mono/build/mcs/class/corlib/System.Reflection/MethodBase.cs:115)
UnityEditor.HostView:Invoke(String, Object) (at C:\buildslave\unity\build\Editor\Mono\HostView.cs:295)
UnityEditor.HostView:Invoke(String) (at C:\buildslave\unity\build\Editor\Mono\HostView.cs:288)
UnityEditor.HostView:OldOnGUI() (at C:\buildslave\unity\build\Editor\Mono\HostView.cs:107)
UnityEngine.Experimental.UIElements.IMGUIContainer:DoOnGUI(Event) (at C:\buildslave\unity\build\Runtime\UIElements\Managed\IMGUIContainer.cs:183)
UnityEngine.Experimental.UIElements.IMGUIContainer:HandleIMGUIEvent(Event) (at C:\buildslave\unity\build\Runtime\UIElements\Managed\IMGUIContainer.cs:339)
UnityEngine.Experimental.UIElements.IMGUIContainer:HandleEvent(EventBase) (at C:\buildslave\unity\build\Runtime\UIElements\Managed\IMGUIContainer.cs:318)
UnityEngine.Experimental.UIElements.EventDispatcher:DispatchEvent(EventBase, IPanel) (at C:\buildslave\unity\build\Runtime\UIElements\Managed\EventDispatcher.cs:250)
UnityEngine.Experimental.UIElements.UIElementsUtility:DoDispatch(BaseVisualElementPanel) (at C:\buildslave\unity\build\Runtime\UIElements\Managed\UIElementsUtility.cs:256)
UnityEngine.Experimental.UIElements.UIElementsUtility:ProcessEvent(Int32, IntPtr) (at C:\buildslave\unity\build\Runtime\UIElements\Managed\UIElementsUtility.cs:78)
UnityEngine.GUIUtility:ProcessEvent(Int32, IntPtr) (at C:\buildslave\unity\build\Runtime\IMGUI\Managed\GUIUtility.cs:175)
 
(Filename: /Users/builduser/buildslave/mono/build/mcs/class/corlib/System.Reflection/MonoMethod.cs Line: 222)

 Mapping new ns http://schemas.android.com/repository/android/generic/02 to old ns http://schemas.android.com/repository/android/generic/01
UnityEngine.DebugLogHandler:Internal_Log(LogType, String, Object)
UnityEngine.DebugLogHandler:LogFormat(LogType, Object, String, Object[])
UnityEngine.Logger:Log(LogType, Object)
UnityEngine.Debug:LogWarning(Object)
UnityEditor.Android.AndroidSDKTools:DetectErrorsAndWarnings(String, String)
UnityEditor.Android.AndroidSDKTools:RunAndroidSdkTool(String, String, Boolean, WaitingForProcessToExit, String)
UnityEditor.Android.AndroidSDKTools:ListTargetPlatforms(WaitingForProcessToExit)
UnityEditor.Android.AndroidSDKTools:GetTopAndroidPlatformAvailable(WaitingForProcessToExit)
UnityEditor.Android.PostProcessor.Tasks.SDKPlatformDetector:GetVersion(AndroidSDKTools)
UnityEditor.Android.PostProcessor.Tasks.SDKComponentDetector:Detect(AndroidSDKTools, Version, ProgressHandler)
UnityEditor.Android.PostProcessor.Tasks.CheckAndroidSDK:EnsureSDKComponentVersion(Version, SDKComponentDetector)
UnityEditor.Android.PostProcessor.Tasks.CheckAndroidSDK:EnsureSDKComponentVersion(Int32, SDKComponentDetector)
UnityEditor.Android.PostProcessor.Tasks.CheckAndroidSDK:Execute(PostProcessorContext)
UnityEditor.Android.PostProcessor.PostProcessRunner:RunAllTasks(PostProcessorContext)
UnityEditor.Android.PostProcessAndroidPlayer:PrepareForBuild(BuildOptions, BuildTarget)
UnityEditor.Android.AndroidBuildPostprocessor:PrepareForBuild(BuildOptions, BuildTarget)
UnityEditor.PostprocessBuildPlayer:PrepareForBuild(BuildOptions, BuildTargetGroup, BuildTarget) (at C:\buildslave\unity\build\Editor\Mono\BuildPipeline\PostprocessBuildPlayer.cs:87)
UnityEditor.BuildPipeline:BuildPlayerInternalNoCheck(String[], String, String, BuildTargetGroup, BuildTarget, BuildOptions, Boolean)
UnityEditor.DefaultBuildMethods:BuildPlayer(BuildPlayerOptions) (at C:\buildslave\unity\build\Editor\Mono\BuildPlayerWindowBuildMethods.cs:164)
UnityEditor.BuildPlayerWindow:CallBuildMethods(Boolean, BuildOptions) (at C:\buildslave\unity\build\Editor\Mono\BuildPlayerWindowBuildMethods.cs:88)
UnityEditor.BuildPlayerWindow:GUIBuildButtons(IBuildWindowExtension, Boolean, Boolean, Boolean, BuildPlatform) (at C:\buildslave\unity\build\Editor\Mono\BuildPlayerWindow.cs:882)
UnityEditor.BuildPlayerWindow:ShowBuildTargetSettings() (at C:\buildslave\unity\build\Editor\Mono\BuildPlayerWindow.cs:812)
UnityEditor.BuildPlayerWindow:OnGUI() (at C:\buildslave\unity\build\Editor\Mono\BuildPlayerWindow.cs:426)
System.Reflection.MonoMethod:InternalInvoke(Object, Object[], Exception&)
System.Reflection.MonoMethod:Invoke(Object, BindingFlags, Binder, Object[], CultureInfo) (at /Users/builduser/buildslave/mono/build/mcs/class/corlib/System.Reflection/MonoMethod.cs:222)
System.Reflection.MethodBase:Invoke(Object, Object[]) (at /Users/builduser/buildslave/mono/build/mcs/class/corlib/System.Reflection/MethodBase.cs:115)
UnityEditor.HostView:Invoke(String, Object) (at C:\buildslave\unity\build\Editor\Mono\HostView.cs:295)
UnityEditor.HostView:Invoke(String) (at C:\buildslave\unity\build\Editor\Mono\HostView.cs:288)
UnityEditor.HostView:OldOnGUI() (at C:\buildslave\unity\build\Editor\Mono\HostView.cs:107)
UnityEngine.Experimental.UIElements.IMGUIContainer:DoOnGUI(Event) (at C:\buildslave\unity\build\Runtime\UIElements\Managed\IMGUIContainer.cs:183)
UnityEngine.Experimental.UIElements.IMGUIContainer:HandleIMGUIEvent(Event) (at C:\buildslave\unity\build\Runtime\UIElements\Managed\IMGUIContainer.cs:339)
UnityEngine.Experimental.UIElements.IMGUIContainer:HandleEvent(EventBase) (at C:\buildslave\unity\build\Runtime\UIElements\Managed\IMGUIContainer.cs:318)
UnityEngine.Experimental.UIElements.EventDispatcher:DispatchEvent(EventBase, IPanel) (at C:\buildslave\unity\build\Runtime\UIElements\Managed\EventDispatcher.cs:250)
UnityEngine.Experimental.UIElements.UIElementsUtility:DoDispatch(BaseVisualElementPanel) (at C:\buildslave\unity\build\Runtime\UIElements\Managed\UIElementsUtility.cs:256)
UnityEngine.Experimental.UIElements.UIElementsUtility:ProcessEvent(Int32, IntPtr) (at C:\buildslave\unity\build\Runtime\UIElements\Managed\UIElementsUtility.cs:78)
UnityEngine.GUIUtility:ProcessEvent(Int32, IntPtr) (at C:\buildslave\unity\build\Runtime\IMGUI\Managed\GUIUtility.cs:175)
 
(Filename: /Users/builduser/buildslave/mono/build/mcs/class/corlib/System.Reflection/MonoMethod.cs Line: 222)

 Mapping new ns http://schemas.android.com/sdk/android/repo/addon2/02 to old ns http://schemas.android.com/sdk/android/repo/addon2/01
UnityEngine.DebugLogHandler:Internal_Log(LogType, String, Object)
UnityEngine.DebugLogHandler:LogFormat(LogType, Object, String, Object[])
UnityEngine.Logger:Log(LogType, Object)
UnityEngine.Debug:LogWarning(Object)
UnityEditor.Android.AndroidSDKTools:DetectErrorsAndWarnings(String, String)
UnityEditor.Android.AndroidSDKTools:RunAndroidSdkTool(String, String, Boolean, WaitingForProcessToExit, String)
UnityEditor.Android.AndroidSDKTools:ListTargetPlatforms(WaitingForProcessToExit)
UnityEditor.Android.AndroidSDKTools:GetTopAndroidPlatformAvailable(WaitingForProcessToExit)
UnityEditor.Android.PostProcessor.Tasks.SDKPlatformDetector:GetVersion(AndroidSDKTools)
UnityEditor.Android.PostProcessor.Tasks.SDKComponentDetector:Detect(AndroidSDKTools, Version, ProgressHandler)
UnityEditor.Android.PostProcessor.Tasks.CheckAndroidSDK:EnsureSDKComponentVersion(Version, SDKComponentDetector)
UnityEditor.Android.PostProcessor.Tasks.CheckAndroidSDK:EnsureSDKComponentVersion(Int32, SDKComponentDetector)
UnityEditor.Android.PostProcessor.Tasks.CheckAndroidSDK:Execute(PostProcessorContext)
UnityEditor.Android.PostProcessor.PostProcessRunner:RunAllTasks(PostProcessorContext)
UnityEditor.Android.PostProcessAndroidPlayer:PrepareForBuild(BuildOptions, BuildTarget)
UnityEditor.Android.AndroidBuildPostprocessor:PrepareForBuild(BuildOptions, BuildTarget)
UnityEditor.PostprocessBuildPlayer:PrepareForBuild(BuildOptions, BuildTargetGroup, BuildTarget) (at C:\buildslave\unity\build\Editor\Mono\BuildPipeline\PostprocessBuildPlayer.cs:87)
UnityEditor.BuildPipeline:BuildPlayerInternalNoCheck(String[], String, String, BuildTargetGroup, BuildTarget, BuildOptions, Boolean)
UnityEditor.DefaultBuildMethods:BuildPlayer(BuildPlayerOptions) (at C:\buildslave\unity\build\Editor\Mono\BuildPlayerWindowBuildMethods.cs:164)
UnityEditor.BuildPlayerWindow:CallBuildMethods(Boolean, BuildOptions) (at C:\buildslave\unity\build\Editor\Mono\BuildPlayerWindowBuildMethods.cs:88)
UnityEditor.BuildPlayerWindow:GUIBuildButtons(IBuildWindowExtension, Boolean, Boolean, Boolean, BuildPlatform) (at C:\buildslave\unity\build\Editor\Mono\BuildPlayerWindow.cs:882)
UnityEditor.BuildPlayerWindow:ShowBuildTargetSettings() (at C:\buildslave\unity\build\Editor\Mono\BuildPlayerWindow.cs:812)
UnityEditor.BuildPlayerWindow:OnGUI() (at C:\buildslave\unity\build\Editor\Mono\BuildPlayerWindow.cs:426)
System.Reflection.MonoMethod:InternalInvoke(Object, Object[], Exception&)
System.Reflection.MonoMethod:Invoke(Object, BindingFlags, Binder, Object[], CultureInfo) (at /Users/builduser/buildslave/mono/build/mcs/class/corlib/System.Reflection/MonoMethod.cs:222)
System.Reflection.MethodBase:Invoke(Object, Object[]) (at /Users/builduser/buildslave/mono/build/mcs/class/corlib/System.Reflection/MethodBase.cs:115)
UnityEditor.HostView:Invoke(String, Object) (at C:\buildslave\unity\build\Editor\Mono\HostView.cs:295)
UnityEditor.HostView:Invoke(String) (at C:\buildslave\unity\build\Editor\Mono\HostView.cs:288)
UnityEditor.HostView:OldOnGUI() (at C:\buildslave\unity\build\Editor\Mono\HostView.cs:107)
UnityEngine.Experimental.UIElements.IMGUIContainer:DoOnGUI(Event) (at C:\buildslave\unity\build\Runtime\UIElements\Managed\IMGUIContainer.cs:183)
UnityEngine.Experimental.UIElements.IMGUIContainer:HandleIMGUIEvent(Event) (at C:\buildslave\unity\build\Runtime\UIElements\Managed\IMGUIContainer.cs:339)
UnityEngine.Experimental.UIElements.IMGUIContainer:HandleEvent(EventBase) (at C:\buildslave\unity\build\Runtime\UIElements\Managed\IMGUIContainer.cs:318)
UnityEngine.Experimental.UIElements.EventDispatcher:DispatchEvent(EventBase, IPanel) (at C:\buildslave\unity\build\Runtime\UIElements\Managed\EventDispatcher.cs:250)
UnityEngine.Experimental.UIElements.UIElementsUtility:DoDispatch(BaseVisualElementPanel) (at C:\buildslave\unity\build\Runtime\UIElements\Managed\UIElementsUtility.cs:256)
UnityEngine.Experimental.UIElements.UIElementsUtility:ProcessEvent(Int32, IntPtr) (at C:\buildslave\unity\build\Runtime\UIElements\Managed\UIElementsUtility.cs:78)
UnityEngine.GUIUtility:ProcessEvent(Int32, IntPtr) (at C:\buildslave\unity\build\Runtime\IMGUI\Managed\GUIUtility.cs:175)
 
(Filename: /Users/builduser/buildslave/mono/build/mcs/class/corlib/System.Reflection/MonoMethod.cs Line: 222)

 Mapping new ns http://schemas.android.com/sdk/android/repo/addon2/03 to old ns http://schemas.android.com/sdk/android/repo/addon2/01
UnityEngine.DebugLogHandler:Internal_Log(LogType, String, Object)
UnityEngine.DebugLogHandler:LogFormat(LogType, Object, String, Object[])
UnityEngine.Logger:Log(LogType, Object)
UnityEngine.Debug:LogWarning(Object)
UnityEditor.Android.AndroidSDKTools:DetectErrorsAndWarnings(String, String)
UnityEditor.Android.AndroidSDKTools:RunAndroidSdkTool(String, String, Boolean, WaitingForProcessToExit, String)
UnityEditor.Android.AndroidSDKTools:ListTargetPlatforms(WaitingForProcessToExit)
UnityEditor.Android.AndroidSDKTools:GetTopAndroidPlatformAvailable(WaitingForProcessToExit)
UnityEditor.Android.PostProcessor.Tasks.SDKPlatformDetector:GetVersion(AndroidSDKTools)
UnityEditor.Android.PostProcessor.Tasks.SDKComponentDetector:Detect(AndroidSDKTools, Version, ProgressHandler)
UnityEditor.Android.PostProcessor.Tasks.CheckAndroidSDK:EnsureSDKComponentVersion(Version, SDKComponentDetector)
UnityEditor.Android.PostProcessor.Tasks.CheckAndroidSDK:EnsureSDKComponentVersion(Int32, SDKComponentDetector)
UnityEditor.Android.PostProcessor.Tasks.CheckAndroidSDK:Execute(PostProcessorContext)
UnityEditor.Android.PostProcessor.PostProcessRunner:RunAllTasks(PostProcessorContext)
UnityEditor.Android.PostProcessAndroidPlayer:PrepareForBuild(BuildOptions, BuildTarget)
UnityEditor.Android.AndroidBuildPostprocessor:PrepareForBuild(BuildOptions, BuildTarget)
UnityEditor.PostprocessBuildPlayer:PrepareForBuild(BuildOptions, BuildTargetGroup, BuildTarget) (at C:\buildslave\unity\build\Editor\Mono\BuildPipeline\PostprocessBuildPlayer.cs:87)
UnityEditor.BuildPipeline:BuildPlayerInternalNoCheck(String[], String, String, BuildTargetGroup, BuildTarget, BuildOptions, Boolean)
UnityEditor.DefaultBuildMethods:BuildPlayer(BuildPlayerOptions) (at C:\buildslave\unity\build\Editor\Mono\BuildPlayerWindowBuildMethods.cs:164)
UnityEditor.BuildPlayerWindow:CallBuildMethods(Boolean, BuildOptions) (at C:\buildslave\unity\build\Editor\Mono\BuildPlayerWindowBuildMethods.cs:88)
UnityEditor.BuildPlayerWindow:GUIBuildButtons(IBuildWindowExtension, Boolean, Boolean, Boolean, BuildPlatform) (at C:\buildslave\unity\build\Editor\Mono\BuildPlayerWindow.cs:882)
UnityEditor.BuildPlayerWindow:ShowBuildTargetSettings() (at C:\buildslave\unity\build\Editor\Mono\BuildPlayerWindow.cs:812)
UnityEditor.BuildPlayerWindow:OnGUI() (at C:\buildslave\unity\build\Editor\Mono\BuildPlayerWindow.cs:426)
System.Reflection.MonoMethod:InternalInvoke(Object, Object[], Exception&)
System.Reflection.MonoMethod:Invoke(Object, BindingFlags, Binder, Object[], CultureInfo) (at /Users/builduser/buildslave/mono/build/mcs/class/corlib/System.Reflection/MonoMethod.cs:222)
System.Reflection.MethodBase:Invoke(Object, Object[]) (at /Users/builduser/buildslave/mono/build/mcs/class/corlib/System.Reflection/MethodBase.cs:115)
UnityEditor.HostView:Invoke(String, Object) (at C:\buildslave\unity\build\Editor\Mono\HostView.cs:295)
UnityEditor.HostView:Invoke(String) (at C:\buildslave\unity\build\Editor\Mono\HostView.cs:288)
UnityEditor.HostView:OldOnGUI() (at C:\buildslave\unity\build\Editor\Mono\HostView.cs:107)
UnityEngine.Experimental.UIElements.IMGUIContainer:DoOnGUI(Event) (at C:\buildslave\unity\build\Runtime\UIElements\Managed\IMGUIContainer.cs:183)
UnityEngine.Experimental.UIElements.IMGUIContainer:HandleIMGUIEvent(Event) (at C:\buildslave\unity\build\Runtime\UIElements\Managed\IMGUIContainer.cs:339)
UnityEngine.Experimental.UIElements.IMGUIContainer:HandleEvent(EventBase) (at C:\buildslave\unity\build\Runtime\UIElements\Managed\IMGUIContainer.cs:318)
UnityEngine.Experimental.UIElements.EventDispatcher:DispatchEvent(EventBase, IPanel) (at C:\buildslave\unity\build\Runtime\UIElements\Managed\EventDispatcher.cs:250)
UnityEngine.Experimental.UIElements.UIElementsUtility:DoDispatch(BaseVisualElementPanel) (at C:\buildslave\unity\build\Runtime\UIElements\Managed\UIElementsUtility.cs:256)
UnityEngine.Experimental.UIElements.UIElementsUtility:ProcessEvent(Int32, IntPtr) (at C:\buildslave\unity\build\Runtime\UIElements\Managed\UIElementsUtility.cs:78)
UnityEngine.GUIUtility:ProcessEvent(Int32, IntPtr) (at C:\buildslave\unity\build\Runtime\IMGUI\Managed\GUIUtility.cs:175)
 
(Filename: /Users/builduser/buildslave/mono/build/mcs/class/corlib/System.Reflection/MonoMethod.cs Line: 222)

 Mapping new ns http://schemas.android.com/sdk/android/repo/repository2/02 to old ns http://schemas.android.com/sdk/android/repo/repository2/01
UnityEngine.DebugLogHandler:Internal_Log(LogType, String, Object)
UnityEngine.DebugLogHandler:LogFormat(LogType, Object, String, Object[])
UnityEngine.Logger:Log(LogType, Object)
UnityEngine.Debug:LogWarning(Object)
UnityEditor.Android.AndroidSDKTools:DetectErrorsAndWarnings(String, String)
UnityEditor.Android.AndroidSDKTools:RunAndroidSdkTool(String, String, Boolean, WaitingForProcessToExit, String)
UnityEditor.Android.AndroidSDKTools:ListTargetPlatforms(WaitingForProcessToExit)
UnityEditor.Android.AndroidSDKTools:GetTopAndroidPlatformAvailable(WaitingForProcessToExit)
UnityEditor.Android.PostProcessor.Tasks.SDKPlatformDetector:GetVersion(AndroidSDKTools)
UnityEditor.Android.PostProcessor.Tasks.SDKComponentDetector:Detect(AndroidSDKTools, Version, ProgressHandler)
UnityEditor.Android.PostProcessor.Tasks.CheckAndroidSDK:EnsureSDKComponentVersion(Version, SDKComponentDetector)
UnityEditor.Android.PostProcessor.Tasks.CheckAndroidSDK:EnsureSDKComponentVersion(Int32, SDKComponentDetector)
UnityEditor.Android.PostProcessor.Tasks.CheckAndroidSDK:Execute(PostProcessorContext)
UnityEditor.Android.PostProcessor.PostProcessRunner:RunAllTasks(PostProcessorContext)
UnityEditor.Android.PostProcessAndroidPlayer:PrepareForBuild(BuildOptions, BuildTarget)
UnityEditor.Android.AndroidBuildPostprocessor:PrepareForBuild(BuildOptions, BuildTarget)
UnityEditor.PostprocessBuildPlayer:PrepareForBuild(BuildOptions, BuildTargetGroup, BuildTarget) (at C:\buildslave\unity\build\Editor\Mono\BuildPipeline\PostprocessBuildPlayer.cs:87)
UnityEditor.BuildPipeline:BuildPlayerInternalNoCheck(String[], String, String, BuildTargetGroup, BuildTarget, BuildOptions, Boolean)
UnityEditor.DefaultBuildMethods:BuildPlayer(BuildPlayerOptions) (at C:\buildslave\unity\build\Editor\Mono\BuildPlayerWindowBuildMethods.cs:164)
UnityEditor.BuildPlayerWindow:CallBuildMethods(Boolean, BuildOptions) (at C:\buildslave\unity\build\Editor\Mono\BuildPlayerWindowBuildMethods.cs:88)
UnityEditor.BuildPlayerWindow:GUIBuildButtons(IBuildWindowExtension, Boolean, Boolean, Boolean, BuildPlatform) (at C:\buildslave\unity\build\Editor\Mono\BuildPlayerWindow.cs:882)
UnityEditor.BuildPlayerWindow:ShowBuildTargetSettings() (at C:\buildslave\unity\build\Editor\Mono\BuildPlayerWindow.cs:812)
UnityEditor.BuildPlayerWindow:OnGUI() (at C:\buildslave\unity\build\Editor\Mono\BuildPlayerWindow.cs:426)
System.Reflection.MonoMethod:InternalInvoke(Object, Object[], Exception&)
System.Reflection.MonoMethod:Invoke(Object, BindingFlags, Binder, Object[], CultureInfo) (at /Users/builduser/buildslave/mono/build/mcs/class/corlib/System.Reflection/MonoMethod.cs:222)
System.Reflection.MethodBase:Invoke(Object, Object[]) (at /Users/builduser/buildslave/mono/build/mcs/class/corlib/System.Reflection/MethodBase.cs:115)
UnityEditor.HostView:Invoke(String, Object) (at C:\buildslave\unity\build\Editor\Mono\HostView.cs:295)
UnityEditor.HostView:Invoke(String) (at C:\buildslave\unity\build\Editor\Mono\HostView.cs:288)
UnityEditor.HostView:OldOnGUI() (at C:\buildslave\unity\build\Editor\Mono\HostView.cs:107)
UnityEngine.Experimental.UIElements.IMGUIContainer:DoOnGUI(Event) (at C:\buildslave\unity\build\Runtime\UIElements\Managed\IMGUIContainer.cs:183)
UnityEngine.Experimental.UIElements.IMGUIContainer:HandleIMGUIEvent(Event) (at C:\buildslave\unity\build\Runtime\UIElements\Managed\IMGUIContainer.cs:339)
UnityEngine.Experimental.UIElements.IMGUIContainer:HandleEvent(EventBase) (at C:\buildslave\unity\build\Runtime\UIElements\Managed\IMGUIContainer.cs:318)
UnityEngine.Experimental.UIElements.EventDispatcher:DispatchEvent(EventBase, IPanel) (at C:\buildslave\unity\build\Runtime\UIElements\Managed\EventDispatcher.cs:250)
UnityEngine.Experimental.UIElements.UIElementsUtility:DoDispatch(BaseVisualElementPanel) (at C:\buildslave\unity\build\Runtime\UIElements\Managed\UIElementsUtility.cs:256)
UnityEngine.Experimental.UIElements.UIElementsUtility:ProcessEvent(Int32, IntPtr) (at C:\buildslave\unity\build\Runtime\UIElements\Managed\UIElementsUtility.cs:78)
UnityEngine.GUIUtility:ProcessEvent(Int32, IntPtr) (at C:\buildslave\unity\build\Runtime\IMGUI\Managed\GUIUtility.cs:175)
 
(Filename: /Users/builduser/buildslave/mono/build/mcs/class/corlib/System.Reflection/MonoMethod.cs Line: 222)

 Mapping new ns http://schemas.android.com/sdk/android/repo/repository2/03 to old ns http://schemas.android.com/sdk/android/repo/repository2/01
UnityEngine.DebugLogHandler:Internal_Log(LogType, String, Object)
UnityEngine.DebugLogHandler:LogFormat(LogType, Object, String, Object[])
UnityEngine.Logger:Log(LogType, Object)
UnityEngine.Debug:LogWarning(Object)
UnityEditor.Android.AndroidSDKTools:DetectErrorsAndWarnings(String, String)
UnityEditor.Android.AndroidSDKTools:RunAndroidSdkTool(String, String, Boolean, WaitingForProcessToExit, String)
UnityEditor.Android.AndroidSDKTools:ListTargetPlatforms(WaitingForProcessToExit)
UnityEditor.Android.AndroidSDKTools:GetTopAndroidPlatformAvailable(WaitingForProcessToExit)
UnityEditor.Android.PostProcessor.Tasks.SDKPlatformDetector:GetVersion(AndroidSDKTools)
UnityEditor.Android.PostProcessor.Tasks.SDKComponentDetector:Detect(AndroidSDKTools, Version, ProgressHandler)
UnityEditor.Android.PostProcessor.Tasks.CheckAndroidSDK:EnsureSDKComponentVersion(Version, SDKComponentDetector)
UnityEditor.Android.PostProcessor.Tasks.CheckAndroidSDK:EnsureSDKComponentVersion(Int32, SDKComponentDetector)
UnityEditor.Android.PostProcessor.Tasks.CheckAndroidSDK:Execute(PostProcessorContext)
UnityEditor.Android.PostProcessor.PostProcessRunner:RunAllTasks(PostProcessorContext)
UnityEditor.Android.PostProcessAndroidPlayer:PrepareForBuild(BuildOptions, BuildTarget)
UnityEditor.Android.AndroidBuildPostprocessor:PrepareForBuild(BuildOptions, BuildTarget)
UnityEditor.PostprocessBuildPlayer:PrepareForBuild(BuildOptions, BuildTargetGroup, BuildTarget) (at C:\buildslave\unity\build\Editor\Mono\BuildPipeline\PostprocessBuildPlayer.cs:87)
UnityEditor.BuildPipeline:BuildPlayerInternalNoCheck(String[], String, String, BuildTargetGroup, BuildTarget, BuildOptions, Boolean)
UnityEditor.DefaultBuildMethods:BuildPlayer(BuildPlayerOptions) (at C:\buildslave\unity\build\Editor\Mono\BuildPlayerWindowBuildMethods.cs:164)
UnityEditor.BuildPlayerWindow:CallBuildMethods(Boolean, BuildOptions) (at C:\buildslave\unity\build\Editor\Mono\BuildPlayerWindowBuildMethods.cs:88)
UnityEditor.BuildPlayerWindow:GUIBuildButtons(IBuildWindowExtension, Boolean, Boolean, Boolean, BuildPlatform) (at C:\buildslave\unity\build\Editor\Mono\BuildPlayerWindow.cs:882)
UnityEditor.BuildPlayerWindow:ShowBuildTargetSettings() (at C:\buildslave\unity\build\Editor\Mono\BuildPlayerWindow.cs:812)
UnityEditor.BuildPlayerWindow:OnGUI() (at C:\buildslave\unity\build\Editor\Mono\BuildPlayerWindow.cs:426)
System.Reflection.MonoMethod:InternalInvoke(Object, Object[], Exception&)
System.Reflection.MonoMethod:Invoke(Object, BindingFlags, Binder, Object[], CultureInfo) (at /Users/builduser/buildslave/mono/build/mcs/class/corlib/System.Reflection/MonoMethod.cs:222)
System.Reflection.MethodBase:Invoke(Object, Object[]) (at /Users/builduser/buildslave/mono/build/mcs/class/corlib/System.Reflection/MethodBase.cs:115)
UnityEditor.HostView:Invoke(String, Object) (at C:\buildslave\unity\build\Editor\Mono\HostView.cs:295)
UnityEditor.HostView:Invoke(String) (at C:\buildslave\unity\build\Editor\Mono\HostView.cs:288)
UnityEditor.HostView:OldOnGUI() (at C:\buildslave\unity\build\Editor\Mono\HostView.cs:107)
UnityEngine.Experimental.UIElements.IMGUIContainer:DoOnGUI(Event) (at C:\buildslave\unity\build\Runtime\UIElements\Managed\IMGUIContainer.cs:183)
UnityEngine.Experimental.UIElements.IMGUIContainer:HandleIMGUIEvent(Event) (at C:\buildslave\unity\build\Runtime\UIElements\Managed\IMGUIContainer.cs:339)
UnityEngine.Experimental.UIElements.IMGUIContainer:HandleEvent(EventBase) (at C:\buildslave\unity\build\Runtime\UIElements\Managed\IMGUIContainer.cs:318)
UnityEngine.Experimental.UIElements.EventDispatcher:DispatchEvent(EventBase, IPanel) (at C:\buildslave\unity\build\Runtime\UIElements\Managed\EventDispatcher.cs:250)
UnityEngine.Experimental.UIElements.UIElementsUtility:DoDispatch(BaseVisualElementPanel) (at C:\buildslave\unity\build\Runtime\UIElements\Managed\UIElementsUtility.cs:256)
UnityEngine.Experimental.UIElements.UIElementsUtility:ProcessEvent(Int32, IntPtr) (at C:\buildslave\unity\build\Runtime\UIElements\Managed\UIElementsUtility.cs:78)
UnityEngine.GUIUtility:ProcessEvent(Int32, IntPtr) (at C:\buildslave\unity\build\Runtime\IMGUI\Managed\GUIUtility.cs:175)
 
(Filename: /Users/builduser/buildslave/mono/build/mcs/class/corlib/System.Reflection/MonoMethod.cs Line: 222)

 Mapping new ns http://schemas.android.com/sdk/android/repo/sys-img2/04 to old ns http://schemas.android.com/sdk/android/repo/sys-img2/01
UnityEngine.DebugLogHandler:Internal_Log(LogType, String, Object)
UnityEngine.DebugLogHandler:LogFormat(LogType, Object, String, Object[])
UnityEngine.Logger:Log(LogType, Object)
UnityEngine.Debug:LogWarning(Object)
UnityEditor.Android.AndroidSDKTools:DetectErrorsAndWarnings(String, String)
UnityEditor.Android.AndroidSDKTools:RunAndroidSdkTool(String, String, Boolean, WaitingForProcessToExit, String)
UnityEditor.Android.AndroidSDKTools:ListTargetPlatforms(WaitingForProcessToExit)
UnityEditor.Android.AndroidSDKTools:GetTopAndroidPlatformAvailable(WaitingForProcessToExit)
UnityEditor.Android.PostProcessor.Tasks.SDKPlatformDetector:GetVersion(AndroidSDKTools)
UnityEditor.Android.PostProcessor.Tasks.SDKComponentDetector:Detect(AndroidSDKTools, Version, ProgressHandler)
UnityEditor.Android.PostProcessor.Tasks.CheckAndroidSDK:EnsureSDKComponentVersion(Version, SDKComponentDetector)
UnityEditor.Android.PostProcessor.Tasks.CheckAndroidSDK:EnsureSDKComponentVersion(Int32, SDKComponentDetector)
UnityEditor.Android.PostProcessor.Tasks.CheckAndroidSDK:Execute(PostProcessorContext)
UnityEditor.Android.PostProcessor.PostProcessRunner:RunAllTasks(PostProcessorContext)
UnityEditor.Android.PostProcessAndroidPlayer:PrepareForBuild(BuildOptions, BuildTarget)
UnityEditor.Android.AndroidBuildPostprocessor:PrepareForBuild(BuildOptions, BuildTarget)
UnityEditor.PostprocessBuildPlayer:PrepareForBuild(BuildOptions, BuildTargetGroup, BuildTarget) (at C:\buildslave\unity\build\Editor\Mono\BuildPipeline\PostprocessBuildPlayer.cs:87)
UnityEditor.BuildPipeline:BuildPlayerInternalNoCheck(String[], String, String, BuildTargetGroup, BuildTarget, BuildOptions, Boolean)
UnityEditor.DefaultBuildMethods:BuildPlayer(BuildPlayerOptions) (at C:\buildslave\unity\build\Editor\Mono\BuildPlayerWindowBuildMethods.cs:164)
UnityEditor.BuildPlayerWindow:CallBuildMethods(Boolean, BuildOptions) (at C:\buildslave\unity\build\Editor\Mono\BuildPlayerWindowBuildMethods.cs:88)
UnityEditor.BuildPlayerWindow:GUIBuildButtons(IBuildWindowExtension, Boolean, Boolean, Boolean, BuildPlatform) (at C:\buildslave\unity\build\Editor\Mono\BuildPlayerWindow.cs:882)
UnityEditor.BuildPlayerWindow:ShowBuildTargetSettings() (at C:\buildslave\unity\build\Editor\Mono\BuildPlayerWindow.cs:812)
UnityEditor.BuildPlayerWindow:OnGUI() (at C:\buildslave\unity\build\Editor\Mono\BuildPlayerWindow.cs:426)
System.Reflection.MonoMethod:InternalInvoke(Object, Object[], Exception&)
System.Reflection.MonoMethod:Invoke(Object, BindingFlags, Binder, Object[], CultureInfo) (at /Users/builduser/buildslave/mono/build/mcs/class/corlib/System.Reflection/MonoMethod.cs:222)
System.Reflection.MethodBase:Invoke(Object, Object[]) (at /Users/builduser/buildslave/mono/build/mcs/class/corlib/System.Reflection/MethodBase.cs:115)
UnityEditor.HostView:Invoke(String, Object) (at C:\buildslave\unity\build\Editor\Mono\HostView.cs:295)
UnityEditor.HostView:Invoke(String) (at C:\buildslave\unity\build\Editor\Mono\HostView.cs:288)
UnityEditor.HostView:OldOnGUI() (at C:\buildslave\unity\build\Editor\Mono\HostView.cs:107)
UnityEngine.Experimental.UIElements.IMGUIContainer:DoOnGUI(Event) (at C:\buildslave\unity\build\Runtime\UIElements\Managed\IMGUIContainer.cs:183)
UnityEngine.Experimental.UIElements.IMGUIContainer:HandleIMGUIEvent(Event) (at C:\buildslave\unity\build\Runtime\UIElements\Managed\IMGUIContainer.cs:339)
UnityEngine.Experimental.UIElements.IMGUIContainer:HandleEvent(EventBase) (at C:\buildslave\unity\build\Runtime\UIElements\Managed\IMGUIContainer.cs:318)
UnityEngine.Experimental.UIElements.EventDispatcher:DispatchEvent(EventBase, IPanel) (at C:\buildslave\unity\build\Runtime\UIElements\Managed\EventDispatcher.cs:250)
UnityEngine.Experimental.UIElements.UIElementsUtility:DoDispatch(BaseVisualElementPanel) (at C:\buildslave\unity\build\Runtime\UIElements\Managed\UIElementsUtility.cs:256)
UnityEngine.Experimental.UIElements.UIElementsUtility:ProcessEvent(Int32, IntPtr) (at C:\buildslave\unity\build\Runtime\UIElements\Managed\UIElementsUtility.cs:78)
UnityEngine.GUIUtility:ProcessEvent(Int32, IntPtr) (at C:\buildslave\unity\build\Runtime\IMGUI\Managed\GUIUtility.cs:175)
 
(Filename: /Users/builduser/buildslave/mono/build/mcs/class/corlib/System.Reflection/MonoMethod.cs Line: 222)

 Mapping new ns http://schemas.android.com/sdk/android/repo/sys-img2/03 to old ns http://schemas.android.com/sdk/android/repo/sys-img2/01
UnityEngine.DebugLogHandler:Internal_Log(LogType, String, Object)
UnityEngine.DebugLogHandler:LogFormat(LogType, Object, String, Object[])
UnityEngine.Logger:Log(LogType, Object)
UnityEngine.Debug:LogWarning(Object)
UnityEditor.Android.AndroidSDKTools:DetectErrorsAndWarnings(String, String)
UnityEditor.Android.AndroidSDKTools:RunAndroidSdkTool(String, String, Boolean, WaitingForProcessToExit, String)
UnityEditor.Android.AndroidSDKTools:ListTargetPlatforms(WaitingForProcessToExit)
UnityEditor.Android.AndroidSDKTools:GetTopAndroidPlatformAvailable(WaitingForProcessToExit)
UnityEditor.Android.PostProcessor.Tasks.SDKPlatformDetector:GetVersion(AndroidSDKTools)
UnityEditor.Android.PostProcessor.Tasks.SDKComponentDetector:Detect(AndroidSDKTools, Version, ProgressHandler)
UnityEditor.Android.PostProcessor.Tasks.CheckAndroidSDK:EnsureSDKComponentVersion(Version, SDKComponentDetector)
UnityEditor.Android.PostProcessor.Tasks.CheckAndroidSDK:EnsureSDKComponentVersion(Int32, SDKComponentDetector)
UnityEditor.Android.PostProcessor.Tasks.CheckAndroidSDK:Execute(PostProcessorContext)
UnityEditor.Android.PostProcessor.PostProcessRunner:RunAllTasks(PostProcessorContext)
UnityEditor.Android.PostProcessAndroidPlayer:PrepareForBuild(BuildOptions, BuildTarget)
UnityEditor.Android.AndroidBuildPostprocessor:PrepareForBuild(BuildOptions, BuildTarget)
UnityEditor.PostprocessBuildPlayer:PrepareForBuild(BuildOptions, BuildTargetGroup, BuildTarget) (at C:\buildslave\unity\build\Editor\Mono\BuildPipeline\PostprocessBuildPlayer.cs:87)
UnityEditor.BuildPipeline:BuildPlayerInternalNoCheck(String[], String, String, BuildTargetGroup, BuildTarget, BuildOptions, Boolean)
UnityEditor.DefaultBuildMethods:BuildPlayer(BuildPlayerOptions) (at C:\buildslave\unity\build\Editor\Mono\BuildPlayerWindowBuildMethods.cs:164)
UnityEditor.BuildPlayerWindow:CallBuildMethods(Boolean, BuildOptions) (at C:\buildslave\unity\build\Editor\Mono\BuildPlayerWindowBuildMethods.cs:88)
UnityEditor.BuildPlayerWindow:GUIBuildButtons(IBuildWindowExtension, Boolean, Boolean, Boolean, BuildPlatform) (at C:\buildslave\unity\build\Editor\Mono\BuildPlayerWindow.cs:882)
UnityEditor.BuildPlayerWindow:ShowBuildTargetSettings() (at C:\buildslave\unity\build\Editor\Mono\BuildPlayerWindow.cs:812)
UnityEditor.BuildPlayerWindow:OnGUI() (at C:\buildslave\unity\build\Editor\Mono\BuildPlayerWindow.cs:426)
System.Reflection.MonoMethod:InternalInvoke(Object, Object[], Exception&)
System.Reflection.MonoMethod:Invoke(Object, BindingFlags, Binder, Object[], CultureInfo) (at /Users/builduser/buildslave/mono/build/mcs/class/corlib/System.Reflection/MonoMethod.cs:222)
System.Reflection.MethodBase:Invoke(Object, Object[]) (at /Users/builduser/buildslave/mono/build/mcs/class/corlib/System.Reflection/MethodBase.cs:115)
UnityEditor.HostView:Invoke(String, Object) (at C:\buildslave\unity\build\Editor\Mono\HostView.cs:295)
UnityEditor.HostView:Invoke(String) (at C:\buildslave\unity\build\Editor\Mono\HostView.cs:288)
UnityEditor.HostView:OldOnGUI() (at C:\buildslave\unity\build\Editor\Mono\HostView.cs:107)
UnityEngine.Experimental.UIElements.IMGUIContainer:DoOnGUI(Event) (at C:\buildslave\unity\build\Runtime\UIElements\Managed\IMGUIContainer.cs:183)
UnityEngine.Experimental.UIElements.IMGUIContainer:HandleIMGUIEvent(Event) (at C:\buildslave\unity\build\Runtime\UIElements\Managed\IMGUIContainer.cs:339)
UnityEngine.Experimental.UIElements.IMGUIContainer:HandleEvent(EventBase) (at C:\buildslave\unity\build\Runtime\UIElements\Managed\IMGUIContainer.cs:318)
UnityEngine.Experimental.UIElements.EventDispatcher:DispatchEvent(EventBase, IPanel) (at C:\buildslave\unity\build\Runtime\UIElements\Managed\EventDispatcher.cs:250)
UnityEngine.Experimental.UIElements.UIElementsUtility:DoDispatch(BaseVisualElementPanel) (at C:\buildslave\unity\build\Runtime\UIElements\Managed\UIElementsUtility.cs:256)
UnityEngine.Experimental.UIElements.UIElementsUtility:ProcessEvent(Int32, IntPtr) (at C:\buildslave\unity\build\Runtime\UIElements\Managed\UIElementsUtility.cs:78)
UnityEngine.GUIUtility:ProcessEvent(Int32, IntPtr) (at C:\buildslave\unity\build\Runtime\IMGUI\Managed\GUIUtility.cs:175)
 
(Filename: /Users/builduser/buildslave/mono/build/mcs/class/corlib/System.Reflection/MonoMethod.cs Line: 222)

 Mapping new ns http://schemas.android.com/sdk/android/repo/sys-img2/02 to old ns http://schemas.android.com/sdk/android/repo/sys-img2/01
UnityEngine.DebugLogHandler:Internal_Log(LogType, String, Object)
UnityEngine.DebugLogHandler:LogFormat(LogType, Object, String, Object[])
UnityEngine.Logger:Log(LogType, Object)
UnityEngine.Debug:LogWarning(Object)
UnityEditor.Android.AndroidSDKTools:DetectErrorsAndWarnings(String, String)
UnityEditor.Android.AndroidSDKTools:RunAndroidSdkTool(String, String, Boolean, WaitingForProcessToExit, String)
UnityEditor.Android.AndroidSDKTools:ListTargetPlatforms(WaitingForProcessToExit)
UnityEditor.Android.AndroidSDKTools:GetTopAndroidPlatformAvailable(WaitingForProcessToExit)
UnityEditor.Android.PostProcessor.Tasks.SDKPlatformDetector:GetVersion(AndroidSDKTools)
UnityEditor.Android.PostProcessor.Tasks.SDKComponentDetector:Detect(AndroidSDKTools, Version, ProgressHandler)
UnityEditor.Android.PostProcessor.Tasks.CheckAndroidSDK:EnsureSDKComponentVersion(Version, SDKComponentDetector)
UnityEditor.Android.PostProcessor.Tasks.CheckAndroidSDK:EnsureSDKComponentVersion(Int32, SDKComponentDetector)
UnityEditor.Android.PostProcessor.Tasks.CheckAndroidSDK:Execute(PostProcessorContext)
UnityEditor.Android.PostProcessor.PostProcessRunner:RunAllTasks(PostProcessorContext)
UnityEditor.Android.PostProcessAndroidPlayer:PrepareForBuild(BuildOptions, BuildTarget)
UnityEditor.Android.AndroidBuildPostprocessor:PrepareForBuild(BuildOptions, BuildTarget)
UnityEditor.PostprocessBuildPlayer:PrepareForBuild(BuildOptions, BuildTargetGroup, BuildTarget) (at C:\buildslave\unity\build\Editor\Mono\BuildPipeline\PostprocessBuildPlayer.cs:87)
UnityEditor.BuildPipeline:BuildPlayerInternalNoCheck(String[], String, String, BuildTargetGroup, BuildTarget, BuildOptions, Boolean)
UnityEditor.DefaultBuildMethods:BuildPlayer(BuildPlayerOptions) (at C:\buildslave\unity\build\Editor\Mono\BuildPlayerWindowBuildMethods.cs:164)
UnityEditor.BuildPlayerWindow:CallBuildMethods(Boolean, BuildOptions) (at C:\buildslave\unity\build\Editor\Mono\BuildPlayerWindowBuildMethods.cs:88)
UnityEditor.BuildPlayerWindow:GUIBuildButtons(IBuildWindowExtension, Boolean, Boolean, Boolean, BuildPlatform) (at C:\buildslave\unity\build\Editor\Mono\BuildPlayerWindow.cs:882)
UnityEditor.BuildPlayerWindow:ShowBuildTargetSettings() (at C:\buildslave\unity\build\Editor\Mono\BuildPlayerWindow.cs:812)
UnityEditor.BuildPlayerWindow:OnGUI() (at C:\buildslave\unity\build\Editor\Mono\BuildPlayerWindow.cs:426)
System.Reflection.MonoMethod:InternalInvoke(Object, Object[], Exception&)
System.Reflection.MonoMethod:Invoke(Object, BindingFlags, Binder, Object[], CultureInfo) (at /Users/builduser/buildslave/mono/build/mcs/class/corlib/System.Reflection/MonoMethod.cs:222)
System.Reflection.MethodBase:Invoke(Object, Object[]) (at /Users/builduser/buildslave/mono/build/mcs/class/corlib/System.Reflection/MethodBase.cs:115)
UnityEditor.HostView:Invoke(String, Object) (at C:\buildslave\unity\build\Editor\Mono\HostView.cs:295)
UnityEditor.HostView:Invoke(String) (at C:\buildslave\unity\build\Editor\Mono\HostView.cs:288)
UnityEditor.HostView:OldOnGUI() (at C:\buildslave\unity\build\Editor\Mono\HostView.cs:107)
UnityEngine.Experimental.UIElements.IMGUIContainer:DoOnGUI(Event) (at C:\buildslave\unity\build\Runtime\UIElements\Managed\IMGUIContainer.cs:183)
UnityEngine.Experimental.UIElements.IMGUIContainer:HandleIMGUIEvent(Event) (at C:\buildslave\unity\build\Runtime\UIElements\Managed\IMGUIContainer.cs:339)
UnityEngine.Experimental.UIElements.IMGUIContainer:HandleEvent(EventBase) (at C:\buildslave\unity\build\Runtime\UIElements\Managed\IMGUIContainer.cs:318)
UnityEngine.Experimental.UIElements.EventDispatcher:DispatchEvent(EventBase, IPanel) (at C:\buildslave\unity\build\Runtime\UIElements\Managed\EventDispatcher.cs:250)
UnityEngine.Experimental.UIElements.UIElementsUtility:DoDispatch(BaseVisualElementPanel) (at C:\buildslave\unity\build\Runtime\UIElements\Managed\UIElementsUtility.cs:256)
UnityEngine.Experimental.UIElements.UIElementsUtility:ProcessEvent(Int32, IntPtr) (at C:\buildslave\unity\build\Runtime\UIElements\Managed\UIElementsUtility.cs:78)
UnityEngine.GUIUtility:ProcessEvent(Int32, IntPtr) (at C:\buildslave\unity\build\Runtime\IMGUI\Managed\GUIUtility.cs:175)
 
(Filename: /Users/builduser/buildslave/mono/build/mcs/class/corlib/System.Reflection/MonoMethod.cs Line: 222)

 cvc-complex-type.2.4.a: Se ha encontrado contenido no v�lido a partir del elemento 'extension-level'. Se esperaba uno de '{codename, tag}'.
UnityEngine.DebugLogHandler:Internal_Log(LogType, String, Object)
UnityEngine.DebugLogHandler:LogFormat(LogType, Object, String, Object[])
UnityEngine.Logger:Log(LogType, Object)
UnityEngine.Debug:LogWarning(Object)
UnityEditor.Android.AndroidSDKTools:DetectErrorsAndWarnings(String, String)
UnityEditor.Android.AndroidSDKTools:RunAndroidSdkTool(String, String, Boolean, WaitingForProcessToExit, String)
UnityEditor.Android.AndroidSDKTools:ListTargetPlatforms(WaitingForProcessToExit)
UnityEditor.Android.AndroidSDKTools:GetTopAndroidPlatformAvailable(WaitingForProcessToExit)
UnityEditor.Android.PostProcessor.Tasks.SDKPlatformDetector:GetVersion(AndroidSDKTools)
UnityEditor.Android.PostProcessor.Tasks.SDKComponentDetector:Detect(AndroidSDKTools, Version, ProgressHandler)
UnityEditor.Android.PostProcessor.Tasks.CheckAndroidSDK:EnsureSDKComponentVersion(Version, SDKComponentDetector)
UnityEditor.Android.PostProcessor.Tasks.CheckAndroidSDK:EnsureSDKComponentVersion(Int32, SDKComponentDetector)
UnityEditor.Android.PostProcessor.Tasks.CheckAndroidSDK:Execute(PostProcessorContext)
UnityEditor.Android.PostProcessor.PostProcessRunner:RunAllTasks(PostProcessorContext)
UnityEditor.Android.PostProcessAndroidPlayer:PrepareForBuild(BuildOptions, BuildTarget)
UnityEditor.Android.AndroidBuildPostprocessor:PrepareForBuild(BuildOptions, BuildTarget)
UnityEditor.PostprocessBuildPlayer:PrepareForBuild(BuildOptions, BuildTargetGroup, BuildTarget) (at C:\buildslave\unity\build\Editor\Mono\BuildPipeline\PostprocessBuildPlayer.cs:87)
UnityEditor.BuildPipeline:BuildPlayerInternalNoCheck(String[], String, String, BuildTargetGroup, BuildTarget, BuildOptions, Boolean)
UnityEditor.DefaultBuildMethods:BuildPlayer(BuildPlayerOptions) (at C:\buildslave\unity\build\Editor\Mono\BuildPlayerWindowBuildMethods.cs:164)
UnityEditor.BuildPlayerWindow:CallBuildMethods(Boolean, BuildOptions) (at C:\buildslave\unity\build\Editor\Mono\BuildPlayerWindowBuildMethods.cs:88)
UnityEditor.BuildPlayerWindow:GUIBuildButtons(IBuildWindowExtension, Boolean, Boolean, Boolean, BuildPlatform) (at C:\buildslave\unity\build\Editor\Mono\BuildPlayerWindow.cs:882)
UnityEditor.BuildPlayerWindow:ShowBuildTargetSettings() (at C:\buildslave\unity\build\Editor\Mono\BuildPlayerWindow.cs:812)
UnityEditor.BuildPlayerWindow:OnGUI() (at C:\buildslave\unity\build\Editor\Mono\BuildPlayerWindow.cs:426)
System.Reflection.MonoMethod:InternalInvoke(Object, Object[], Exception&)
System.Reflection.MonoMethod:Invoke(Object, BindingFlags, Binder, Object[], CultureInfo) (at /Users/builduser/buildslave/mono/build/mcs/class/corlib/System.Reflection/MonoMethod.cs:222)
System.Reflection.MethodBase:Invoke(Object, Object[]) (at /Users/builduser/buildslave/mono/build/mcs/class/corlib/System.Reflection/MethodBase.cs:115)
UnityEditor.HostView:Invoke(String, Object) (at C:\buildslave\unity\build\Editor\Mono\HostView.cs:295)
UnityEditor.HostView:Invoke(String) (at C:\buildslave\unity\build\Editor\Mono\HostView.cs:288)
UnityEditor.HostView:OldOnGUI() (at C:\buildslave\unity\build\Editor\Mono\HostView.cs:107)
UnityEngine.Experimental.UIElements.IMGUIContainer:DoOnGUI(Event) (at C:\buildslave\unity\build\Runtime\UIElements\Managed\IMGUIContainer.cs:183)
UnityEngine.Experimental.UIElements.IMGUIContainer:HandleIMGUIEvent(Event) (at C:\buildslave\unity\build\Runtime\UIElements\Managed\IMGUIContainer.cs:339)
UnityEngine.Experimental.UIElements.IMGUIContainer:HandleEvent(EventBase) (at C:\buildslave\unity\build\Runtime\UIElements\Managed\IMGUIContainer.cs:318)
UnityEngine.Experimental.UIElements.EventDispatcher:DispatchEvent(EventBase, IPanel) (at C:\buildslave\unity\build\Runtime\UIElements\Managed\EventDispatcher.cs:250)
UnityEngine.Experimental.UIElements.UIElementsUtility:DoDispatch(BaseVisualElementPanel) (at C:\buildslave\unity\build\Runtime\UIElements\Managed\UIElementsUtility.cs:256)
UnityEngine.Experimental.UIElements.UIElementsUtility:ProcessEvent(Int32, IntPtr) (at C:\buildslave\unity\build\Runtime\UIElements\Managed\UIElementsUtility.cs:78)
UnityEngine.GUIUtility:ProcessEvent(Int32, IntPtr) (at C:\buildslave\unity\build\Runtime\IMGUI\Managed\GUIUtility.cs:175)
 
(Filename: /Users/builduser/buildslave/mono/build/mcs/class/corlib/System.Reflection/MonoMethod.cs Line: 222)

AndroidSDKTools:

	root          : C:/Users/dell/AppData/Local/Android/Sdk
	tools         : C:/Users/dell/AppData/Local/Android/Sdk\tools
	platform-tools: C:/Users/dell/AppData/Local/Android/Sdk\platform-tools
	build-tools   : C:\Users\dell\AppData\Local\Android\Sdk\build-tools\36.1.0

	adb      : C:/Users/dell/AppData/Local/Android/Sdk\platform-tools\adb.exe
	aapt     : C:\Users\dell\AppData\Local\Android\Sdk\build-tools\36.1.0\aapt.exe
	zipalign : C:\Users\dell\AppData\Local\Android\Sdk\build-tools\36.1.0\zipalign.exe

AndroidJavaTools:
	java     : C:/Program Files/Java/jdk1.8.0_202\bin\java.exe

Android PostProcess task "Detecting Android SDK" took 3030.1187 ms
Android PostProcess task "Detect Android NDK" took 0.1164 ms
Android PostProcess task "Trying to find a suitable Android device" took 0.1686 ms
BuildPlayer: start building target 13
- Starting compile Library/ScriptAssemblies/Assembly-CSharp.dll

-----Compiler Commandline Arguments:
Filename: "C:\Program Files\Unity\Hub\Editor\2017.4.40f1\Editor\Data\MonoBleedingEdge\bin\mono.exe"
Arguments: "C:\Program Files\Unity\Hub\Editor\2017.4.40f1\Editor\Data\MonoBleedingEdge\lib\mono\4.5\mcs.exe"  @Temp/UnityTempFile-a5e79284998c7af40ba5aa0c70221836
index: 100
Responsefile: Temp/UnityTempFile-a5e79284998c7af40ba5aa0c70221836 Contents: 
-debug
-target:library
-nowarn:0169
-langversion:4
-out:Temp/Assembly-CSharp.dll
-unsafe
-optimize
-r:"C:\Program Files\Unity\Hub\Editor\2017.4.40f1\Editor\Data\PlaybackEngines\AndroidPlayer/Variations/mono/Managed/UnityEngine.dll"
-r:"C:\Program Files\Unity\Hub\Editor\2017.4.40f1\Editor\Data\PlaybackEngines\AndroidPlayer/Variations/mono/Managed/UnityEngine.CoreModule.dll"
-r:"C:\Program Files\Unity\Hub\Editor\2017.4.40f1\Editor\Data\PlaybackEngines\AndroidPlayer/Variations/mono/Managed/UnityEngine.AccessibilityModule.dll"
-r:"C:\Program Files\Unity\Hub\Editor\2017.4.40f1\Editor\Data\PlaybackEngines\AndroidPlayer/Variations/mono/Managed/UnityEngine.ParticleSystemModule.dll"
-r:"C:\Program Files\Unity\Hub\Editor\2017.4.40f1\Editor\Data\PlaybackEngines\AndroidPlayer/Variations/mono/Managed/UnityEngine.PhysicsModule.dll"
-r:"C:\Program Files\Unity\Hub\Editor\2017.4.40f1\Editor\Data\PlaybackEngines\AndroidPlayer/Variations/mono/Managed/UnityEngine.VehiclesModule.dll"
-r:"C:\Program Files\Unity\Hub\Editor\2017.4.40f1\Editor\Data\PlaybackEngines\AndroidPlayer/Variations/mono/Managed/UnityEngine.ClothModule.dll"
-r:"C:\Program Files\Unity\Hub\Editor\2017.4.40f1\Editor\Data\PlaybackEngines\AndroidPlayer/Variations/mono/Managed/UnityEngine.AIModule.dll"
-r:"C:\Program Files\Unity\Hub\Editor\2017.4.40f1\Editor\Data\PlaybackEngines\AndroidPlayer/Variations/mono/Managed/UnityEngine.AnimationModule.dll"
-r:"C:\Program Files\Unity\Hub\Editor\2017.4.40f1\Editor\Data\PlaybackEngines\AndroidPlayer/Variations/mono/Managed/UnityEngine.TextRenderingModule.dll"
-r:"C:\Program Files\Unity\Hub\Editor\2017.4.40f1\Editor\Data\PlaybackEngines\AndroidPlayer/Variations/mono/Managed/UnityEngine.UIModule.dll"
-r:"C:\Program Files\Unity\Hub\Editor\2017.4.40f1\Editor\Data\PlaybackEngines\AndroidPlayer/Variations/mono/Managed/UnityEngine.TerrainPhysicsModule.dll"
-r:"C:\Program Files\Unity\Hub\Editor\2017.4.40f1\Editor\Data\PlaybackEngines\AndroidPlayer/Variations/mono/Managed/UnityEngine.IMGUIModule.dll"
-r:"C:\Program Files\Unity\Hub\Editor\2017.4.40f1\Editor\Data\PlaybackEngines\AndroidPlayer/Variations/mono/Managed/UnityEngine.UNETModule.dll"
-r:"C:\Program Files\Unity\Hub\Editor\2017.4.40f1\Editor\Data\PlaybackEngines\AndroidPlayer/Variations/mono/Managed/UnityEngine.DirectorModule.dll"
-r:"C:\Program Files\Unity\Hub\Editor\2017.4.40f1\Editor\Data\PlaybackEngines\AndroidPlayer/Variations/mono/Managed/UnityEngine.UnityAnalyticsModule.dll"
-r:"C:\Program Files\Unity\Hub\Editor\2017.4.40f1\Editor\Data\PlaybackEngines\AndroidPlayer/Variations/mono/Managed/UnityEngine.PerformanceReportingModule.dll"
-r:"C:\Program Files\Unity\Hub\Editor\2017.4.40f1\Editor\Data\PlaybackEngines\AndroidPlayer/Variations/mono/Managed/UnityEngine.UnityConnectModule.dll"
-r:"C:\Program Files\Unity\Hub\Editor\2017.4.40f1\Editor\Data\PlaybackEngines\AndroidPlayer/Variations/mono/Managed/UnityEngine.WebModule.dll"
-r:"C:\Program Files\Unity\Hub\Editor\2017.4.40f1\Editor\Data\PlaybackEngines\AndroidPlayer/Variations/mono/Managed/UnityEngine.ARModule.dll"
-r:"C:\Program Files\Unity\Hub\Editor\2017.4.40f1\Editor\Data\PlaybackEngines\AndroidPlayer/Variations/mono/Managed/UnityEngine.VRModule.dll"
-r:"C:\Program Files\Unity\Hub\Editor\2017.4.40f1\Editor\Data\PlaybackEngines\AndroidPlayer/Variations/mono/Managed/UnityEngine.UIElementsModule.dll"
-r:"C:\Program Files\Unity\Hub\Editor\2017.4.40f1\Editor\Data\PlaybackEngines\AndroidPlayer/Variations/mono/Managed/UnityEngine.StyleSheetsModule.dll"
-r:"C:\Program Files\Unity\Hub\Editor\2017.4.40f1\Editor\Data\PlaybackEngines\AndroidPlayer/Variations/mono/Managed/UnityEngine.AssetBundleModule.dll"
-r:"C:\Program Files\Unity\Hub\Editor\2017.4.40f1\Editor\Data\PlaybackEngines\AndroidPlayer/Variations/mono/Managed/UnityEngine.AudioModule.dll"
-r:"C:\Program Files\Unity\Hub\Editor\2017.4.40f1\Editor\Data\PlaybackEngines\AndroidPlayer/Variations/mono/Managed/UnityEngine.CrashReportingModule.dll"
-r:"C:\Program Files\Unity\Hub\Editor\2017.4.40f1\Editor\Data\PlaybackEngines\AndroidPlayer/Variations/mono/Managed/UnityEngine.GameCenterModule.dll"
-r:"C:\Program Files\Unity\Hub\Editor\2017.4.40f1\Editor\Data\PlaybackEngines\AndroidPlayer/Variations/mono/Managed/UnityEngine.GridModule.dll"
-r:"C:\Program Files\Unity\Hub\Editor\2017.4.40f1\Editor\Data\PlaybackEngines\AndroidPlayer/Variations/mono/Managed/UnityEngine.ImageConversionModule.dll"
-r:"C:\Program Files\Unity\Hub\Editor\2017.4.40f1\Editor\Data\PlaybackEngines\AndroidPlayer/Variations/mono/Managed/UnityEngine.InputModule.dll"
-r:"C:\Program Files\Unity\Hub\Editor\2017.4.40f1\Editor\Data\PlaybackEngines\AndroidPlayer/Variations/mono/Managed/UnityEngine.JSONSerializeModule.dll"
-r:"C:\Program Files\Unity\Hub\Editor\2017.4.40f1\Editor\Data\PlaybackEngines\AndroidPlayer/Variations/mono/Managed/UnityEngine.ParticlesLegacyModule.dll"
-r:"C:\Program Files\Unity\Hub\Editor\2017.4.40f1\Editor\Data\PlaybackEngines\AndroidPlayer/Variations/mono/Managed/UnityEngine.Physics2DModule.dll"
-r:"C:\Program Files\Unity\Hub\Editor\2017.4.40f1\Editor\Data\PlaybackEngines\AndroidPlayer/Variations/mono/Managed/UnityEngine.ScreenCaptureModule.dll"
-r:"C:\Program Files\Unity\Hub\Editor\2017.4.40f1\Editor\Data\PlaybackEngines\AndroidPlayer/Variations/mono/Managed/UnityEngine.SharedInternalsModule.dll"
-r:"C:\Program Files\Unity\Hub\Editor\2017.4.40f1\Editor\Data\PlaybackEngines\AndroidPlayer/Variations/mono/Managed/UnityEngine.SpriteMaskModule.dll"
-r:"C:\Program Files\Unity\Hub\Editor\2017.4.40f1\Editor\Data\PlaybackEngines\AndroidPlayer/Variations/mono/Managed/UnityEngine.SpriteShapeModule.dll"
-r:"C:\Program Files\Unity\Hub\Editor\2017.4.40f1\Editor\Data\PlaybackEngines\AndroidPlayer/Variations/mono/Managed/UnityEngine.TerrainModule.dll"
-r:"C:\Program Files\Unity\Hub\Editor\2017.4.40f1\Editor\Data\PlaybackEngines\AndroidPlayer/Variations/mono/Managed/UnityEngine.TilemapModule.dll"
-r:"C:\Program Files\Unity\Hub\Editor\2017.4.40f1\Editor\Data\PlaybackEngines\AndroidPlayer/Variations/mono/Managed/UnityEngine.UnityWebRequestModule.dll"
-r:"C:\Program Files\Unity\Hub\Editor\2017.4.40f1\Editor\Data\PlaybackEngines\AndroidPlayer/Variations/mono/Managed/UnityEngine.UnityWebRequestAudioModule.dll"
-r:"C:\Program Files\Unity\Hub\Editor\2017.4.40f1\Editor\Data\PlaybackEngines\AndroidPlayer/Variations/mono/Managed/UnityEngine.UnityWebRequestTextureModule.dll"
-r:"C:\Program Files\Unity\Hub\Editor\2017.4.40f1\Editor\Data\PlaybackEngines\AndroidPlayer/Variations/mono/Managed/UnityEngine.UnityWebRequestWWWModule.dll"
-r:"C:\Program Files\Unity\Hub\Editor\2017.4.40f1\Editor\Data\PlaybackEngines\AndroidPlayer/Variations/mono/Managed/UnityEngine.VideoModule.dll"
-r:"C:\Program Files\Unity\Hub\Editor\2017.4.40f1\Editor\Data\PlaybackEngines\AndroidPlayer/Variations/mono/Managed/UnityEngine.WindModule.dll"
-r:"C:/Program Files/Unity/Hub/Editor/2017.4.40f1/Editor/Data/UnityExtensions/Unity/GUISystem/Standalone/UnityEngine.UI.dll"
-r:"C:/Program Files/Unity/Hub/Editor/2017.4.40f1/Editor/Data/UnityExtensions/Unity/Timeline/Runtime/UnityEngine.Timeline.dll"
-r:"C:/Program Files/Unity/Hub/Editor/2017.4.40f1/Editor/Data/UnityExtensions/Unity/Networking/Standalone/UnityEngine.Networking.dll"
-r:"C:/Program Files/Unity/Hub/Editor/2017.4.40f1/Editor/Data/UnityExtensions/Unity/UnitySpatialTracking/Runtime/UnityEngine.SpatialTracking.dll"
-r:C:/Users/dell/AppData/Local/Unity/cache/packages/packages.unity.com/com.unity.standardevents@1.0.10/UnityEngine.StandardEvents.dll
-define:UNITY_5_3_OR_NEWER
-define:UNITY_5_4_OR_NEWER
-define:UNITY_5_5_OR_NEWER
-define:UNITY_5_6_OR_NEWER
-define:UNITY_2017_1_OR_NEWER
-define:UNITY_2017_2_OR_NEWER
-define:UNITY_2017_3_OR_NEWER
-define:UNITY_2017_4_OR_NEWER
-define:UNITY_2017_4_40
-define:UNITY_2017_4
-define:UNITY_2017
-define:ENABLE_AUDIO
-define:ENABLE_CACHING
-define:ENABLE_CLOTH
-define:ENABLE_GENERICS
-define:ENABLE_PVR_GI
-define:ENABLE_MICROPHONE
-define:ENABLE_MULTIPLE_DISPLAYS
-define:ENABLE_PHYSICS
-define:ENABLE_SPRITERENDERER_FLIPPING
-define:ENABLE_SPRITES
-define:ENABLE_GRID
-define:ENABLE_TILEMAP
-define:ENABLE_TERRAIN
-define:ENABLE_RAKNET
-define:ENABLE_DIRECTOR
-define:ENABLE_UNET
-define:ENABLE_LZMA
-define:ENABLE_UNITYEVENTS
-define:ENABLE_WEBCAM
-define:ENABLE_WWW
-define:ENABLE_CLOUD_SERVICES_COLLAB
-define:ENABLE_CLOUD_SERVICES_COLLAB_SOFTLOCKS
-define:ENABLE_CLOUD_SERVICES_ADS
-define:ENABLE_CLOUD_HUB
-define:ENABLE_CLOUD_PROJECT_ID
-define:ENABLE_CLOUD_SERVICES_USE_WEBREQUEST
-define:ENABLE_CLOUD_SERVICES_UNET
-define:ENABLE_CLOUD_SERVICES_BUILD
-define:ENABLE_CLOUD_LICENSE
-define:ENABLE_EDITOR_HUB
-define:ENABLE_EDITOR_HUB_LICENSE
-define:ENABLE_WEBSOCKET_CLIENT
-define:ENABLE_DIRECTOR_AUDIO
-define:ENABLE_DIRECTOR_TEXTURE
-define:ENABLE_TIMELINE
-define:ENABLE_EDITOR_METRICS
-define:ENABLE_EDITOR_METRICS_CACHING
-define:ENABLE_NATIVE_ARRAY
-define:ENABLE_SPRITE_MASKING
-define:INCLUDE_DYNAMIC_GI
-define:INCLUDE_GI
-define:ENABLE_MONO_BDWGC
-define:PLATFORM_SUPPORTS_MONO
-define:INCLUDE_PUBNUB
-define:ENABLE_PLAYMODE_TESTS_RUNNER
-define:ENABLE_VIDEO
-define:ENABLE_RMGUI
-define:ENABLE_PACKMAN
-define:ENABLE_CUSTOM_RENDER_TEXTURE
-define:ENABLE_STYLE_SHEETS
-define:ENABLE_LOCALIZATION
-define:PLATFORM_ANDROID
-define:UNITY_ANDROID
-define:UNITY_ANDROID_API
-define:ENABLE_SUBSTANCE
-define:ENABLE_EGL
-define:ENABLE_NETWORK
-define:ENABLE_RUNTIME_GI
-define:ENABLE_CRUNCH_TEXTURE_COMPRESSION
-define:ENABLE_UNITYWEBREQUEST
-define:ENABLE_CLOUD_SERVICES
-define:ENABLE_CLOUD_SERVICES_ANALYTICS
-define:ENABLE_EVENT_QUEUE
-define:ENABLE_CLOUD_SERVICES_PURCHASING
-define:ENABLE_CLOUD_SERVICES_CRASH_REPORTING
-define:ENABLE_CLOUD_SERVICES_NATIVE_CRASH_REPORTING
-define:PLATFORM_SUPPORTS_ADS_ID
-define:UNITY_CAN_SHOW_SPLASH_SCREEN
-define:ENABLE_VR
-define:ENABLE_AR
-define:ENABLE_SPATIALTRACKING
-define:ENABLE_UNITYADS_RUNTIME
-define:UNITY_UNITYADS_API
-define:ENABLE_MONO
-define:NET_2_0_SUBSET
-define:UNITY_HAS_GOOGLEVR
-define:UNITY_HAS_TANGO
Assets/CubeController.cs
Assets/EndGoal.cs
Assets/GyroscopeSceneController.cs
Assets/IceTrailPainter.cs
Assets/scene/LevelManager.cs
Assets/scene/SceneManager.cs
Assets/scene/tutorialImages.cs
Assets/UI/UILevel.cs
-r:"C:\Program Files\Unity\Hub\Editor\2017.4.40f1\Editor\Data\Mono\lib\mono\unity\System.Runtime.Serialization.dll"
-r:"C:\Program Files\Unity\Hub\Editor\2017.4.40f1\Editor\Data\Mono\lib\mono\unity\System.Xml.Linq.dll"
-r:"C:\Program Files\Unity\Hub\Editor\2017.4.40f1\Editor\Data\Mono\lib\mono\unity\UnityScript.dll"
-r:"C:\Program Files\Unity\Hub\Editor\2017.4.40f1\Editor\Data\Mono\lib\mono\unity\UnityScript.Lang.dll"
-r:"C:\Program Files\Unity\Hub\Editor\2017.4.40f1\Editor\Data\Mono\lib\mono\unity\Boo.Lang.dll"
-sdk:unity

-----CompilerOutput:-stdout--exitcode: 0--compilationhadfailure: False--outfile: Temp/Assembly-CSharp.dll
Compilation succeeded - 23 warning(s)
-----CompilerOutput:-stderr----------
Assets/IceTrailPainter.cs(4,1): warning CS0105: The using directive for `UnityEngine' appeared previously in this namespace
Assets/scene/LevelManager.cs(5,1): warning CS0105: The using directive for `System.Collections' appeared previously in this namespace
Assets/scene/SceneManager.cs(4,1): warning CS0105: The using directive for `System.Collections' appeared previously in this namespace
Assets/CubeController.cs(298,14): warning CS0219: The variable `hitWall' is assigned but its value is never used
Assets/EndGoal.cs(164,40): warning CS0618: `UnityEngine.Application.loadedLevelName' is obsolete: `Use SceneManager to determine what scenes have been loaded'
Assets/EndGoal.cs(212,29): warning CS0618: `UnityEngine.Application.LoadLevel(string)' is obsolete: `Use SceneManager.LoadScene'
Assets/EndGoal.cs(220,43): warning CS0618: `UnityEngine.Application.loadedLevelName' is obsolete: `Use SceneManager to determine what scenes have been loaded'
Assets/EndGoal.cs(220,21): warning CS0618: `UnityEngine.Application.LoadLevel(string)' is obsolete: `Use SceneManager.LoadScene'
Assets/EndGoal.cs(231,25): warning CS0618: `UnityEngine.Application.LoadLevel(string)' is obsolete: `Use SceneManager.LoadScene'
Assets/EndGoal.cs(235,25): warning CS0618: `UnityEngine.Application.LoadLevel(string)' is obsolete: `Use SceneManager.LoadScene'
Assets/scene/LevelManager.cs(29,25): warning CS0618: `UnityEngine.Application.LoadLevel(string)' is obsolete: `Use SceneManager.LoadScene'
Assets/scene/LevelManager.cs(49,25): warning CS0618: `UnityEngine.Application.LoadLevel(string)' is obsolete: `Use SceneManager.LoadScene'
Assets/scene/LevelManager.cs(63,21): warning CS0618: `UnityEngine.Application.LoadLevel(string)' is obsolete: `Use SceneManager.LoadScene'
Assets/scene/LevelManager.cs(72,25): warning CS0618: `UnityEngine.Application.LoadLevel(string)' is obsolete: `Use SceneManager.LoadScene'
Assets/scene/LevelManager.cs(76,25): warning CS0618: `UnityEngine.Application.LoadLevel(string)' is obsolete: `Use SceneManager.LoadScene'
Assets/scene/LevelManager.cs(82,21): warning CS0618: `UnityEngine.Application.LoadLevel(string)' is obsolete: `Use SceneManager.LoadScene'
Assets/scene/LevelManager.cs(88,21): warning CS0618: `UnityEngine.Application.LoadLevel(string)' is obsolete: `Use SceneManager.LoadScene'
Assets/scene/SceneManager.cs(11,21): warning CS0618: `UnityEngine.Application.LoadLevel(string)' is obsolete: `Use SceneManager.LoadScene'
Assets/scene/SceneManager.cs(17,21): warning CS0618: `UnityEngine.Application.LoadLevel(int)' is obsolete: `Use SceneManager.LoadScene'
Assets/scene/SceneManager.cs(23,21): warning CS0618: `UnityEngine.Application.LoadLevel(string)' is obsolete: `Use SceneManager.LoadScene'
Assets/scene/SceneManager.cs(29,21): warning CS0618: `UnityEngine.Application.LoadLevel(string)' is obsolete: `Use SceneManager.LoadScene'
Assets/scene/SceneManager.cs(37,25): warning CS0618: `UnityEngine.Application.LoadLevel(string)' is obsolete: `Use SceneManager.LoadScene'
Assets/CubeController.cs(72,21): warning CS0414: The private field `CubeController.lastDebugForce' is assigned but its value is never used
-----EndCompilerOutput---------------
- Finished compile Library/ScriptAssemblies/Assembly-CSharp.dll
Symbols will be read from Temp\Assembly-CSharp.dll.mdb
Script Module: Assembly-CSharp.dll
Pass: 0 took 4 milliseconds
Pass: 1 took 19 milliseconds
Assets/IceTrailPainter.cs(4,1): warning CS0105: The using directive for `UnityEngine' appeared previously in this namespace
 
(Filename: Assets/IceTrailPainter.cs Line: 4)

Assets/scene/LevelManager.cs(5,1): warning CS0105: The using directive for `System.Collections' appeared previously in this namespace
 
(Filename: Assets/scene/LevelManager.cs Line: 5)

Assets/scene/SceneManager.cs(4,1): warning CS0105: The using directive for `System.Collections' appeared previously in this namespace
 
(Filename: Assets/scene/SceneManager.cs Line: 4)

Assets/CubeController.cs(298,14): warning CS0219: The variable `hitWall' is assigned but its value is never used
 
(Filename: Assets/CubeController.cs Line: 298)

Assets/EndGoal.cs(164,40): warning CS0618: `UnityEngine.Application.loadedLevelName' is obsolete: `Use SceneManager to determine what scenes have been loaded'
 
(Filename: Assets/EndGoal.cs Line: 164)

Assets/EndGoal.cs(212,29): warning CS0618: `UnityEngine.Application.LoadLevel(string)' is obsolete: `Use SceneManager.LoadScene'
 
(Filename: Assets/EndGoal.cs Line: 212)

Assets/EndGoal.cs(220,43): warning CS0618: `UnityEngine.Application.loadedLevelName' is obsolete: `Use SceneManager to determine what scenes have been loaded'
 
(Filename: Assets/EndGoal.cs Line: 220)

Assets/EndGoal.cs(220,21): warning CS0618: `UnityEngine.Application.LoadLevel(string)' is obsolete: `Use SceneManager.LoadScene'
 
(Filename: Assets/EndGoal.cs Line: 220)

Assets/EndGoal.cs(231,25): warning CS0618: `UnityEngine.Application.LoadLevel(string)' is obsolete: `Use SceneManager.LoadScene'
 
(Filename: Assets/EndGoal.cs Line: 231)

Assets/EndGoal.cs(235,25): warning CS0618: `UnityEngine.Application.LoadLevel(string)' is obsolete: `Use SceneManager.LoadScene'
 
(Filename: Assets/EndGoal.cs Line: 235)

Assets/scene/LevelManager.cs(29,25): warning CS0618: `UnityEngine.Application.LoadLevel(string)' is obsolete: `Use SceneManager.LoadScene'
 
(Filename: Assets/scene/LevelManager.cs Line: 29)

Assets/scene/LevelManager.cs(49,25): warning CS0618: `UnityEngine.Application.LoadLevel(string)' is obsolete: `Use SceneManager.LoadScene'
 
(Filename: Assets/scene/LevelManager.cs Line: 49)

Assets/scene/LevelManager.cs(63,21): warning CS0618: `UnityEngine.Application.LoadLevel(string)' is obsolete: `Use SceneManager.LoadScene'
 
(Filename: Assets/scene/LevelManager.cs Line: 63)

Assets/scene/LevelManager.cs(72,25): warning CS0618: `UnityEngine.Application.LoadLevel(string)' is obsolete: `Use SceneManager.LoadScene'
 
(Filename: Assets/scene/LevelManager.cs Line: 72)

Assets/scene/LevelManager.cs(76,25): warning CS0618: `UnityEngine.Application.LoadLevel(string)' is obsolete: `Use SceneManager.LoadScene'
 
(Filename: Assets/scene/LevelManager.cs Line: 76)

Assets/scene/LevelManager.cs(82,21): warning CS0618: `UnityEngine.Application.LoadLevel(string)' is obsolete: `Use SceneManager.LoadScene'
 
(Filename: Assets/scene/LevelManager.cs Line: 82)

Assets/scene/LevelManager.cs(88,21): warning CS0618: `UnityEngine.Application.LoadLevel(string)' is obsolete: `Use SceneManager.LoadScene'
 
(Filename: Assets/scene/LevelManager.cs Line: 88)

Assets/scene/SceneManager.cs(11,21): warning CS0618: `UnityEngine.Application.LoadLevel(string)' is obsolete: `Use SceneManager.LoadScene'
 
(Filename: Assets/scene/SceneManager.cs Line: 11)

Assets/scene/SceneManager.cs(17,21): warning CS0618: `UnityEngine.Application.LoadLevel(int)' is obsolete: `Use SceneManager.LoadScene'
 
(Filename: Assets/scene/SceneManager.cs Line: 17)

Assets/scene/SceneManager.cs(23,21): warning CS0618: `UnityEngine.Application.LoadLevel(string)' is obsolete: `Use SceneManager.LoadScene'
 
(Filename: Assets/scene/SceneManager.cs Line: 23)

Assets/scene/SceneManager.cs(29,21): warning CS0618: `UnityEngine.Application.LoadLevel(string)' is obsolete: `Use SceneManager.LoadScene'
 
(Filename: Assets/scene/SceneManager.cs Line: 29)

Assets/scene/SceneManager.cs(37,25): warning CS0618: `UnityEngine.Application.LoadLevel(string)' is obsolete: `Use SceneManager.LoadScene'
 
(Filename: Assets/scene/SceneManager.cs Line: 37)

Assets/CubeController.cs(72,21): warning CS0414: The private field `CubeController.lastDebugForce' is assigned but its value is never used
 
(Filename: Assets/CubeController.cs Line: 72)

Refreshing native plugins compatible for Editor in 0.35 ms, found 4 plugins.

Packing sprites:
[     54 MB ]- Skipping packing - Sprite Packer (Legacy) is off.
[     54 MB ]WARNING: Shader Unsupported: 'Hidden/BlitToDepth' - Pass '' has no vertex shader
WARNING: Shader Unsupported: 'Hidden/BlitToDepth' - Setting to default shader.
WARNING: Shader Unsupported: 'Hidden/BlitToDepth_MSAA' - Pass '' has no vertex shader
WARNING: Shader Unsupported: 'Hidden/BlitToDepth_MSAA' - Setting to default shader.
Opening scene 'Assets/scene/mainscene.unity'
Load scene 'Assets/scene/mainscene.unity' time: 0.014600 ms 
Unloading 22 Unused Serialized files (Serialized files now loaded: 0)
System memory in use before: 55.3 MB.
System memory in use after: 55.4 MB.

Unloading 40 unused Assets to reduce memory usage. Loaded Objects now: 2998.
Total: 12.312200 ms (FindLiveObjects: 0.413300 ms CreateObjectMapping: 0.042100 ms MarkObjects: 10.878600 ms  DeleteObjects: 0.977000 ms)

[00:00:00] Enlighten: Precompute started.
[PathTracer] building lightmap data asset.
[00:00:00] Enlighten: Finished 1 Layout Systems job (0.00s execute, 0.00s integrate, 0.02s wallclock)
[00:00:00] Enlighten: Finished 1 Tetrahedralize Probes job (0.00s execute, 0.00s integrate, 0.02s wallclock)
[00:00:00] Enlighten: Precompute took 0.032597 seconds.
Enlighten scene contents:   0 geometries.   0 instances.   0 systems.   0 probe groups.   0 cube maps. Scene is up-to-date.
WARNING: Shader Unsupported: 'Hidden/BlitToDepth' - Pass '' has no vertex shader
WARNING: Shader Unsupported: 'Hidden/BlitToDepth' - Setting to default shader.
WARNING: Shader Unsupported: 'Hidden/BlitToDepth_MSAA' - Pass '' has no vertex shader
WARNING: Shader Unsupported: 'Hidden/BlitToDepth_MSAA' - Setting to default shader.
Opening scene 'Assets/scene/levelselectorscene.unity'
Load scene 'Assets/scene/levelselectorscene.unity' time: 0.010600 ms 
Unloading 4 Unused Serialized files (Serialized files now loaded: 0)
System memory in use before: 55.4 MB.
System memory in use after: 55.6 MB.

Unloading 9 unused Assets to reduce memory usage. Loaded Objects now: 3034.
Total: 13.115100 ms (FindLiveObjects: 0.387700 ms CreateObjectMapping: 0.030900 ms MarkObjects: 11.603400 ms  DeleteObjects: 1.091900 ms)

[00:00:00] Enlighten: Precompute started.
[PathTracer] building lightmap data asset.
[00:00:00] Enlighten: Finished 1 Layout Systems job (0.00s execute, 0.00s integrate, 0.01s wallclock)
[00:00:00] Enlighten: Finished 1 Tetrahedralize Probes job (0.00s execute, 0.00s integrate, 0.02s wallclock)
[00:00:00] Enlighten: Precompute took 0.031693 seconds.
Enlighten scene contents:   0 geometries.   0 instances.   0 systems.   0 probe groups.   0 cube maps. Scene is up-to-date.
Opening scene 'Assets/scene/firstscenetest.unity'
Load scene 'Assets/scene/firstscenetest.unity' time: 0.009900 ms 
Unloading 1 Unused Serialized files (Serialized files now loaded: 0)
System memory in use before: 55.3 MB.
System memory in use after: 55.5 MB.

Unloading 11 unused Assets to reduce memory usage. Loaded Objects now: 2998.
Total: 10.927400 ms (FindLiveObjects: 0.309000 ms CreateObjectMapping: 0.024300 ms MarkObjects: 10.539100 ms  DeleteObjects: 0.053600 ms)

[00:00:00] Enlighten: Precompute started.
[PathTracer] building lightmap data asset.
[00:00:00] Enlighten: Finished 1 Layout Systems job (0.00s execute, 0.00s integrate, 0.01s wallclock)
[00:00:00] Enlighten: Finished 1 Tetrahedralize Probes job (0.00s execute, 0.00s integrate, 0.03s wallclock)
[00:00:00] Enlighten: Precompute took 0.035131 seconds.
Enlighten scene contents:   0 geometries.   0 instances.   0 systems.   0 probe groups.   0 cube maps. Scene is up-to-date.
[00:00:00] Enlighten: Finished 1 Ambient Probes job (0.01s execute, 0.00s integrate, 0.02s wallclock)
[00:00:00] Enlighten: Finished 1 Reflection Probes job (0.01s execute, 0.00s integrate, 0.01s wallclock)
WARNING: Shader Unsupported: 'Hidden/BlitToDepth' - Pass '' has no vertex shader
WARNING: Shader Unsupported: 'Hidden/BlitToDepth' - Setting to default shader.
WARNING: Shader Unsupported: 'Hidden/BlitToDepth_MSAA' - Pass '' has no vertex shader
WARNING: Shader Unsupported: 'Hidden/BlitToDepth_MSAA' - Setting to default shader.
Opening scene 'Assets/scene/level1.unity'
Load scene 'Assets/scene/level1.unity' time: 0.012100 ms 
Unloading 10 Unused Serialized files (Serialized files now loaded: 0)
System memory in use before: 54.3 MB.
System memory in use after: 54.5 MB.

Unloading 9 unused Assets to reduce memory usage. Loaded Objects now: 3018.
Total: 12.452100 ms (FindLiveObjects: 0.496900 ms CreateObjectMapping: 0.049000 ms MarkObjects: 10.900800 ms  DeleteObjects: 1.003300 ms)

[00:00:00] Enlighten: Precompute started.
[PathTracer] building lightmap data asset.
[00:00:00] Enlighten: Finished 1 Layout Systems job (0.00s execute, 0.00s integrate, 0.01s wallclock)
[00:00:00] Enlighten: Finished 1 Tetrahedralize Probes job (0.00s execute, 0.00s integrate, 0.02s wallclock)
[00:00:00] Enlighten: Precompute took 0.032202 seconds.
Enlighten scene contents:   0 geometries.   0 instances.   0 systems.   0 probe groups.   0 cube maps. Scene is up-to-date.
WARNING: Shader Unsupported: 'Hidden/BlitToDepth' - Pass '' has no vertex shader
WARNING: Shader Unsupported: 'Hidden/BlitToDepth' - Setting to default shader.
WARNING: Shader Unsupported: 'Hidden/BlitToDepth_MSAA' - Pass '' has no vertex shader
WARNING: Shader Unsupported: 'Hidden/BlitToDepth_MSAA' - Setting to default shader.
Opening scene 'Assets/scene/tutorialGuide.unity'
Load scene 'Assets/scene/tutorialGuide.unity' time: 0.010500 ms 
Unloading 9 Unused Serialized files (Serialized files now loaded: 0)
System memory in use before: 55.4 MB.
System memory in use after: 55.6 MB.

Unloading 15 unused Assets to reduce memory usage. Loaded Objects now: 3032.
Total: 13.159500 ms (FindLiveObjects: 0.483900 ms CreateObjectMapping: 0.031200 ms MarkObjects: 11.623800 ms  DeleteObjects: 1.018700 ms)

[00:00:00] Enlighten: Precompute started.
[PathTracer] building lightmap data asset.
[00:00:00] Enlighten: Finished 1 Layout Systems job (0.00s execute, 0.00s integrate, 0.01s wallclock)
[00:00:00] Enlighten: Finished 1 Tetrahedralize Probes job (0.00s execute, 0.00s integrate, 0.02s wallclock)
[00:00:00] Enlighten: Precompute took 0.031181 seconds.
Enlighten scene contents:   0 geometries.   0 instances.   0 systems.   0 probe groups.   0 cube maps. Scene is up-to-date.
[00:00:00] Enlighten: Finished 1 Ambient Probes job (0.00s execute, 0.00s integrate, 0.02s wallclock)
[00:00:00] Enlighten: Finished 1 Reflection Probes job (0.00s execute, 0.00s integrate, 0.02s wallclock)


Mono dependencies included in the build
Dependency assembly - Mono.Security.dll
Dependency assembly - System.Core.dll
Dependency assembly - System.dll
Dependency assembly - mscorlib.dll
Dependency assembly - UnityEngine.UI.dll
Dependency assembly - UnityEngine.Networking.dll
Dependency assembly - UnityEngine.Timeline.dll
Dependency assembly - UnityEngine.SpatialTracking.dll
Dependency assembly - Assembly-CSharp.dll
Dependency assembly - UnityEngine.StandardEvents.dll

Unloading 13 Unused Serialized files (Serialized files now loaded: 0)
System memory in use before: 57.4 MB.
System memory in use after: 57.6 MB.

Unloading 21 unused Assets to reduce memory usage. Loaded Objects now: 2934.
Total: 10.273200 ms (FindLiveObjects: 0.226500 ms CreateObjectMapping: 0.022800 ms MarkObjects: 9.941900 ms  DeleteObjects: 0.081200 ms)

Unloading 1 Unused Serialized files (Serialized files now loaded: 0)
System memory in use before: 56.1 MB.
System memory in use after: 56.4 MB.

Unloading 0 unused Assets to reduce memory usage. Loaded Objects now: 3041.
Total: 10.268600 ms (FindLiveObjects: 0.320100 ms CreateObjectMapping: 0.024100 ms MarkObjects: 9.917200 ms  DeleteObjects: 0.005800 ms)

WARNING: Shader Unsupported: 'Hidden/BlitToDepth' - Pass '' has no vertex shader
WARNING: Shader Unsupported: 'Hidden/BlitToDepth' - Setting to default shader.
WARNING: Shader Unsupported: 'Hidden/BlitToDepth_MSAA' - Pass '' has no vertex shader
WARNING: Shader Unsupported: 'Hidden/BlitToDepth_MSAA' - Setting to default shader.
WARNING: Shader Unsupported: 'VR/SpatialMapping/Wireframe' - Pass '' has no vertex shader
WARNING: Shader Unsupported: 'VR/SpatialMapping/Wireframe' - Setting to default shader.
WARNING: Shader Unsupported: 'Hidden/VR/BlitTexArraySliceToDepth_MSAA' - Pass '' has no vertex shader
WARNING: Shader Unsupported: 'Hidden/VR/BlitTexArraySliceToDepth_MSAA' - Setting to default shader.
WARNING: Shader Unsupported: 'AR/TangoARRender' - Pass '' has no vertex shader
WARNING: Shader Unsupported: 'AR/TangoARRender' - Setting to default shader.
Unloading 1 Unused Serialized files (Serialized files now loaded: 0)
System memory in use before: 102.0 MB.
System memory in use after: 56.6 MB.

Unloading 141 unused Assets to reduce memory usage. Loaded Objects now: 3027.
Total: 33.249600 ms (FindLiveObjects: 0.321900 ms CreateObjectMapping: 0.029400 ms MarkObjects: 9.972800 ms  DeleteObjects: 22.924300 ms)

WARNING: Shader Unsupported: 'Hidden/BlitToDepth' - Pass '' has no vertex shader
WARNING: Shader Unsupported: 'Hidden/BlitToDepth' - Setting to default shader.
WARNING: Shader Unsupported: 'Hidden/BlitToDepth_MSAA' - Pass '' has no vertex shader
WARNING: Shader Unsupported: 'Hidden/BlitToDepth_MSAA' - Setting to default shader.
Launched and connected shader compiler UnityShaderCompiler.exe after 0.03 seconds
Launched and connected shader compiler UnityShaderCompiler.exe after 0.04 seconds
Launched and connected shader compiler UnityShaderCompiler.exe after 0.04 seconds
Launched and connected shader compiler UnityShaderCompiler.exe after 0.03 seconds
Launched and connected shader compiler UnityShaderCompiler.exe after 0.04 seconds
Launched and connected shader compiler UnityShaderCompiler.exe after 0.03 seconds
Launched and connected shader compiler UnityShaderCompiler.exe after 0.04 seconds
